timestamp,date_GMT,status,attendance,home_team_name,away_team_name,referee,Game Week,Pre-Match PPG (Home),Pre-Match PPG (Away),home_ppg,away_ppg,home_team_goal_count,away_team_goal_count,total_goal_count,total_goals_at_half_time,home_team_goal_count_half_time,away_team_goal_count_half_time,home_team_goal_timings,away_team_goal_timings,home_team_corner_count,away_team_corner_count,home_team_yellow_cards,home_team_red_cards,away_team_yellow_cards,away_team_red_cards,home_team_first_half_cards,home_team_second_half_cards,away_team_first_half_cards,away_team_second_half_cards,home_team_shots,away_team_shots,home_team_shots_on_target,away_team_shots_on_target,home_team_shots_off_target,away_team_shots_off_target,home_team_fouls,away_team_fouls,home_team_possession,away_team_possession,Home Team Pre-Match xG,Away Team Pre-Match xG,team_a_xg,team_b_xg,average_goals_per_match_pre_match,btts_percentage_pre_match,over_15_percentage_pre_match,over_25_percentage_pre_match,over_35_percentage_pre_match,over_45_percentage_pre_match,over_15_HT_FHG_percentage_pre_match,over_05_HT_FHG_percentage_pre_match,over_15_2HG_percentage_pre_match,over_05_2HG_percentage_pre_match,average_corners_per_match_pre_match,average_cards_per_match_pre_match,odds_ft_home_team_win,odds_ft_draw,odds_ft_away_team_win,odds_ft_over15,odds_ft_over25,odds_ft_over35,odds_ft_over45,odds_btts_yes,odds_btts_no,stadium_name
1713373200,Apr 17 2024 - 5:00pm,complete,N/A,GrIFK U23,Kirkkonummi,N/A,1,0.00,0.00,1.41,0.64,1,1,2,1,1,0,"29","90'5",7,4,-1,-1,-1,-1,-1,-1,-1,-1,8,8,4,4,4,4,-1,-1,54,46,0.00,0.00,1.34,1.27,0.00,0,0,0,0,0,0,0,0,0,0.00,0.00,1.40,4.50,5.50,0.00,1.44,2.10,0.00,0.00,0.00,Kauniaisten Keskuskenttä
1713460500,Apr 18 2024 - 5:15pm,complete,N/A,Gnistan / Ogeli,MPS,N/A,1,0.00,0.00,1.59,0.95,1,2,3,0,0,0,"","",-1,-1,-1,-1,-1,-1,-1,-1,-1,-1,-1,-1,-1,-1,-1,-1,-1,-1,-1,-1,0.00,0.00,0.00,0.00,0.00,0,0,0,0,0,0,0,0,0,0.00,0.00,1.60,4.75,4.00,0.00,1.17,1.64,2.20,0.00,0.00,Mustapekka Areena
1713460500,Apr 18 2024 - 5:15pm,complete,N/A,HooGee,EIF II,N/A,1,0.00,0.00,1.36,1.73,0,0,0,0,0,0,"","",-1,-1,-1,-1,-1,-1,-1,-1,-1,-1,-1,-1,-1,-1,-1,-1,-1,-1,-1,-1,0.00,0.00,0.00,0.00,0.00,0,0,0,0,0,0,0,0,0,0.00,0.00,1.65,4.75,3.60,0.00,1.17,0.00,2.00,0.00,0.00,N/A
1713460800,Apr 18 2024 - 5:20pm,complete,N/A,PPJ / Ruoholahti,VJS II,N/A,1,0.00,0.00,1.18,1.95,1,2,3,1,0,1,"58","4,88",6,2,-1,-1,-1,-1,-1,-1,-1,-1,12,6,5,4,7,2,-1,-1,62,38,0.00,0.00,1.49,0.95,0.00,0,0,0,0,0,0,0,0,0,0.00,0.00,1.83,4.20,3.10,0.00,1.33,1.57,0.00,0.00,0.00,Kartano tekonurmi
1713538800,Apr 19 2024 - 3:00pm,complete,N/A,NuPS,Kasiysi,N/A,1,0.00,0.00,1.73,0.59,0,0,0,0,0,0,"","",8,2,-1,-1,-1,-1,-1,-1,-1,-1,10,6,3,3,7,3,-1,-1,50,50,0.00,0.00,1.36,0.78,0.00,0,0,0,0,0,0,0,0,0,0.00,0.00,1.17,7.00,11.00,0.00,1.36,1.80,0.00,0.00,0.00,Kuoppanummi Nurmi
1713540600,Apr 19 2024 - 3:30pm,complete,N/A,Kontu,Ponnistus,N/A,1,0.00,0.00,1.73,1.36,1,2,3,0,0,0,"","",7,1,-1,-1,-1,-1,-1,-1,-1,-1,-1,-1,-1,-1,-1,-1,-1,-1,-1,-1,0.00,0.00,0.00,0.00,0.00,0,0,0,0,0,0,0,0,0,0.00,0.00,0.00,0.00,0.00,0.00,0.00,0.00,0.00,0.00,0.00,Talin jalkapallohalli
1713540600,Apr 19 2024 - 3:30pm,complete,N/A,HerTo,PPJ / Lauttasaari,N/A,1,0.00,0.00,0.36,1.18,0,5,5,0,0,0,"","47,58,63,78,88",2,3,-1,-1,-1,-1,-1,-1,-1,-1,3,15,1,9,2,6,-1,-1,50,50,0.00,0.00,0.41,1.94,0.00,0,0,0,0,0,0,0,0,0,0.00,0.00,3.60,4.20,1.67,0.00,1.36,1.57,0.00,0.00,0.00,N/A
1713540600,Apr 19 2024 - 3:30pm,complete,N/A,RiPS,SaPa,N/A,1,0.00,0.00,1.14,0.32,1,0,1,0,0,0,"56","",8,0,-1,-1,-1,-1,-1,-1,-1,-1,21,3,3,3,18,0,-1,-1,50,50,0.00,0.00,1.86,0.49,0.00,0,0,0,0,0,0,0,0,0,0.00,0.00,1.09,10.00,19.00,0.00,1.11,0.00,2.00,0.00,0.00,N/A
1713542400,Apr 19 2024 - 4:00pm,complete,N/A,Ponnistajat,PKKU II,N/A,1,0.00,0.00,1.27,1.64,3,2,5,1,1,0,"12,74,82","55,59",5,1,-1,-1,-1,-1,-1,-1,-1,-1,9,12,6,6,3,6,-1,-1,50,50,0.00,0.00,1.36,1.46,0.00,0,0,0,0,0,0,0,0,0,0.00,0.00,1.44,5.50,4.50,0.00,1.20,0.00,2.05,0.00,0.00,Kartano tekonurmi
1713544200,Apr 19 2024 - 4:30pm,complete,N/A,Kuusysi,Atlantis / PM,N/A,1,0.00,0.00,1.36,1.86,6,0,6,0,0,0,"","",-1,-1,-1,-1,-1,-1,-1,-1,-1,-1,-1,-1,-1,-1,-1,-1,-1,-1,-1,-1,0.00,0.00,0.00,0.00,0.00,0,0,0,0,0,0,0,0,0,0.00,0.00,0.00,0.00,0.00,0.00,0.00,0.00,0.00,0.00,0.00,Lahden Kisapuisto
1713544800,Apr 19 2024 - 4:40pm,complete,N/A,TiPS,HyPS,N/A,1,0.00,0.00,2.00,0.59,1,1,2,0,0,0,"47","77",9,1,-1,-1,-1,-1,-1,-1,-1,-1,17,6,6,3,11,3,-1,-1,50,50,0.00,0.00,2.08,0.74,0.00,0,0,0,0,0,0,0,0,0,0.00,0.00,1.14,8.00,12.00,0.00,1.17,0.00,1.95,0.00,0.00,Tikkurila urheilupuisto nurmi
1713546900,Apr 19 2024 - 5:15pm,complete,N/A,Finnkurd,LPS,N/A,1,0.00,0.00,1.73,1.91,2,6,8,0,0,0,"","",-1,-1,-1,-1,-1,-1,-1,-1,-1,-1,-1,-1,-1,-1,-1,-1,-1,-1,-1,-1,0.00,0.00,0.00,0.00,0.00,0,0,0,0,0,0,0,0,0,0.00,0.00,0.00,0.00,0.00,0.00,0.00,0.00,0.00,0.00,0.00,Kartano tekonurmi
1713607200,Apr 20 2024 - 10:00am,complete,N/A,Loviisa,Valtti,N/A,1,0.00,0.00,0.09,2.09,0,5,5,0,0,0,"","",-1,-1,-1,-1,-1,-1,-1,-1,-1,-1,-1,-1,-1,-1,-1,-1,-1,-1,-1,-1,0.00,0.00,0.00,0.00,0.00,0,0,0,0,0,0,0,0,0,0.00,0.00,21.00,12.00,1.07,1.02,1.17,0.00,2.20,0.00,0.00,N/A
1713614400,Apr 20 2024 - 12:00pm,complete,N/A,TuPS,PuiU Helsinki,N/A,1,0.00,0.00,2.00,2.41,0,3,3,2,0,2,"","30,42,82",4,0,-1,-1,-1,-1,-1,-1,-1,-1,9,4,5,3,4,1,-1,-1,50,50,0.00,0.00,1.19,0.61,0.00,0,0,0,0,0,0,0,0,0,0.00,0.00,2.50,3.80,2.25,0.00,1.36,1.80,0.00,0.00,0.00,N/A
1713614400,Apr 20 2024 - 12:00pm,complete,N/A,FC Espoo,ToTe,N/A,1,0.00,0.00,1.14,2.05,1,2,3,3,1,2,"17","16,19",2,8,-1,-1,-1,-1,-1,-1,-1,-1,1,3,1,3,0,0,-1,-1,50,50,0.00,0.00,0.32,0.86,0.00,0,0,0,0,0,0,0,0,0,0.00,0.00,5.00,5.00,1.40,0.00,1.40,2.00,0.00,0.00,0.00,N/A
1713616200,Apr 20 2024 - 12:30pm,complete,N/A,HIFK,HPS,N/A,1,0.00,0.00,0.59,2.36,0,3,3,0,0,0,"","",1,3,-1,-1,-1,-1,-1,-1,-1,-1,2,8,0,3,2,5,-1,-1,50,50,0.00,0.00,0.18,0.88,0.00,0,0,0,0,0,0,0,0,0,0.00,0.00,3.60,4.75,1.60,0.00,1.25,1.67,0.00,0.00,0.00,Väinämöisen kenttä
1713690000,Apr 21 2024 - 9:00am,complete,N/A,EPS II,EsPa,N/A,1,0.00,0.00,1.32,2.09,5,4,9,5,3,2,"15,41,44,48,80","11,33,52,55",5,6,-1,-1,-1,-1,-1,-1,-1,-1,18,14,9,7,9,7,-1,-1,50,50,0.00,0.00,2.15,1.81,0.00,0,0,0,0,0,0,0,0,0,0.00,0.00,3.50,4.33,1.67,0.00,1.44,2.10,0.00,0.00,0.00,Espoonlahden tekonurmi 2
1713715200,Apr 21 2024 - 4:00pm,complete,N/A,Töölön Taisto,MPS Atletico Malmi,N/A,1,0.00,0.00,1.55,2.14,0,2,2,0,0,0,"","73,81",4,11,-1,-1,-1,-1,-1,-1,-1,-1,4,6,0,3,4,3,-1,-1,50,50,0.00,0.00,0.72,1.27,0.00,0,0,0,0,0,0,0,0,0,0.00,0.00,3.40,3.80,1.80,0.00,1.40,1.88,0.00,0.00,0.00,N/A
1713974400,Apr 24 2024 - 4:00pm,complete,N/A,EIF II,PPJ / Ruoholahti,N/A,2,1.00,0.00,1.73,1.18,3,1,4,0,0,0,"","",-1,-1,-1,-1,-1,-1,-1,-1,-1,-1,-1,-1,-1,-1,-1,-1,-1,-1,-1,-1,0.00,1.49,0.00,0.00,1.50,50,50,50,0,0,0,50,50,50,6.00,-2.00,0.00,0.00,0.00,0.00,0.00,0.00,0.00,0.00,0.00,N/A
1714065300,Apr 25 2024 - 5:15pm,complete,N/A,Atlantis / PM,TiPS,N/A,2,0.00,1.00,1.86,2.00,5,2,7,0,0,0,"","",-1,-1,-1,-1,-1,-1,-1,-1,-1,-1,-1,-1,-1,-1,-1,-1,-1,-1,-1,-1,0.00,2.08,0.00,0.00,4.00,50,100,50,50,50,0,0,50,50,9.00,-2.00,0.00,0.00,0.00,0.00,0.00,0.00,0.00,0.00,0.00,Kartano tekonurmi
1714065600,Apr 25 2024 - 5:20pm,complete,N/A,PPJ / Lauttasaari,Kontu,N/A,2,3.00,0.00,1.18,1.73,1,4,5,0,0,0,"","",-1,-1,-1,-1,-1,-1,-1,-1,-1,-1,-1,-1,-1,-1,-1,-1,-1,-1,-1,-1,1.94,0.00,0.00,0.00,4.00,50,100,100,50,50,0,0,50,50,10.00,-2.00,0.00,0.00,0.00,0.00,0.00,0.00,0.00,0.00,0.00,Kartano tekonurmi
1714065600,Apr 25 2024 - 5:20pm,complete,N/A,Töölön Taisto,HIFK,N/A,2,0.00,0.00,1.55,0.59,1,0,1,1,1,0,"45","",10,3,-1,-1,-1,-1,-1,-1,-1,-1,14,7,5,3,9,4,-1,-1,60,40,0.72,0.18,1.65,0.81,2.50,0,100,50,0,0,0,0,50,50,5.00,-2.00,1.45,4.50,5.25,0.00,1.40,1.91,0.00,0.00,0.00,N/A
1714147200,Apr 26 2024 - 4:00pm,complete,N/A,HPS,Finnkurd,N/A,2,3.00,0.00,2.36,1.73,3,1,4,1,1,0,"25,73,86","75",5,3,3,0,3,1,2,1,1,3,9,12,4,4,5,8,-1,-1,50,50,0.88,0.00,1.12,1.39,5.50,50,100,100,50,50,0,0,0,0,3.00,-2.00,1.10,9.50,15.00,0.00,1.14,0.00,1.75,0.00,0.00,N/A
1714147200,Apr 26 2024 - 4:00pm,complete,N/A,MPS,Kuusysi,N/A,2,3.00,3.00,0.95,1.36,2,2,4,0,0,0,"","",-1,-1,-1,-1,-1,-1,-1,-1,-1,-1,-1,-1,-1,-1,-1,-1,-1,-1,-1,-1,0.00,0.00,0.00,0.00,4.50,50,100,100,50,50,0,0,0,0,0.00,-2.00,4.50,5.50,1.40,0.00,1.14,0.00,1.91,0.00,0.00,N/A
1714148100,Apr 26 2024 - 4:15pm,complete,N/A,PuiU Helsinki,Ponnistajat,N/A,2,3.00,3.00,2.41,1.27,2,1,3,1,1,0,"5,90'1","63",1,4,-1,-1,-1,-1,-1,-1,-1,-1,8,17,4,6,4,11,-1,-1,50,50,0.61,1.36,1.09,1.82,4.00,50,100,100,50,50,50,100,50,100,5.00,-2.00,1.53,4.33,4.33,0.00,1.33,1.80,0.00,0.00,0.00,Puistolan liikuntapuisto
1714149000,Apr 26 2024 - 4:30pm,complete,N/A,Valtti,HerTo,N/A,2,3.00,0.00,2.09,0.36,5,0,5,2,2,0,"1,5,70,71,85","",9,2,-1,-1,-1,-1,-1,-1,-1,-1,15,4,7,2,8,2,-1,-1,50,50,0.00,0.41,2.05,0.53,5.00,0,100,100,100,100,0,0,50,50,2.00,-2.00,1.02,21.00,41.00,0.00,1.07,0.00,0.00,0.00,0.00,N/A
1714151100,Apr 26 2024 - 5:05pm,complete,N/A,Kasiysi,HooGee,N/A,2,1.00,1.00,0.59,1.36,0,5,5,2,0,2,"","5,37,71,74,88",0,8,-1,-1,-1,-1,-1,-1,-1,-1,3,21,0,13,3,8,-1,-1,50,50,0.78,0.00,0.45,2.60,0.00,0,0,0,0,0,0,0,0,0,2.00,-2.00,3.25,4.33,1.73,0.00,1.25,1.57,2.15,0.00,0.00,N/A
1714151700,Apr 26 2024 - 5:15pm,complete,N/A,SaPa,TuPS,N/A,2,0.00,0.00,0.32,2.00,0,3,3,0,0,0,"","54,58,66",0,13,-1,-1,-1,-1,-1,-1,-1,-1,2,24,1,14,1,10,-1,-1,50,50,0.49,1.19,0.28,3.09,2.00,0,50,50,0,0,50,50,0,100,4.00,-2.00,5.50,5.50,1.33,0.00,1.17,0.00,2.00,0.00,0.00,N/A
1714151700,Apr 26 2024 - 5:15pm,complete,N/A,EsPa,GrIFK U23,N/A,2,0.00,1.00,2.09,1.41,0,0,0,0,0,0,"","",-1,-1,-1,-1,-1,-1,-1,-1,-1,-1,-1,-1,-1,-1,-1,-1,-1,-1,-1,-1,1.81,1.34,0.00,0.00,5.50,100,100,50,50,50,50,100,50,100,13.00,-2.00,1.80,4.00,3.25,0.00,1.40,1.91,0.00,0.00,0.00,Matinkylän urheilupuisto
1714215600,Apr 27 2024 - 11:00am,complete,N/A,Ponnistus,Loviisa,N/A,2,3.00,0.00,1.36,0.09,8,1,9,0,0,0,"","",-1,-1,-1,-1,-1,-1,-1,-1,-1,-1,-1,-1,-1,-1,-1,-1,-1,-1,-1,-1,0.00,0.00,0.00,0.00,4.00,50,100,100,50,50,0,0,0,0,1.00,-2.00,0.00,0.00,0.00,0.00,0.00,0.00,0.00,0.00,0.00,N/A
1714219200,Apr 27 2024 - 12:00pm,complete,N/A,HyPS,Gnistan / Ogeli,N/A,2,1.00,0.00,0.59,1.59,1,2,3,1,0,1,"74","45,48",6,2,-1,-1,-1,-1,-1,-1,-1,-1,9,11,2,3,7,8,-1,-1,50,50,0.74,0.00,0.99,1.31,2.50,100,100,50,0,0,0,0,50,50,1.00,-2.00,1.91,4.00,2.90,0.00,1.33,0.00,0.00,0.00,0.00,Hyvinkää UP Nurmi
1714224600,Apr 27 2024 - 1:30pm,complete,N/A,ToTe,EPS II,N/A,2,3.00,3.00,2.05,1.32,4,1,5,0,0,0,"","",-1,-1,-1,-1,-1,-1,-1,-1,-1,-1,-1,-1,-1,-1,-1,-1,-1,-1,-1,-1,0.86,2.15,0.00,0.00,6.00,100,100,100,50,50,100,100,50,50,13.00,-2.00,0.00,0.00,0.00,0.00,0.00,0.00,0.00,0.00,0.00,N/A
1714228200,Apr 27 2024 - 2:30pm,complete,N/A,PKKU II,RiPS,N/A,2,0.00,3.00,1.64,1.14,1,1,2,0,0,0,"","",5,6,-1,-1,-1,-1,-1,-1,-1,-1,-1,-1,-1,-1,-1,-1,-1,-1,-1,-1,1.46,1.86,0.00,0.00,3.00,50,50,50,50,50,0,50,50,100,9.00,-2.00,0.00,0.00,0.00,0.00,0.00,0.00,0.00,0.00,0.00,N/A
1714294800,Apr 28 2024 - 9:00am,complete,N/A,VJS II,NuPS,N/A,2,3.00,1.00,1.95,1.73,0,2,2,2,0,2,"","27,32",5,3,-1,-1,-1,-1,-1,-1,-1,-1,10,8,4,6,6,2,-1,-1,50,50,0.95,1.36,1.14,1.30,1.50,50,50,50,0,0,0,50,50,50,10.00,-2.00,3.75,4.20,1.62,0.00,1.40,2.05,0.00,0.00,0.00,Myyrmäen jalkapallostadion
1714309200,Apr 28 2024 - 1:00pm,complete,N/A,LPS,MPS Atletico Malmi,N/A,2,3.00,3.00,1.91,2.14,0,0,0,0,0,0,"","",5,2,-1,-1,-1,-1,-1,-1,-1,-1,4,17,3,8,1,9,-1,-1,50,50,0.00,1.27,1.07,2.22,5.00,50,100,50,50,50,0,0,50,50,11.00,-2.00,3.25,4.00,1.80,0.00,1.36,0.00,0.00,0.00,0.00,N/A
1714669200,May 02 2024 - 5:00pm,complete,N/A,Kirkkonummi,EIF II,N/A,3,1.00,2.00,0.64,1.73,1,5,6,2,0,2,"83","45'1,24,52,71,89",4,8,-1,-1,-1,-1,-1,-1,-1,-1,7,15,3,8,4,7,-1,-1,41,59,1.27,0.00,0.89,1.91,2.00,75,75,25,25,0,0,50,0,50,4.00,-2.00,2.70,4.00,2.05,0.00,1.40,1.91,0.00,0.00,0.00,N/A
1714670100,May 02 2024 - 5:15pm,complete,N/A,Atlantis / PM,PKKU II,N/A,3,1.50,0.50,1.86,1.64,3,0,3,2,2,0,"18,4,65","",10,1,-1,-1,-1,-1,-1,-1,-1,-1,31,7,11,2,20,5,-1,-1,50,50,0.00,1.46,3.37,0.83,5.00,75,100,75,75,75,0,25,25,25,3.00,-2.00,1.36,5.00,6.00,0.00,1.22,0.00,2.25,0.00,0.00,Kartano tekonurmi
1714670100,May 02 2024 - 5:15pm,complete,N/A,Ponnistajat,RiPS,N/A,3,1.50,2.00,1.27,1.14,1,1,2,1,1,0,"4","80",5,3,-1,-1,-1,-1,-1,-1,-1,-1,6,10,3,8,3,2,-1,-1,52,48,1.59,1.86,1.24,1.75,2.75,75,75,50,25,25,0,50,50,75,11.50,-2.00,2.25,4.00,2.45,0.00,1.44,1.95,0.00,0.00,0.00,N/A
1714670100,May 02 2024 - 5:15pm,complete,N/A,HooGee,PPJ / Ruoholahti,N/A,3,2.00,0.00,1.36,1.18,3,2,5,3,2,1,"33,10,57","20,76",1,2,-1,-1,-1,-1,-1,-1,-1,-1,15,7,7,4,8,3,-1,-1,50,50,2.60,1.49,1.67,1.12,3.00,50,75,75,50,25,25,50,50,50,14.00,-2.00,2.10,3.40,2.80,0.00,1.30,1.65,2.10,0.00,0.00,N/A
1714670400,May 02 2024 - 5:20pm,complete,N/A,PPJ / Lauttasaari,LPS,N/A,3,1.50,2.00,1.18,1.91,1,4,5,1,0,1,"67","40,78,86,90'3",3,8,-1,-1,-1,-1,-1,-1,-1,-1,12,22,6,12,6,10,-1,-1,50,50,1.94,1.07,1.52,2.69,4.50,50,75,75,75,75,0,0,25,25,8.00,-2.00,3.75,5.00,1.55,0.00,1.20,1.57,0.00,0.00,0.00,N/A
1714748400,May 03 2024 - 3:00pm,complete,N/A,NuPS,GrIFK U23,N/A,3,2.00,1.00,1.73,1.41,2,2,4,0,0,0,"","",-1,-1,-1,-1,-1,-1,-1,-1,-1,-1,-1,-1,-1,-1,-1,-1,-1,-1,-1,-1,1.33,1.34,0.00,0.00,1.00,25,50,0,0,0,25,50,0,25,12.50,-2.00,0.00,0.00,0.00,0.00,0.00,0.00,0.00,0.00,0.00,Kuoppanummi Nurmi
1714752000,May 03 2024 - 4:00pm,complete,N/A,HPS,Ponnistus,N/A,3,3.00,3.00,2.36,1.36,5,2,7,0,0,0,"","",-1,-1,-1,-1,-1,-1,-1,-1,-1,-1,-1,-1,-1,-1,-1,-1,-1,-1,-1,-1,1.00,0.00,0.00,0.00,4.75,75,100,100,50,25,0,25,25,25,5.00,0.00,1.13,9.00,13.00,0.00,1.10,1.68,0.00,0.00,0.00,N/A
1714752900,May 03 2024 - 4:15pm,complete,N/A,Finnkurd,Loviisa,N/A,3,0.00,0.00,1.73,0.09,4,1,5,0,0,0,"","",-1,-1,-1,-1,-1,-1,-1,-1,-1,-1,-1,-1,-1,-1,-1,-1,-1,-1,-1,-1,1.39,0.00,0.00,0.00,6.50,75,100,100,100,75,0,25,25,25,3.00,1.00,0.00,0.00,0.00,0.00,0.00,0.00,0.00,0.00,0.00,Pallomylly-halli
1714753800,May 03 2024 - 4:30pm,complete,N/A,Valtti,Töölön Taisto,N/A,3,3.00,1.50,2.09,1.55,3,0,3,1,1,0,"20,60,90'3","",12,8,-1,-1,-1,-1,-1,-1,-1,-1,20,8,8,3,12,5,-1,-1,50,50,2.05,1.19,2.25,1.04,3.25,0,75,50,50,50,25,50,50,50,16.00,-2.00,1.45,4.50,4.50,0.00,1.30,1.73,0.00,0.00,0.00,N/A
1714754400,May 03 2024 - 4:40pm,complete,N/A,TiPS,Gnistan / Ogeli,N/A,3,0.50,1.50,2.00,1.59,1,2,3,0,0,0,"","",-1,-1,-1,-1,-1,-1,-1,-1,-1,-1,-1,-1,-1,-1,-1,-1,-1,-1,-1,-1,2.08,1.31,0.00,0.00,3.75,100,100,75,25,25,0,25,50,50,11.00,-2.00,0.00,0.00,0.00,0.00,0.00,0.00,0.00,0.00,0.00,Tikkurila urheilupuisto nurmi
1714756500,May 03 2024 - 5:15pm,complete,N/A,HerTo,Kontu,N/A,3,0.00,1.50,0.36,1.73,0,5,5,0,0,0,"","",-1,-1,-1,-1,-1,-1,-1,-1,-1,-1,-1,-1,-1,-1,-1,-1,-1,-1,-1,-1,0.47,0.00,0.00,0.00,4.50,50,100,100,75,75,25,25,50,50,9.00,-2.00,0.00,0.00,0.00,0.00,0.00,0.00,0.00,0.00,0.00,N/A
1714813200,May 04 2024 - 9:00am,complete,N/A,VJS II,EsPa,N/A,3,1.50,0.50,1.95,2.09,1,0,1,0,0,0,"69","",4,6,-1,-1,-1,-1,-1,-1,-1,-1,6,18,3,11,3,7,-1,-1,50,50,1.05,1.81,0.91,2.57,3.50,50,75,50,25,25,50,75,50,50,9.50,-2.00,3.60,3.75,1.75,0.00,1.33,1.73,0.00,0.00,0.00,Myyrmäen jalkapallostadion
1714821300,May 04 2024 - 11:15am,complete,N/A,SaPa,MPS,N/A,3,0.00,2.00,0.32,0.95,1,1,2,0,0,0,"","",-1,-1,-1,-1,-1,-1,-1,-1,-1,-1,-1,-1,-1,-1,-1,-1,-1,-1,-1,-1,0.39,0.00,0.00,0.00,2.75,50,75,75,25,0,0,0,25,50,0.00,-2.00,0.00,0.00,0.00,0.00,0.00,0.00,0.00,0.00,0.00,N/A
1714824000,May 04 2024 - 12:00pm,complete,N/A,TuPS,Kuusysi,N/A,3,1.50,2.00,2.00,1.36,4,0,4,1,1,0,"32,47,55,71","",10,0,-1,-1,-1,-1,-1,-1,-1,-1,20,5,13,2,7,3,-1,-1,50,50,2.14,0.00,2.66,0.63,4.00,25,100,100,50,25,25,25,25,50,8.50,-2.00,1.29,5.25,6.50,0.00,1.20,1.68,2.00,0.00,0.00,N/A
1714824000,May 04 2024 - 12:00pm,complete,N/A,FC Espoo,EPS II,N/A,3,0.00,1.50,1.14,1.32,0,0,0,0,0,0,"","",6,6,-1,-1,-1,-1,-1,-1,-1,-1,3,12,2,4,1,8,-1,-1,50,50,0.32,2.15,0.66,1.62,5.00,100,100,100,50,50,75,75,25,25,7.00,-2.00,2.88,4.20,1.91,0.00,1.29,1.67,0.00,0.00,0.00,N/A
1714825800,May 04 2024 - 12:30pm,complete,N/A,HIFK,MPS Atletico Malmi,N/A,3,0.00,2.00,0.59,2.14,0,2,2,0,0,0,"","",-1,-1,-1,-1,-1,-1,-1,-1,-1,-1,-1,-1,-1,-1,-1,-1,-1,-1,-1,-1,0.49,1.75,0.00,0.00,1.50,0,50,25,0,0,0,25,25,25,8.50,-2.00,0.00,0.00,0.00,0.00,0.00,0.00,0.00,0.00,0.00,Väinämöisen kenttä
1714830300,May 04 2024 - 1:45pm,complete,N/A,ToTe,Kasiysi,N/A,3,3.00,0.50,2.05,0.59,3,0,3,0,0,0,"51,46,81","",5,0,-1,-1,-1,-1,-1,-1,-1,-1,23,2,11,1,12,1,-1,-1,50,50,0.86,0.61,2.78,0.34,3.25,50,75,75,50,50,50,50,25,25,9.00,-2.00,1.10,9.00,17.00,0.00,1.25,1.65,0.00,0.00,0.00,N/A
1714838400,May 04 2024 - 4:00pm,complete,N/A,HyPS,PuiU Helsinki,N/A,3,0.50,3.00,0.59,2.41,0,2,2,2,0,2,"","24,40",4,7,-1,-1,-1,-1,-1,-1,-1,-1,4,10,1,3,3,7,-1,-1,50,50,0.87,0.85,0.48,1.16,2.75,75,100,75,0,0,25,75,75,100,4.00,-2.00,5.25,5.75,1.33,0.00,1.30,1.58,0.00,0.00,0.00,Hyvinkää UP Nurmi
1715187600,May 08 2024 - 5:00pm,complete,N/A,GrIFK U23,HooGee,N/A,4,1.00,2.33,1.41,1.36,0,1,1,1,0,1,"","30",13,1,-1,-1,-1,-1,-1,-1,-1,-1,12,12,4,4,8,8,-1,-1,50,50,1.34,2.13,1.67,1.28,2.67,50,67,50,50,34,34,50,34,50,11.50,-2.00,2.25,4.20,2.40,0.00,1.30,1.73,0.00,0.00,0.00,Kauniaisten Keskuskenttä
1715248800,May 09 2024 - 10:00am,complete,N/A,Kontu,Finnkurd,N/A,4,2.00,1.00,1.73,1.73,2,5,7,3,1,2,"40,77","3,33,50,74,87",5,3,-1,-1,-1,-1,-1,-1,-1,-1,16,13,11,9,5,4,-1,-1,50,50,0.00,1.39,2.50,1.90,5.00,84,100,100,84,67,0,17,17,17,10.00,0.00,1.09,11.00,15.00,0.00,1.10,0.00,0.00,0.00,0.00,Talin jalkapallohalli
1715274900,May 09 2024 - 5:15pm,complete,N/A,Gnistan / Ogeli,TuPS,N/A,4,2.00,2.00,1.59,2.00,1,3,4,1,1,0,"33","69,71,76",3,6,-1,-1,-1,-1,-1,-1,-1,-1,10,15,2,7,8,8,-1,-1,50,50,1.31,2.31,1.21,2.17,3.17,50,100,100,17,0,17,50,50,67,11.00,-2.00,4.50,4.20,1.53,0.00,1.33,1.73,0.00,0.00,0.00,N/A
1715274900,May 09 2024 - 5:15pm,complete,N/A,EIF II,VJS II,N/A,4,2.33,2.00,1.73,1.95,2,3,5,0,0,0,"","",-1,-1,-1,-1,-1,-1,-1,-1,-1,-1,-1,-1,-1,-1,-1,-1,-1,-1,-1,-1,1.91,1.00,0.00,0.00,2.67,50,67,50,34,17,33,50,33,50,11.67,-2.00,0.00,0.00,0.00,0.00,0.00,0.00,0.00,0.00,0.00,N/A
1715356800,May 10 2024 - 4:00pm,complete,N/A,MPS,HyPS,N/A,4,1.67,0.33,0.95,0.59,2,1,3,0,0,0,"","",-1,-1,-1,-1,-1,-1,-1,-1,-1,-1,-1,-1,-1,-1,-1,-1,-1,-1,-1,-1,0.00,0.74,0.00,0.00,2.67,84,100,50,17,0,17,34,34,34,3.67,-2.00,1.29,5.50,7.00,0.00,1.20,0.00,2.10,0.00,0.00,N/A
1715357700,May 10 2024 - 4:15pm,complete,N/A,Ponnistus,PPJ / Lauttasaari,N/A,4,2.00,1.00,1.36,1.18,3,0,3,1,1,0,"33,47,90'1","",9,2,-1,-1,-1,-1,-1,-1,-1,-1,13,12,6,2,7,10,-1,-1,50,50,0.00,1.73,1.71,1.44,5.67,84,100,100,84,84,0,17,34,34,4.00,-2.00,3.20,4.00,1.80,0.00,1.20,0.00,0.00,0.00,0.00,N/A
1715361300,May 10 2024 - 5:15pm,complete,N/A,PPJ / Ruoholahti,FC Espoo,N/A,4,0.00,0.50,1.18,1.14,1,1,2,1,1,0,"44","86",9,4,-1,-1,-1,-1,-1,-1,-1,-1,13,9,5,6,8,3,-1,-1,50,50,1.31,0.49,1.70,1.35,2.75,75,75,75,34,17,42,59,34,34,8.00,-2.00,1.91,4.20,2.75,0.00,1.40,1.96,0.00,0.00,0.00,N/A
1715361300,May 10 2024 - 5:15pm,complete,N/A,Kasiysi,Kirkkonummi,N/A,4,0.33,0.50,0.59,0.64,1,4,5,2,0,2,"62","31,43,88,70",4,1,-1,-1,-1,-1,-1,-1,-1,-1,7,10,4,7,3,3,-1,-1,50,50,0.52,1.08,1.14,1.36,3.34,50,84,59,42,42,42,67,59,84,4.67,-2.00,4.75,4.75,1.44,0.00,1.44,2.05,0.00,0.00,0.00,N/A
1715361300,May 10 2024 - 5:15pm,complete,N/A,EsPa,ToTe,N/A,4,0.33,3.00,2.09,2.05,5,0,5,1,1,0,"4,63,48,59,90'3","",5,7,-1,-1,-1,-1,-1,-1,-1,-1,16,4,14,1,2,3,-1,-1,42,58,2.19,1.82,2.33,0.58,3.50,50,67,67,33,33,33,33,33,50,12.50,-2.00,2.55,4.20,2.10,0.00,1.40,1.95,0.00,0.00,0.00,Matinkylän urheilupuisto
1715421600,May 11 2024 - 10:00am,complete,N/A,Loviisa,MPS Atletico Malmi,N/A,4,0.00,2.33,0.09,2.14,0,9,9,0,0,0,"","",-1,-1,-1,-1,-1,-1,-1,-1,-1,-1,-1,-1,-1,-1,-1,-1,-1,-1,-1,-1,0.00,1.75,0.00,0.00,3.83,34,84,50,50,50,0,0,17,17,6.50,-2.00,41.00,21.00,1.02,1.02,1.07,0.00,0.00,0.00,0.00,N/A
1715425200,May 11 2024 - 11:00am,complete,N/A,PKKU II,SaPa,N/A,4,0.33,0.33,1.64,0.32,11,0,11,7,7,0,"33,9,22,28,6,16,25,90'1,50,60,86","",8,1,-1,-1,-1,-1,-1,-1,-1,-1,25,1,18,1,7,0,-1,-1,50,50,1.14,0.39,3.27,0.20,2.67,50,84,50,17,17,17,34,33,67,2.33,-2.00,1.50,5.00,4.00,0.00,1.33,0.00,0.00,0.00,0.00,N/A
1715428800,May 11 2024 - 12:00pm,complete,N/A,RiPS,TiPS,N/A,4,1.67,0.33,1.14,2.00,1,6,7,1,0,1,"61","50,32,46,56,64,87",5,5,-1,-1,-1,-1,-1,-1,-1,-1,8,13,3,8,5,5,-1,-1,50,50,1.80,2.08,0.98,1.80,2.84,84,84,34,17,17,0,17,17,50,14.67,-2.00,1.70,4.00,3.60,0.00,1.44,2.00,0.00,0.00,0.00,N/A
1715430600,May 11 2024 - 12:30pm,complete,N/A,HIFK,HerTo,N/A,4,0.00,0.00,0.59,0.36,1,0,1,0,0,0,"","",-1,-1,-1,-1,-1,-1,-1,-1,-1,-1,-1,-1,-1,-1,-1,-1,-1,-1,-1,-1,0.49,0.47,0.00,0.00,3.50,0,84,67,50,50,17,33,34,34,4.00,-2.00,0.00,0.00,0.00,0.00,0.00,0.00,0.00,0.00,0.00,Väinämöisen kenttä
1715437800,May 11 2024 - 2:30pm,complete,N/A,EPS II,NuPS,N/A,4,1.33,1.67,1.32,1.73,2,2,4,2,1,1,"24,73","27,89",3,2,-1,-1,-1,-1,-1,-1,-1,-1,6,10,3,8,3,2,-1,-1,50,50,1.89,1.33,0.84,1.56,3.34,50,67,50,50,34,33,33,17,17,11.00,-2.00,3.50,4.00,1.73,0.00,1.44,0.00,0.00,0.00,0.00,Espoonlahden tekonurmi 2
1715513400,May 12 2024 - 11:30am,complete,N/A,LPS,Valtti,N/A,4,2.33,3.00,1.91,2.09,2,1,3,1,1,0,"8,72","76",5,8,-1,-1,-1,-1,-1,-1,-1,-1,9,14,7,7,2,7,-1,-1,50,50,1.88,2.15,1.42,1.78,4.33,34,84,84,67,67,17,50,50,50,17.00,-2.00,2.38,3.80,2.30,0.00,1.25,0.00,2.23,0.00,0.00,N/A
1715620500,May 13 2024 - 5:15pm,complete,N/A,HPS,Töölön Taisto,N/A,15,3.00,1.00,2.36,1.55,1,0,1,1,1,0,"7","",6,6,-1,-1,-1,-1,-1,-1,-1,-1,22,6,8,0,14,6,-1,-1,50,50,1.00,1.14,2.41,0.76,3.34,34,84,67,34,17,0,50,50,50,11.33,-0.67,1.20,6.50,10.00,0.00,1.25,1.77,0.00,0.00,0.00,N/A
1715788800,May 15 2024 - 4:00pm,complete,N/A,EIF II,NuPS,N/A,5,1.75,1.50,1.73,1.73,2,1,3,0,0,0,"","",-1,-1,-1,-1,-1,-1,-1,-1,-1,-1,-1,-1,-1,-1,-1,-1,-1,-1,-1,-1,1.91,1.41,0.00,0.00,3.13,63,75,63,63,25,38,38,25,25,12.33,-2.00,1.40,4.33,5.50,0.00,1.36,0.00,0.00,0.00,0.00,N/A
1715790600,May 15 2024 - 4:30pm,complete,N/A,Kirkkonummi,EPS II,N/A,5,1.33,1.25,0.64,1.32,0,3,3,2,0,2,"","71,12,44",3,5,-1,-1,-1,-1,-1,-1,-1,-1,3,20,1,14,2,6,-1,-1,33,67,1.17,1.54,0.50,2.63,4.42,88,88,71,71,59,59,75,59,75,7.67,-2.00,3.00,4.20,1.85,0.00,1.33,1.75,0.00,0.00,0.00,N/A
1715792400,May 15 2024 - 5:00pm,complete,N/A,GrIFK U23,Kasiysi,N/A,5,0.75,0.25,1.41,0.59,0,0,0,0,0,0,"","",10,1,-1,-1,-1,-1,-1,-1,-1,-1,17,2,10,0,7,2,-1,-1,70,30,1.50,0.67,2.88,0.38,2.50,38,63,50,38,25,25,50,38,50,11.50,-2.00,1.13,8.00,13.00,0.00,1.25,1.57,2.20,0.00,0.00,Kauniaisten Keskuskenttä
1715878800,May 16 2024 - 5:00pm,complete,N/A,Ponnistajat,TiPS,N/A,5,1.33,1.00,1.27,2.00,1,2,3,2,0,2,"82","16,38",6,6,-1,-1,-1,-1,-1,-1,-1,-1,13,19,7,9,6,10,-1,-1,51,49,1.47,1.94,1.66,2.19,4.04,100,100,71,42,42,0,63,59,75,11.67,-2.00,3.25,3.70,1.90,0.00,1.40,1.85,0.00,0.00,0.00,N/A
1715879700,May 16 2024 - 5:15pm,complete,N/A,Töölön Taisto,Finnkurd,N/A,5,0.75,1.50,1.55,1.73,4,4,8,0,0,0,"","",-1,-1,-1,-1,-1,-1,-1,-1,-1,-1,-1,-1,-1,-1,-1,-1,-1,-1,-1,-1,1.04,1.64,0.00,0.00,3.88,50,75,63,50,38,13,63,50,50,10.00,-0.50,6.50,5.50,1.29,1.02,1.13,0.00,0.00,0.00,0.00,N/A
1715879700,May 16 2024 - 5:15pm,complete,N/A,Gnistan / Ogeli,Kuusysi,N/A,5,1.50,1.33,1.59,1.36,1,2,3,1,0,1,"46","26,65",5,10,-1,-1,-1,-1,-1,-1,-1,-1,9,9,3,4,6,5,-1,-1,50,50,1.26,0.63,1.24,1.46,3.96,67,100,100,63,17,0,42,42,42,2.50,-2.00,2.35,3.80,2.40,0.00,1.50,2.10,0.00,0.00,0.00,N/A
1715879700,May 16 2024 - 5:15pm,complete,N/A,HooGee,EsPa,N/A,5,2.50,1.00,1.36,2.09,2,3,5,1,0,1,"77,90","24,59,87",4,7,-1,-1,-1,-1,-1,-1,-1,-1,17,16,7,7,10,9,-1,-1,39,61,1.85,2.24,1.78,1.85,3.25,25,50,50,50,50,38,63,50,63,9.00,-2.00,4.00,4.50,1.65,0.00,1.25,1.58,2.10,0.00,0.00,N/A
1715880000,May 16 2024 - 5:20pm,complete,N/A,PPJ / Lauttasaari,HIFK,N/A,5,0.75,0.75,1.18,0.59,0,0,0,0,0,0,"","",7,2,-1,-1,-1,-1,-1,-1,-1,-1,18,6,6,2,12,4,-1,-1,50,50,1.63,0.49,1.98,0.90,3.13,25,75,63,38,38,0,38,38,38,4.67,-2.00,2.20,3.80,2.55,0.00,1.50,0.00,0.00,0.00,0.00,N/A
1715958000,May 17 2024 - 3:00pm,complete,N/A,SaPa,HyPS,N/A,5,0.25,0.25,0.32,0.59,4,0,4,2,2,0,"17,4,50,69","",6,4,-1,-1,-1,-1,-1,-1,-1,-1,16,5,11,1,5,4,-1,-1,50,50,0.32,0.74,2.22,0.89,3.38,50,88,50,13,13,25,38,50,63,4.00,-2.00,5.25,5.00,1.40,0.00,1.30,1.75,0.00,0.00,0.00,N/A
1715959800,May 17 2024 - 3:30pm,complete,N/A,RiPS,MPS,N/A,5,1.25,2.00,1.14,0.95,2,1,3,0,0,0,"","",-1,-1,-1,-1,-1,-1,-1,-1,-1,-1,-1,-1,-1,-1,-1,-1,-1,-1,-1,-1,1.53,0.00,0.00,0.00,3.00,88,88,50,25,13,0,25,13,38,5.50,-2.00,1.62,4.50,3.60,0.00,1.29,2.00,0.00,0.00,0.00,N/A
1715962500,May 17 2024 - 4:15pm,complete,N/A,PuiU Helsinki,PKKU II,N/A,5,3.00,1.00,2.41,1.64,2,1,3,1,0,1,"48,81","4",2,2,-1,-1,-1,-1,-1,-1,-1,-1,13,9,4,5,9,4,-1,-1,50,50,0.95,1.85,1.41,1.31,3.96,42,100,71,25,25,59,88,42,71,6.42,-2.00,1.50,5.00,4.20,0.00,1.33,1.73,2.50,0.00,0.00,Puistolan liikuntapuisto
1715963400,May 17 2024 - 4:30pm,complete,N/A,Valtti,Kontu,N/A,5,2.25,1.50,2.09,1.73,4,0,4,0,0,0,"","",-1,-1,-1,-1,-1,-1,-1,-1,-1,-1,-1,-1,-1,-1,-1,-1,-1,-1,-1,-1,2.03,2.50,0.00,0.00,4.50,50,100,100,63,63,25,50,50,50,15.67,-2.00,0.00,0.00,0.00,0.00,0.00,0.00,0.00,0.00,0.00,N/A
1715966100,May 17 2024 - 5:15pm,complete,N/A,HerTo,HPS,N/A,5,0.00,3.00,0.36,2.36,0,6,6,0,0,0,"","",-1,-1,-1,-1,-1,-1,-1,-1,-1,-1,-1,-1,-1,-1,-1,-1,-1,-1,-1,-1,0.47,1.47,0.00,0.00,3.88,25,75,75,63,50,13,38,38,38,6.67,-1.00,0.00,0.00,0.00,0.00,0.00,0.00,0.00,0.00,0.00,N/A
1716030900,May 18 2024 - 11:15am,complete,N/A,Ponnistus,MPS Atletico Malmi,N/A,5,2.25,2.50,1.36,2.14,0,4,4,0,0,0,"","",3,5,-1,-1,-1,-1,-1,-1,-1,-1,4,10,2,10,2,0,-1,-1,50,50,1.71,1.75,0.66,1.69,4.38,38,88,63,38,38,0,13,25,25,11.50,-2.00,15.00,6.50,1.13,0.00,1.20,0.00,0.00,0.00,0.00,N/A
1716030900,May 18 2024 - 11:15am,complete,N/A,ToTe,PPJ / Ruoholahti,N/A,5,2.25,0.25,2.05,1.18,2,0,2,2,2,0,"17,2","",5,5,-1,-1,-1,-1,-1,-1,-1,-1,14,12,4,6,10,6,-1,-1,50,50,1.41,1.44,1.53,1.54,3.75,75,100,88,50,38,25,63,50,63,12.34,-2.00,1.45,4.50,4.75,0.00,1.36,1.88,0.00,0.00,0.00,N/A
1716033600,May 18 2024 - 12:00pm,complete,N/A,FC Espoo,VJS II,N/A,5,0.67,2.25,1.14,1.95,4,1,5,1,1,0,"12,71,79,90'2","59",12,4,-1,-1,-1,-1,-1,-1,-1,-1,17,8,11,6,6,2,-1,-1,50,50,0.77,1.00,2.26,1.16,2.21,59,71,42,13,13,29,59,13,42,7.67,-2.00,3.60,4.20,1.65,0.00,1.50,2.22,0.00,0.00,0.00,N/A
1716049800,May 18 2024 - 4:30pm,complete,N/A,TuPS,Atlantis / PM,N/A,5,2.25,2.00,2.00,1.86,0,1,1,1,0,1,"","8",2,0,-1,-1,-1,-1,-1,-1,-1,-1,11,9,3,5,8,4,-1,-1,50,50,2.28,3.37,1.30,1.14,4.42,29,100,100,59,34,29,54,38,67,18.25,-2.00,3.10,4.20,1.83,0.00,1.25,1.62,0.00,0.00,0.00,N/A
1716112800,May 19 2024 - 10:00am,complete,N/A,Loviisa,LPS,N/A,5,0.00,2.50,0.09,1.91,0,2,2,0,0,0,"","",-1,-1,-1,-1,-1,-1,-1,-1,-1,-1,-1,-1,-1,-1,-1,-1,-1,-1,-1,-1,0.00,1.73,0.00,0.00,5.50,63,88,88,75,75,0,25,25,25,6.00,-2.00,0.00,0.00,0.00,0.00,0.00,0.00,0.00,0.00,0.00,N/A
1716309000,May 21 2024 - 4:30pm,complete,N/A,Kuusysi,Ponnistajat,N/A,4,1.75,1.00,1.36,1.27,2,2,4,0,0,0,"","",-1,-1,-1,-1,-1,-1,-1,-1,-1,-1,-1,-1,-1,-1,-1,-1,-1,-1,-1,-1,1.05,1.52,0.00,0.00,3.75,75,100,88,50,25,13,75,50,75,10.00,-2.00,0.00,0.00,0.00,0.00,0.00,0.00,0.00,0.00,0.00,Lahden Kisapuisto
1716484500,May 23 2024 - 5:15pm,complete,N/A,Atlantis / PM,Gnistan / Ogeli,N/A,6,2.25,1.20,1.86,1.59,4,0,4,1,1,0,"90'3,40,57,72","",6,6,-1,-1,-1,-1,-1,-1,-1,-1,22,8,10,4,12,4,-1,-1,50,50,2.25,1.25,2.75,1.32,3.73,63,88,88,35,25,13,55,30,43,8.33,-2.00,1.20,7.00,9.00,0.00,1.13,0.00,0.00,0.00,0.00,N/A
1716484500,May 23 2024 - 5:15pm,complete,N/A,HooGee,FC Espoo,N/A,6,2.00,1.25,1.36,1.14,2,2,4,1,0,1,"52,67","12,50",5,5,-1,-1,-1,-1,-1,-1,-1,-1,5,11,2,3,3,8,-1,-1,49,51,1.83,1.15,0.70,1.17,2.85,58,68,55,43,43,33,78,43,55,9.50,-2.00,2.15,4.50,2.35,0.00,1.25,1.57,2.27,0.00,0.00,N/A
1716484800,May 23 2024 - 5:20pm,complete,N/A,PPJ / Ruoholahti,EsPa,N/A,6,0.20,1.40,1.18,2.09,1,2,3,0,0,0,"49","80,89",1,6,-1,-1,-1,-1,-1,-1,-1,-1,15,10,8,4,7,6,-1,-1,50,50,1.46,2.14,1.88,1.29,3.60,60,80,60,50,40,30,70,50,70,11.50,-2.00,7.00,4.75,1.33,0.00,1.33,1.74,0.00,0.00,0.00,N/A
1716562800,May 24 2024 - 3:00pm,complete,N/A,NuPS,Kirkkonummi,N/A,6,1.20,1.00,1.73,0.64,4,0,4,1,1,0,"29,57,70,78","",4,2,-1,-1,-1,-1,-1,-1,-1,-1,17,8,7,3,10,5,-1,-1,50,50,1.41,1.00,2.07,1.01,3.30,68,90,68,45,25,58,70,35,60,7.33,-2.00,1.18,7.00,9.50,0.00,1.25,1.63,0.00,0.00,0.00,Kuoppanummi Nurmi
1716566400,May 24 2024 - 4:00pm,complete,N/A,HPS,PPJ / Lauttasaari,N/A,6,3.00,0.80,2.36,1.18,5,0,5,1,1,0,"28,55,58,72,79","",7,1,-1,-1,-1,-1,-1,-1,-1,-1,16,9,9,2,7,7,-1,-1,50,50,1.47,1.72,2.12,0.90,3.90,40,80,80,60,50,0,40,40,40,8.42,-1.20,1.07,12.00,21.00,0.00,1.20,0.00,2.00,0.00,0.00,N/A
1716566400,May 24 2024 - 4:00pm,complete,N/A,TiPS,SaPa,N/A,6,1.40,0.80,2.00,0.32,4,0,4,0,0,0,"63,77,84,83","",6,2,-1,-1,-1,-1,-1,-1,-1,-1,25,4,12,2,13,2,-1,-1,71,29,2.02,0.80,2.64,0.48,4.30,60,90,70,40,30,30,40,50,70,8.42,-2.00,1.05,15.00,23.00,0.00,1.10,0.00,1.95,0.00,0.00,Tikkurila urheilupuisto nurmi
1716567300,May 24 2024 - 4:15pm,complete,N/A,Finnkurd,Valtti,N/A,6,1.40,2.40,1.73,2.09,1,3,4,0,0,0,"","",-1,-1,-1,-1,-1,-1,-1,-1,-1,-1,-1,-1,-1,-1,-1,-1,-1,-1,-1,-1,1.64,2.03,0.00,0.00,5.20,60,100,100,80,60,20,50,50,50,12.67,-0.80,2.75,4.50,1.85,0.00,1.08,0.00,0.00,0.00,0.00,Pallomylly-halli
1716567300,May 24 2024 - 4:15pm,complete,N/A,Kontu,Loviisa,N/A,6,1.20,0.00,1.73,0.09,10,1,11,5,4,1,"7,17,9,26,52,81,67,71,80,90'1","10",8,1,-1,-1,-1,-1,-1,-1,-1,-1,29,2,18,2,11,0,-1,-1,62,38,2.50,0.00,3.93,0.48,5.40,50,100,90,80,70,10,10,10,10,6.00,-2.00,1.06,15.00,23.00,0.00,1.08,0.00,0.00,0.00,0.00,N/A
1716568200,May 24 2024 - 4:30pm,complete,N/A,Kuusysi,PuiU Helsinki,N/A,6,1.60,3.00,1.36,2.41,1,5,6,0,0,0,"","",-1,-1,-1,-1,-1,-1,-1,-1,-1,-1,-1,-1,-1,-1,-1,-1,-1,-1,-1,-1,1.05,1.07,0.00,0.00,3.48,55,100,88,40,10,25,70,45,58,7.50,-2.00,0.00,0.00,0.00,0.00,0.00,0.00,0.00,0.00,0.00,Lahden Kisapuisto
1716570900,May 24 2024 - 5:15pm,complete,N/A,Kasiysi,EIF II,N/A,6,0.40,2.00,0.59,1.73,1,2,3,0,0,0,"","",0,13,-1,-1,-1,-1,-1,-1,-1,-1,2,17,1,10,1,7,-1,-1,33,67,0.62,1.91,0.34,2.17,3.10,50,70,70,50,40,30,30,40,40,9.40,-2.00,9.50,8.50,1.14,0.00,1.22,1.60,0.00,0.00,0.00,N/A
1716571800,May 24 2024 - 5:30pm,complete,N/A,VJS II,ToTe,N/A,6,1.80,2.40,1.95,2.05,1,4,5,2,0,2,"89","73,84,17,25",1,0,-1,-1,-1,-1,-1,-1,-1,-1,9,14,4,4,5,10,-1,-1,50,50,1.04,1.44,1.00,1.35,3.40,50,90,70,40,40,30,60,40,50,10.00,-2.00,4.50,4.33,1.55,0.00,1.44,2.05,0.00,0.00,0.00,N/A
1716638400,May 25 2024 - 12:00pm,complete,N/A,LPS,Töölön Taisto,N/A,6,2.60,0.80,1.91,1.55,1,6,7,4,1,3,"2","36,9,38,58,79,84",5,6,-1,-1,-1,-1,-1,-1,-1,-1,16,18,4,10,12,8,-1,-1,50,50,1.73,1.04,1.80,2.16,3.30,40,70,50,30,30,0,50,40,40,13.00,-2.00,1.50,5.00,4.10,0.00,1.30,1.68,0.00,0.00,0.00,N/A
1716638400,May 25 2024 - 12:00pm,complete,N/A,MPS Atletico Malmi,HerTo,N/A,6,2.60,0.00,2.14,0.36,9,1,10,0,0,0,"","",-1,-1,-1,-1,-1,-1,-1,-1,-1,-1,-1,-1,-1,-1,-1,-1,-1,-1,-1,-1,1.73,0.47,0.00,0.00,3.90,0,80,60,60,50,10,10,30,30,8.00,-2.00,0.00,0.00,0.00,0.00,0.00,0.00,0.00,0.00,0.00,N/A
1716640200,May 25 2024 - 12:30pm,complete,N/A,Ponnistajat,MPS,N/A,6,1.00,1.60,1.27,0.95,1,0,1,1,1,0,"6","",3,4,-1,-1,-1,-1,-1,-1,-1,-1,1,0,1,0,0,0,-1,-1,50,50,1.52,0.00,0.35,0.24,3.20,100,100,80,30,10,10,40,20,40,5.00,-2.00,2.50,4.10,2.10,0.00,1.29,1.67,0.00,0.00,0.00,N/A
1716642000,May 25 2024 - 1:00pm,complete,N/A,HIFK,Ponnistus,N/A,6,0.80,1.80,0.59,1.36,0,0,0,0,0,0,"","",-1,-1,-1,-1,-1,-1,-1,-1,-1,-1,-1,-1,-1,-1,-1,-1,-1,-1,-1,-1,0.63,1.18,0.00,0.00,3.30,30,70,60,30,20,0,20,10,10,6.33,-2.00,0.00,0.00,0.00,0.00,0.00,0.00,0.00,0.00,0.00,Väinämöisen kenttä
1716645600,May 25 2024 - 2:00pm,complete,N/A,EPS II,GrIFK U23,N/A,6,1.60,0.80,1.32,1.41,3,0,3,0,0,0,"","",3,6,-1,-1,-1,-1,-1,-1,-1,-1,16,16,7,5,9,11,-1,-1,50,50,1.81,1.96,1.88,1.81,2.80,50,60,50,40,20,30,50,20,40,14.75,-2.00,2.15,3.60,2.60,0.00,1.57,2.25,0.00,0.00,0.00,N/A
1716721200,May 26 2024 - 11:00am,complete,N/A,PKKU II,TuPS,N/A,6,0.80,1.80,1.64,2.00,1,2,3,1,0,1,"67","42,90'2",1,5,-1,-1,-1,-1,-1,-1,-1,-1,3,9,1,5,2,4,-1,-1,50,50,1.72,2.08,0.41,1.47,3.90,40,90,80,40,20,30,80,60,80,10.40,-2.00,5.50,5.00,1.40,0.00,1.29,1.65,0.00,0.00,0.00,N/A
1716724800,May 26 2024 - 12:00pm,complete,N/A,HyPS,RiPS,N/A,6,0.20,1.60,0.59,1.14,2,3,5,0,0,0,"84,71","68,47,75",0,3,-1,-1,-1,-1,-1,-1,-1,-1,12,15,4,8,8,7,-1,-1,50,50,0.78,1.53,1.34,1.92,2.90,70,90,50,20,10,20,50,40,60,9.25,-2.00,4.50,3.75,1.57,0.00,1.53,2.20,0.00,0.00,0.00,Hyvinkää UP Nurmi
1716996600,May 29 2024 - 3:30pm,complete,N/A,Kirkkonummi,VJS II,N/A,7,0.80,1.50,0.64,1.95,1,2,3,0,0,0,"50","48,90'2",6,4,-1,-1,-1,-1,-1,-1,-1,-1,11,18,4,5,7,13,-1,-1,50,50,1.00,1.03,1.38,2.06,3.75,64,92,74,55,45,47,84,55,84,6.00,-2.00,5.75,5.00,1.36,0.00,1.25,1.69,2.20,0.00,0.00,N/A
1716998400,May 29 2024 - 4:00pm,complete,N/A,EIF II,EPS II,N/A,7,2.17,1.83,1.73,1.32,2,0,2,0,0,0,"","",-1,-1,-1,-1,-1,-1,-1,-1,-1,-1,-1,-1,-1,-1,-1,-1,-1,-1,-1,-1,2.04,1.83,0.00,0.00,3.75,67,83,83,50,33,34,34,25,34,14.90,-2.00,0.00,0.00,0.00,0.00,0.00,0.00,0.00,0.00,0.00,N/A
1717002000,May 29 2024 - 5:00pm,complete,N/A,GrIFK U23,PPJ / Ruoholahti,N/A,7,0.67,0.17,1.41,1.18,0,1,1,0,0,0,"","59",3,4,-1,-1,-1,-1,-1,-1,-1,-1,4,13,1,6,3,7,-1,-1,50,50,1.92,1.55,0.81,1.82,2.42,58,75,50,25,9,17,50,25,42,13.60,-2.00,1.80,4.00,3.30,0.00,1.44,2.02,0.00,0.00,0.00,Kauniaisten Keskuskenttä
1717083000,May 30 2024 - 3:30pm,complete,N/A,Loviisa,HIFK,N/A,7,0.00,0.83,0.09,0.59,0,5,5,0,0,0,"","",-1,-1,-1,-1,-1,-1,-1,-1,-1,-1,-1,-1,-1,-1,-1,-1,-1,-1,-1,-1,0.48,0.63,0.00,0.00,4.00,25,67,50,42,42,9,17,9,9,3.00,-2.00,0.00,0.00,0.00,0.00,0.00,0.00,0.00,0.00,0.00,N/A
1717085700,May 30 2024 - 4:15pm,complete,N/A,Atlantis / PM,SaPa,N/A,7,2.40,0.67,1.86,0.32,6,2,8,3,3,0,"14,44,45'1,49,56,85","67,87",8,1,-1,-1,-1,-1,-1,-1,-1,-1,14,4,11,2,3,2,-1,-1,50,50,2.42,0.73,2.18,0.60,4.19,19,82,74,55,29,27,47,44,62,7.13,-2.00,1.04,17.00,34.00,0.00,1.07,0.00,0.00,0.00,0.00,Pukinmäki liikuntapuisto
1717086000,May 30 2024 - 4:20pm,complete,N/A,HerTo,Finnkurd,N/A,7,0.00,1.17,0.36,1.73,0,6,6,0,0,0,"","",-1,-1,-1,-1,-1,-1,-1,-1,-1,-1,-1,-1,-1,-1,-1,-1,-1,-1,-1,-1,0.47,1.64,0.00,0.00,5.67,59,92,92,92,75,17,25,33,33,5.00,-1.00,41.00,15.00,1.02,0.00,1.07,1.29,0.00,0.00,0.00,N/A
1717089600,May 30 2024 - 5:20pm,complete,N/A,PPJ / Lauttasaari,MPS Atletico Malmi,N/A,7,0.67,2.67,1.18,2.14,1,3,4,2,1,1,"32","49,90'3,37",6,5,-1,-1,-1,-1,-1,-1,-1,-1,10,14,3,6,7,8,-1,-1,50,50,1.56,1.73,1.22,1.70,4.17,25,83,67,59,50,0,25,42,42,9.20,-2.00,29.00,13.00,1.05,0.00,1.14,0.00,1.91,0.00,0.00,Kartano tekonurmi
1717089600,May 30 2024 - 5:20pm,complete,N/A,Töölön Taisto,Kontu,N/A,7,1.17,1.50,1.55,1.73,1,5,6,1,0,1,"81","77,74,85,46,33",5,2,-1,-1,-1,-1,-1,-1,-1,-1,12,18,7,10,5,8,-1,-1,50,50,1.27,3.22,1.63,2.15,4.75,50,84,75,58,50,25,50,42,42,13.47,-2.00,3.50,4.20,1.70,0.00,1.22,1.60,2.20,0.00,0.00,N/A
1717171200,May 31 2024 - 4:00pm,complete,N/A,MPS,PuiU Helsinki,N/A,7,1.33,3.00,0.95,2.41,0,1,1,1,0,1,"","45'5",6,7,-1,-1,-1,-1,-1,-1,-1,-1,9,12,8,6,1,6,-1,-1,50,50,0.24,1.07,1.67,1.76,3.04,72,92,74,19,10,20,49,20,30,6.50,-2.00,4.50,5.25,1.45,0.00,1.44,2.10,0.00,0.00,0.00,N/A
1717171200,May 31 2024 - 4:00pm,complete,N/A,TiPS,TuPS,N/A,7,1.67,2.00,2.00,2.00,1,1,2,0,0,0,"53","75",6,4,-1,-1,-1,-1,-1,-1,-1,-1,1,1,1,1,0,0,-1,-1,50,50,2.18,1.98,0.39,0.34,3.67,58,92,83,42,17,17,58,59,75,13.17,-2.00,2.50,4.33,2.10,0.00,1.33,1.75,0.00,0.00,0.00,N/A
1717173000,May 31 2024 - 4:30pm,complete,N/A,Valtti,HPS,N/A,7,2.50,3.00,2.09,2.36,1,1,2,0,0,0,"51","78",2,10,-1,-1,-1,-1,-1,-1,-1,-1,9,15,4,5,5,10,-1,-1,50,50,2.03,1.63,1.14,1.94,4.17,33,92,92,67,42,9,50,42,42,14.92,-1.33,2.45,3.75,2.35,0.00,1.53,2.25,0.00,0.00,0.00,N/A
1717173000,May 31 2024 - 4:30pm,complete,N/A,Kuusysi,RiPS,N/A,7,1.33,1.83,1.36,1.14,3,0,3,0,0,0,"","",-1,-1,-1,-1,-1,-1,-1,-1,-1,-1,-1,-1,-1,-1,-1,-1,-1,-1,-1,-1,1.05,1.63,0.00,0.00,3.92,75,92,75,58,33,0,33,33,50,10.00,-2.00,0.00,0.00,0.00,0.00,0.00,0.00,0.00,0.00,0.00,Kisapuisto
1717174800,May 31 2024 - 5:00pm,complete,N/A,Gnistan / Ogeli,PKKU II,N/A,7,1.00,0.67,1.59,1.64,1,1,2,2,1,1,"2","14",6,8,-1,-1,-1,-1,-1,-1,-1,-1,8,7,3,1,5,6,-1,-1,50,50,1.27,1.46,0.96,0.93,3.92,75,100,92,33,17,17,75,67,75,7.00,-2.00,1.95,4.10,2.88,0.00,1.25,1.62,2.20,0.00,0.00,N/A
1717174800,May 31 2024 - 5:00pm,complete,N/A,FC Espoo,NuPS,N/A,7,1.20,1.50,1.14,1.73,2,0,2,0,0,0,"53,73","",0,8,-1,-1,-1,-1,-1,-1,-1,-1,7,14,5,5,2,9,-1,-1,41,59,1.15,1.57,0.94,1.58,2.82,65,82,64,45,10,27,65,37,47,10.05,-2.00,3.25,4.10,1.80,0.00,1.50,2.20,0.00,0.00,0.00,N/A
1717175700,May 31 2024 - 5:15pm,complete,N/A,EsPa,Kasiysi,N/A,7,1.67,0.33,2.09,0.59,3,1,4,0,0,0,"50,63,79","62",5,4,-1,-1,-1,-1,-1,-1,-1,-1,14,8,7,6,7,2,-1,-1,50,50,1.97,0.57,1.96,1.16,3.25,42,67,67,42,42,25,42,59,67,7.17,-2.00,1.13,9.00,13.00,0.00,1.20,0.00,2.20,0.00,0.00,Matinkylän urheilupuisto
1717240500,Jun 01 2024 - 11:15am,complete,N/A,Ponnistus,LPS,N/A,7,1.67,2.17,1.36,1.91,1,5,6,0,0,0,"","",-1,-1,-1,-1,-1,-1,-1,-1,-1,-1,-1,-1,-1,-1,-1,-1,-1,-1,-1,-1,1.18,1.75,0.00,0.00,4.25,59,83,75,50,42,9,34,34,34,10.08,-2.00,5.50,4.75,1.38,0.00,1.17,0.00,1.85,0.00,0.00,N/A
1717246800,Jun 01 2024 - 1:00pm,complete,N/A,ToTe,HooGee,N/A,7,2.50,1.83,2.05,1.36,2,0,2,0,0,0,"52,49","",10,5,-1,-1,-1,-1,-1,-1,-1,-1,12,8,6,1,6,7,-1,-1,60,40,1.42,1.61,1.73,0.82,3.58,50,84,75,59,50,42,75,59,59,8.80,-2.00,1.83,4.20,3.00,0.00,1.33,1.76,0.00,0.00,0.00,N/A
1717521900,Jun 04 2024 - 5:25pm,complete,N/A,LPS,HIFK,N/A,10,2.29,1.14,1.91,0.59,2,0,2,1,1,0,"14,48","",5,4,-1,-1,-1,-1,-1,-1,-1,-1,24,8,10,3,14,5,-1,-1,64,36,1.75,0.63,3.02,1.09,3.07,36,65,50,36,36,7,29,22,22,7.75,-2.00,1.28,5.68,6.51,0.00,0.00,1.65,0.00,0.00,0.00,Hertta Areena
1717687800,Jun 06 2024 - 3:30pm,complete,N/A,TuPS,Ponnistajat,N/A,8,1.86,1.33,2.00,1.27,3,0,3,0,0,0,"","",-1,-1,-1,-1,-1,-1,-1,-1,-1,-1,-1,-1,-1,-1,-1,-1,-1,-1,-1,-1,1.75,1.28,0.00,0.00,2.93,63,85,69,31,9,16,77,52,77,10.89,-2.00,1.50,4.33,4.50,0.00,1.36,1.85,0.00,0.00,0.00,N/A
1717694100,Jun 06 2024 - 5:15pm,complete,N/A,Gnistan / Ogeli,RiPS,N/A,8,1.00,1.57,1.59,1.14,2,1,3,2,2,0,"10,45","72",1,11,-1,-1,-1,-1,-1,-1,-1,-1,15,5,5,4,10,1,-1,-1,38,62,1.21,1.63,1.79,1.23,3.22,79,93,72,29,15,7,50,43,57,9.40,-2.00,2.15,3.75,2.70,0.00,1.36,1.91,0.00,0.00,0.00,N/A
1717694400,Jun 06 2024 - 5:20pm,complete,N/A,PPJ / Lauttasaari,Töölön Taisto,N/A,8,0.57,1.00,1.18,1.55,1,0,1,0,0,0,"66","",3,4,-1,-1,-1,-1,-1,-1,-1,-1,7,6,2,1,5,5,-1,-1,50,50,1.50,1.33,0.96,0.87,3.93,43,79,72,57,50,14,64,64,64,10.17,-2.00,3.80,4.20,1.62,0.00,1.25,1.63,0.00,0.00,0.00,N/A
1717772400,Jun 07 2024 - 3:00pm,complete,N/A,NuPS,HooGee,N/A,8,1.29,1.57,1.73,1.36,4,1,5,0,0,0,"","",-1,-1,-1,-1,-1,-1,-1,-1,-1,-1,-1,-1,-1,-1,-1,-1,-1,-1,-1,-1,1.57,1.48,0.00,0.00,2.93,43,79,57,50,22,29,57,57,57,9.00,-2.00,0.00,0.00,0.00,0.00,0.00,0.00,0.00,0.00,0.00,Kuoppanummi Nurmi
1717773300,Jun 07 2024 - 3:15pm,complete,N/A,Finnkurd,MPS Atletico Malmi,N/A,8,1.43,2.71,1.73,2.14,5,0,5,0,0,0,"","",-1,-1,-1,-1,-1,-1,-1,-1,-1,-1,-1,-1,-1,-1,-1,-1,-1,-1,-1,-1,1.64,1.72,0.00,0.00,5.22,58,93,79,79,50,14,22,29,29,8.75,-1.14,0.00,0.00,0.00,0.00,0.00,0.00,0.00,0.00,0.00,Kartano tekonurmi
1717774200,Jun 07 2024 - 3:30pm,complete,N/A,TiPS,Kuusysi,N/A,8,1.57,1.57,2.00,1.36,3,1,4,2,1,1,"36,48,90'5","16",9,1,-1,-1,-1,-1,-1,-1,-1,-1,11,6,4,3,7,3,-1,-1,50,50,1.82,1.05,1.27,0.68,4.15,72,100,86,57,29,7,29,43,50,11.40,-2.00,1.09,10.00,17.00,0.00,1.10,0.00,0.00,0.00,0.00,N/A
1717776000,Jun 07 2024 - 4:00pm,complete,N/A,HPS,LPS,N/A,8,2.71,2.38,2.36,1.91,6,0,6,0,0,0,"","",-1,-1,-1,-1,-1,-1,-1,-1,-1,-1,-1,-1,-1,-1,-1,-1,-1,-1,-1,-1,1.69,2.00,0.00,0.00,4.07,53,87,67,54,47,7,47,41,47,11.80,-1.43,1.36,4.75,6.25,0.00,1.25,1.65,0.00,0.00,0.00,N/A
1717776000,Jun 07 2024 - 4:00pm,complete,N/A,MPS,Atlantis / PM,N/A,8,1.14,2.50,0.95,1.86,0,3,3,2,0,2,"","20,40,82",3,5,-1,-1,-1,-1,-1,-1,-1,-1,0,3,0,3,0,0,-1,-1,50,50,0.96,2.36,0.26,0.77,3.63,52,77,70,41,25,17,48,17,25,11.00,-2.00,6.50,4.75,1.33,0.00,1.25,1.68,2.18,0.00,0.00,N/A
1717779600,Jun 07 2024 - 5:00pm,complete,N/A,FC Espoo,GrIFK U23,N/A,8,1.50,0.57,1.14,1.41,3,1,4,1,1,0,"4,79,54","64",3,4,-1,-1,-1,-1,-1,-1,-1,-1,13,9,5,4,8,5,-1,-1,50,50,1.12,1.70,1.44,1.26,2.12,48,63,40,24,9,9,48,25,48,12.63,-2.00,1.42,4.50,5.00,0.00,1.50,2.10,0.00,0.00,0.00,N/A
1717780500,Jun 07 2024 - 5:15pm,complete,N/A,HerTo,Loviisa,N/A,8,0.00,0.00,0.36,0.09,0,0,0,0,0,0,"","",13,6,-1,-1,-1,-1,-1,-1,-1,-1,11,6,5,2,6,4,-1,-1,50,50,0.47,0.48,1.45,0.80,6.00,29,93,86,86,86,14,14,22,22,3.00,-2.00,2.10,3.80,2.55,0.00,1.22,0.00,2.10,0.00,0.00,N/A
1717780500,Jun 07 2024 - 5:15pm,complete,N/A,SaPa,PuiU Helsinki,N/A,8,0.57,3.00,0.32,2.41,1,4,5,2,0,2,"89","25,41,66,60",0,5,-1,-1,-1,-1,-1,-1,-1,-1,11,10,4,5,7,5,-1,-1,50,50,0.71,1.21,1.04,1.11,3.86,40,85,69,37,23,38,63,52,68,5.07,-2.00,21.00,13.00,1.07,0.00,1.17,0.00,1.95,0.00,0.00,N/A
1717780500,Jun 07 2024 - 5:15pm,complete,N/A,EsPa,Kirkkonummi,N/A,8,1.86,0.67,2.09,0.64,2,0,2,2,2,0,"19,43","",8,3,-1,-1,-1,-1,-1,-1,-1,-1,22,6,10,3,12,3,-1,-1,50,50,1.97,1.07,2.58,0.78,3.85,62,86,77,54,38,32,63,69,93,9.16,-2.00,1.17,7.00,10.00,0.00,1.17,0.00,1.94,0.00,0.00,Matinkylän urheilupuisto
1717837200,Jun 08 2024 - 9:00am,complete,N/A,EPS II,PPJ / Ruoholahti,N/A,8,1.57,0.57,1.32,1.18,2,4,6,3,0,3,"70,79","9,32,39,90'2",2,4,-1,-1,-1,-1,-1,-1,-1,-1,8,19,6,8,2,11,-1,-1,50,50,1.83,1.59,1.30,2.17,3.29,57,86,64,36,22,36,50,36,57,8.90,-2.00,1.95,4.50,2.60,0.00,1.44,2.15,0.00,0.00,0.00,Espoonlahden tekonurmi 2
1717845300,Jun 08 2024 - 11:15am,complete,N/A,Ponnistus,Valtti,N/A,8,1.43,2.29,1.36,2.09,0,2,2,0,0,0,"","82,90",6,3,-1,-1,-1,-1,-1,-1,-1,-1,4,11,1,5,3,6,-1,-1,50,50,1.18,1.81,0.46,1.32,4.14,50,93,86,57,36,7,29,36,36,12.08,-2.00,6.00,5.25,1.33,0.00,1.14,0.00,1.80,0.00,0.00,N/A
1717848000,Jun 08 2024 - 12:00pm,complete,N/A,HyPS,PKKU II,N/A,8,0.17,0.71,0.59,1.64,2,2,4,3,1,2,"17,55","10,34",2,7,-1,-1,-1,-1,-1,-1,-1,-1,9,13,5,7,4,6,-1,-1,50,50,0.89,1.37,1.14,1.83,3.66,69,100,69,31,23,38,68,62,69,6.71,-2.00,3.20,4.50,1.73,0.00,1.44,1.95,0.00,0.00,0.00,Hyvinkää UP Nurmi
1717851600,Jun 08 2024 - 1:00pm,complete,N/A,ToTe,EIF II,N/A,8,2.57,2.29,2.05,1.73,2,1,3,1,1,0,"4,85","51",5,5,-1,-1,-1,-1,-1,-1,-1,-1,9,2,6,2,3,0,-1,-1,50,50,1.47,2.04,1.47,0.79,3.43,57,93,71,43,36,29,36,36,36,16.33,-2.00,2.00,4.00,2.80,1.06,1.36,1.80,0.00,0.00,0.00,N/A
1717930800,Jun 09 2024 - 11:00am,complete,N/A,Kontu,HIFK,N/A,8,1.71,1.00,1.73,0.59,5,0,5,3,3,0,"9,35,45'3,85,89","",9,1,-1,-1,-1,-1,-1,-1,-1,-1,21,3,10,2,11,1,-1,-1,50,50,2.86,0.74,2.64,0.51,3.81,36,75,63,50,42,15,34,22,28,8.00,-2.00,1.20,6.25,8.50,0.00,1.29,1.65,0.00,0.00,0.00,N/A
1717950600,Jun 09 2024 - 4:30pm,complete,N/A,VJS II,Kasiysi,N/A,8,1.71,0.29,1.95,0.59,1,2,3,2,1,1,"44","34,75",12,2,-1,-1,-1,-1,-1,-1,-1,-1,15,12,8,6,7,6,-1,-1,50,50,1.20,0.65,2.38,1.50,3.15,57,79,71,43,36,29,43,57,64,4.90,-2.00,1.33,5.50,5.25,0.00,1.40,1.91,0.00,0.00,0.00,Myyrmäen jalkapallostadion
1718123400,Jun 11 2024 - 4:30pm,complete,N/A,Kuusysi,SaPa,N/A,9,1.38,0.50,1.36,0.32,3,1,4,2,2,0,"18,29,90'4","47",8,1,-1,-1,-1,-1,-1,-1,-1,-1,19,6,11,3,8,3,-1,-1,50,50,0.92,0.76,2.47,0.88,4.50,51,94,88,69,32,32,44,57,63,5.10,-2.00,1.22,7.00,9.00,0.00,1.17,0.00,1.68,0.00,0.00,Kisapuisto
1718206200,Jun 12 2024 - 3:30pm,complete,N/A,Kirkkonummi,ToTe,N/A,9,0.57,2.63,0.64,2.05,0,1,1,1,0,1,"","30",5,6,-1,-1,-1,-1,-1,-1,-1,-1,4,11,1,4,3,7,-1,-1,39,61,1.03,1.47,0.45,1.39,3.54,54,100,73,41,34,48,75,60,75,9.00,-2.00,21.00,12.00,1.07,0.00,1.17,0.00,1.93,0.00,0.00,N/A
1718208000,Jun 12 2024 - 4:00pm,complete,N/A,EIF II,EsPa,N/A,9,2.00,2.00,1.73,2.09,5,1,6,4,3,1,"20,7,28,54,82","35",5,1,1,0,0,0,0,1,0,0,15,8,7,2,8,6,-1,-1,50,50,1.62,2.06,1.81,0.90,3.44,63,82,69,44,32,19,38,44,50,14.81,-2.00,1.38,4.75,5.50,0.00,1.30,1.73,3.40,0.00,0.00,N/A
1718211600,Jun 12 2024 - 5:00pm,complete,N/A,GrIFK U23,VJS II,N/A,9,0.50,1.50,1.41,1.95,0,2,2,2,0,2,"","43,25",1,11,-1,-1,-1,-1,-1,-1,-1,-1,5,13,3,7,2,6,-1,-1,39,61,1.63,1.37,1.00,1.98,2.63,57,69,57,32,19,19,51,32,57,11.74,-2.00,4.10,3.70,1.67,1.16,1.57,2.25,0.00,0.00,0.00,Kauniaisten Keskuskenttä
1718212500,Jun 12 2024 - 5:15pm,complete,N/A,PPJ / Ruoholahti,NuPS,N/A,9,0.88,1.50,1.18,1.73,0,2,2,1,0,1,"","41,73",4,4,-1,-1,-1,-1,-1,-1,-1,-1,0,2,0,2,0,0,-1,-1,50,50,1.68,1.57,0.19,0.53,3.13,63,88,63,44,19,32,51,44,57,9.43,-2.00,3.75,4.10,1.67,0.00,1.53,2.20,0.00,0.00,0.00,N/A
1718292600,Jun 13 2024 - 3:30pm,complete,N/A,RiPS,TuPS,N/A,9,1.38,2.00,1.14,2.00,1,2,3,0,0,0,"","",-1,-1,-1,-1,-1,-1,-1,-1,-1,-1,-1,-1,-1,-1,-1,-1,-1,-1,-1,-1,1.55,1.75,0.00,0.00,3.07,57,88,69,25,13,13,51,44,69,12.29,-2.00,0.00,0.00,0.00,0.00,0.00,0.00,0.00,0.00,0.00,N/A
1718295300,Jun 13 2024 - 4:15pm,complete,N/A,Atlantis / PM,HyPS,N/A,9,2.57,0.29,1.86,0.59,2,1,3,2,1,1,"8,76","17",5,3,-1,-1,-1,-1,-1,-1,-1,-1,14,7,4,5,10,2,-1,-1,61,39,2.04,0.93,1.68,1.10,3.93,50,93,79,50,29,43,64,43,64,8.63,-2.00,1.04,15.00,29.00,0.00,1.07,0.00,0.00,0.00,0.00,Pukinmäki liikuntapuisto
1718298900,Jun 13 2024 - 5:15pm,complete,N/A,Töölön Taisto,Ponnistus,N/A,9,0.88,1.25,1.55,1.36,0,3,3,1,0,1,"","4,63,53",3,3,-1,-1,-1,-1,-1,-1,-1,-1,10,10,4,6,6,4,-1,-1,50,50,1.26,0.94,1.42,1.48,3.94,44,76,63,44,38,7,38,38,44,10.89,-2.00,1.60,4.20,3.90,1.06,1.25,1.73,2.10,0.00,0.00,N/A
1718298900,Jun 13 2024 - 5:15pm,complete,N/A,HooGee,EPS II,N/A,9,1.38,1.38,1.36,1.32,1,3,4,2,1,1,"19","60,42,82",9,3,-1,-1,-1,-1,-1,-1,-1,-1,27,18,6,7,21,11,-1,-1,50,50,1.48,1.74,2.49,1.87,3.69,50,82,69,57,44,38,57,51,57,8.00,-2.00,2.15,4.50,2.30,0.00,1.25,1.57,2.10,0.00,0.00,Matinkylän urheilupuisto
1718379000,Jun 14 2024 - 3:30pm,complete,N/A,PKKU II,MPS,N/A,9,0.75,1.00,1.64,0.95,4,1,5,3,3,0,"1,8,18,64","50",1,4,-1,-1,-1,-1,-1,-1,-1,-1,15,8,8,3,7,5,-1,-1,50,50,1.43,0.72,1.88,0.98,3.32,69,88,69,26,13,32,63,25,44,8.46,-2.00,1.48,4.33,4.75,0.00,1.30,1.75,0.00,0.00,0.00,N/A
1718381700,Jun 14 2024 - 4:15pm,complete,N/A,LPS,HerTo,N/A,9,2.11,0.13,1.91,0.36,7,0,7,4,4,0,"9,8,24,45'1,74,77,79","",9,5,-1,-1,-1,-1,-1,-1,-1,-1,16,10,8,5,8,5,-1,-1,65,35,2.00,0.80,1.86,1.14,4.54,35,82,71,66,66,12,29,29,35,11.27,-2.00,1.02,17.00,34.00,0.00,1.03,0.00,0.00,0.00,0.00,Hertta Areena
1718381700,Jun 14 2024 - 4:15pm,complete,N/A,MPS Atletico Malmi,Kontu,N/A,9,2.38,1.88,2.14,1.73,0,3,3,1,0,1,"","56,41,65",2,6,-1,-1,-1,-1,-1,-1,-1,-1,12,17,4,7,8,10,-1,-1,50,50,1.72,2.81,1.34,2.00,5.13,44,94,82,76,57,26,32,38,38,11.95,-2.00,2.30,3.90,2.35,0.00,1.17,0.00,2.10,0.00,0.00,Pukinmäki liikuntapuisto
1718381700,Jun 14 2024 - 4:15pm,complete,N/A,PuiU Helsinki,TiPS,N/A,9,3.00,1.75,2.41,2.00,3,1,4,2,2,0,"15,22,47","90'7",4,2,-1,-1,-1,-1,-1,-1,-1,-1,6,11,4,3,2,8,-1,-1,49,51,1.19,1.73,0.86,1.18,3.65,73,93,73,40,27,34,62,53,66,10.50,-2.00,2.20,3.90,2.45,0.00,1.36,1.80,0.00,0.00,0.00,Puistolan liikuntapuisto
1718381700,Jun 14 2024 - 4:15pm,complete,N/A,Ponnistajat,Gnistan / Ogeli,N/A,9,1.14,1.25,1.27,1.59,1,1,2,1,0,1,"69","27",7,4,-1,-1,-1,-1,-1,-1,-1,-1,10,7,4,3,6,4,-1,-1,50,50,1.28,1.30,1.09,0.72,3.07,80,93,80,27,7,20,73,40,60,8.43,-2.00,1.80,4.20,3.10,0.00,1.40,2.00,0.00,0.00,0.00,N/A
1718382600,Jun 14 2024 - 4:30pm,complete,N/A,Valtti,PPJ / Lauttasaari,N/A,9,2.38,0.88,2.09,1.18,5,0,5,2,2,0,"13,38,50,90'3,79","",4,2,-1,-1,-1,-1,-1,-1,-1,-1,13,7,11,3,2,4,-1,-1,50,50,1.71,1.42,1.81,0.78,3.50,38,88,75,57,38,13,44,63,69,10.37,-2.00,1.14,8.00,10.00,0.00,1.25,1.57,2.15,0.00,0.00,N/A
1718384700,Jun 14 2024 - 5:05pm,complete,N/A,Kasiysi,FC Espoo,N/A,9,0.63,1.71,0.59,1.14,1,1,2,1,0,1,"83","23",2,3,-1,-1,-1,-1,-1,-1,-1,-1,8,16,6,8,2,8,-1,-1,50,50,0.76,1.16,1.37,2.14,2.87,61,81,66,41,20,26,55,54,67,6.20,-2.00,8.50,6.00,1.20,0.00,1.29,1.70,0.00,0.00,0.00,N/A
1718445600,Jun 15 2024 - 10:00am,complete,N/A,Loviisa,HPS,N/A,9,0.13,2.75,0.09,2.36,0,5,5,0,0,0,"","",-1,-1,-1,-1,-1,-1,-1,-1,-1,-1,-1,-1,-1,-1,-1,-1,-1,-1,-1,-1,0.64,1.69,0.00,0.00,5.00,38,88,75,69,63,7,26,26,26,9.70,-1.50,0.00,0.00,0.00,0.00,0.00,0.00,0.00,0.00,0.00,N/A
1718454600,Jun 15 2024 - 12:30pm,complete,N/A,HIFK,Finnkurd,N/A,9,0.89,1.63,0.59,1.73,0,6,6,0,0,0,"","",-1,-1,-1,-1,-1,-1,-1,-1,-1,-1,-1,-1,-1,-1,-1,-1,-1,-1,-1,-1,0.70,1.64,0.00,0.00,4.00,38,78,67,61,49,12,29,18,24,5.20,-1.25,2.75,4.00,2.00,0.00,1.30,1.62,2.23,0.00,0.00,Väinämöisen kenttä
1718640000,Jun 17 2024 - 4:00pm,complete,N/A,Kirkkonummi,FC Espoo,N/A,2,0.50,1.63,0.64,1.14,2,2,4,2,1,1,"37,90'5","7,71",5,9,-1,-1,-1,-1,-1,-1,-1,-1,8,14,4,7,4,7,-1,-1,50,50,0.95,1.28,1.16,1.98,3.00,63,88,57,38,19,32,82,50,75,7.88,-2.00,4.50,5.50,1.40,0.00,1.36,1.85,0.00,0.00,0.00,N/A
1718727300,Jun 18 2024 - 4:15pm,complete,N/A,MPS Atletico Malmi,HPS,N/A,11,2.11,2.78,2.14,2.36,4,0,4,1,1,0,"56,42,76,80","",4,2,-1,-1,-1,-1,-1,-1,-1,-1,10,5,7,0,3,5,-1,-1,35,65,1.64,1.69,1.40,0.59,4.33,28,89,73,62,45,6,28,33,33,11.20,-1.56,2.60,3.90,2.10,0.00,1.40,1.85,0.00,0.00,0.00,Pukinmäki liikuntapuisto
1718727300,Jun 18 2024 - 4:15pm,complete,N/A,Ponnistajat,SaPa,N/A,11,1.13,0.44,1.27,0.32,2,1,3,1,1,0,"9,59","90",10,5,-1,-1,-1,-1,-1,-1,-1,-1,17,9,11,5,6,4,-1,-1,55,45,1.25,0.77,2.36,1.19,3.78,60,89,71,46,23,35,66,52,76,6.38,-2.00,1.14,9.00,12.00,0.00,1.25,0.00,2.00,0.00,0.00,N/A
1718730600,Jun 18 2024 - 5:10pm,complete,N/A,Kontu,LPS,N/A,11,2.00,2.20,1.73,1.91,3,2,5,3,3,0,"8,42,34","63,49",8,7,-1,-1,-1,-1,-1,-1,-1,-1,14,12,6,6,8,6,-1,-1,50,50,2.64,1.98,1.85,1.85,5.02,53,95,85,69,64,27,53,48,53,12.34,-2.00,1.33,5.00,5.50,0.00,1.13,0.00,1.73,0.00,0.00,N/A
1718816400,Jun 19 2024 - 5:00pm,complete,N/A,GrIFK U23,EIF II,N/A,11,0.44,2.11,1.41,1.73,1,0,1,0,0,0,"48","",4,7,-1,-1,-1,-1,-1,-1,-1,-1,8,6,4,2,4,4,-1,-1,50,50,1.54,1.67,1.17,0.90,2.73,56,73,56,33,17,17,39,22,33,14.04,-1.78,3.00,3.80,1.91,0.00,1.44,2.00,0.00,0.00,0.00,Kauniaisten Keskuskenttä
1719248400,Jun 24 2024 - 5:00pm,complete,N/A,HyPS,Ponnistajat,N/A,7,0.25,1.33,0.59,1.27,0,0,0,0,0,0,"","",3,8,-1,-1,-1,-1,-1,-1,-1,-1,4,10,4,5,0,5,-1,-1,50,50,0.95,1.41,0.96,1.62,3.07,77,95,71,30,12,31,71,42,71,8.57,-2.00,3.80,4.33,1.62,0.00,1.40,1.73,0.00,0.00,0.00,Hyvinkää UP Nurmi
1719414000,Jun 26 2024 - 3:00pm,complete,N/A,PKKU II,TiPS,N/A,10,1.00,1.56,1.64,2.00,1,2,3,1,0,1,"59","17,76",0,3,-1,-1,-1,-1,-1,-1,-1,-1,14,10,3,3,11,7,-1,-1,53,47,1.49,1.65,1.33,1.19,4.11,84,100,78,50,28,45,67,62,78,9.92,-2.00,2.38,3.75,2.38,0.00,1.40,1.91,0.00,0.00,0.00,N/A
1719415800,Jun 26 2024 - 3:30pm,complete,N/A,Kirkkonummi,HooGee,N/A,10,0.56,1.22,0.64,1.36,1,4,5,3,0,3,"86","12,45'1,32,84",3,3,-1,-1,-1,-1,-1,-1,-1,-1,8,15,4,10,4,5,-1,-1,50,50,0.98,1.62,1.08,2.05,3.39,56,84,67,56,33,45,78,62,73,8.38,-2.00,5.00,4.20,1.48,0.00,1.40,1.75,0.00,0.00,0.00,N/A
1719504900,Jun 27 2024 - 4:15pm,complete,N/A,Atlantis / PM,Ponnistajat,N/A,10,2.63,1.30,1.86,1.27,7,3,10,5,3,2,"18,27,22,60,84,79,89","7,2,62",8,1,-1,-1,-1,-1,-1,-1,-1,-1,27,10,13,5,14,5,-1,-1,58,42,1.98,1.44,2.93,1.20,3.49,54,84,74,35,24,30,73,28,62,11.67,-2.00,1.17,7.00,10.00,0.00,1.36,2.08,0.00,0.00,0.00,Pukinmäki liikuntapuisto
1719507600,Jun 27 2024 - 5:00pm,complete,N/A,PPJ / Lauttasaari,Loviisa,N/A,10,0.78,0.11,1.18,0.09,4,1,5,3,2,1,"24,11,86,62","18",6,3,-1,-1,-1,-1,-1,-1,-1,-1,21,11,12,5,9,6,-1,-1,50,50,1.34,0.64,2.70,1.18,4.67,33,84,78,73,67,17,34,39,45,6.88,-2.00,1.04,13.00,29.00,0.00,1.11,0.00,0.00,0.00,0.00,N/A
1719507600,Jun 27 2024 - 5:00pm,complete,N/A,EIF II,FC Espoo,N/A,10,1.90,1.56,1.73,1.14,3,2,5,2,2,0,"5,25,51","49,77",3,1,-1,-1,-1,-1,-1,-1,-1,-1,10,6,5,4,5,2,-1,-1,47,53,1.52,1.36,1.51,0.97,3.10,74,85,63,42,21,21,54,43,59,12.49,-1.80,1.11,8.50,17.00,0.00,1.20,2.23,1.95,0.00,0.00,N/A
1719508500,Jun 27 2024 - 5:15pm,complete,N/A,Töölön Taisto,HerTo,N/A,10,0.78,0.11,1.55,0.36,3,0,3,0,0,0,"","",-1,-1,-1,-1,-1,-1,-1,-1,-1,-1,-1,-1,-1,-1,-1,-1,-1,-1,-1,-1,1.28,0.88,0.00,0.00,4.28,22,73,67,56,56,17,45,45,50,11.25,-2.00,1.05,15.00,26.00,0.00,1.14,0.00,1.83,0.00,0.00,N/A
1719509400,Jun 27 2024 - 5:30pm,complete,N/A,VJS II,EPS II,N/A,10,1.67,1.56,1.95,1.32,4,3,7,5,3,2,"15,35,42,90'9","2,7,90'8",2,8,-1,-1,-1,-1,-1,-1,-1,-1,8,12,5,7,3,5,-1,-1,50,50,1.45,1.76,1.18,1.66,3.61,62,89,73,45,33,50,62,44,62,9.24,-2.00,2.38,3.80,2.30,0.00,1.36,1.73,2.50,0.00,0.00,N/A
1719586800,Jun 28 2024 - 3:00pm,complete,N/A,SaPa,Gnistan / Ogeli,N/A,10,0.40,1.22,0.32,1.59,1,2,3,1,1,0,"8","80,62",5,5,-1,-1,-1,-1,-1,-1,-1,-1,6,5,2,3,4,2,-1,-1,50,50,0.82,1.22,0.64,0.79,3.75,70,95,79,41,15,36,69,62,79,5.64,-2.00,6.00,4.75,1.38,0.00,1.33,0.00,0.00,0.00,0.00,N/A
1719590400,Jun 28 2024 - 4:00pm,complete,N/A,HPS,Kontu,N/A,10,2.50,2.10,2.36,1.73,2,1,3,1,0,1,"65,50","42",5,6,-1,-1,-1,-1,-1,-1,-1,-1,2,1,2,1,0,0,-1,-1,50,50,1.51,2.51,0.52,0.44,4.85,45,95,90,75,60,20,50,50,50,11.93,-1.60,2.10,3.50,2.75,0.00,1.30,1.63,0.00,0.00,0.00,N/A
1719590400,Jun 28 2024 - 4:00pm,complete,N/A,MPS,TuPS,N/A,10,0.89,2.11,0.95,2.00,1,4,5,3,1,2,"31","6,38,88,68",1,3,-1,-1,-1,-1,-1,-1,-1,-1,6,24,5,9,1,15,-1,-1,50,50,0.79,1.75,0.91,2.45,2.84,56,84,73,22,6,17,50,34,45,10.54,-2.00,8.50,5.25,1.22,0.00,1.25,1.65,2.23,0.00,0.00,Tapanilan nurmi
1719591300,Jun 28 2024 - 4:15pm,complete,N/A,PuiU Helsinki,RiPS,N/A,10,3.00,1.22,2.41,1.14,4,0,4,3,3,0,"3,10,26,49","",4,1,-1,-1,-1,-1,-1,-1,-1,-1,14,8,9,2,5,6,-1,-1,50,50,1.14,1.55,1.86,0.94,3.30,71,89,71,30,24,31,61,36,60,9.71,-2.00,1.30,5.25,7.50,0.00,1.36,1.78,0.00,0.00,0.00,Puistolan liikuntapuisto
1719592200,Jun 28 2024 - 4:30pm,complete,N/A,Valtti,MPS Atletico Malmi,N/A,10,2.44,2.20,2.09,2.14,1,2,3,2,1,1,"16","60,36",0,3,-1,-1,-1,-1,-1,-1,-1,-1,6,6,1,3,5,3,-1,-1,50,50,1.73,1.60,0.72,0.93,3.99,27,95,74,58,32,16,37,54,54,11.16,-2.00,2.45,3.80,2.25,0.00,1.36,1.85,0.00,0.00,0.00,N/A
1719594300,Jun 28 2024 - 5:05pm,complete,N/A,Kasiysi,PPJ / Ruoholahti,N/A,10,0.67,0.78,0.59,1.18,1,3,4,2,1,1,"26","34,59,89",1,9,-1,-1,-1,-1,-1,-1,-1,-1,5,18,3,10,2,8,-1,-1,50,50,0.83,1.49,0.70,2.37,2.95,62,84,62,33,22,33,56,44,73,6.05,-2.00,5.00,4.33,1.45,0.00,1.44,2.05,0.00,0.00,0.00,N/A
1719594900,Jun 28 2024 - 5:15pm,complete,N/A,EsPa,NuPS,N/A,10,1.78,1.67,2.09,1.73,1,1,2,2,1,1,"27","19",10,4,-1,-1,-1,-1,-1,-1,-1,-1,12,10,7,2,5,8,-1,-1,55,45,1.91,1.40,1.56,0.99,3.39,50,84,62,50,28,28,50,50,61,10.33,-1.89,2.20,3.60,2.63,0.00,1.44,2.10,0.00,0.00,0.00,Matinkylän urheilupuisto
1719659700,Jun 29 2024 - 11:15am,complete,N/A,Ponnistus,Finnkurd,N/A,10,1.44,1.78,1.36,1.73,1,4,5,0,0,0,"","",-1,-1,-1,-1,-1,-1,-1,-1,-1,-1,-1,-1,-1,-1,-1,-1,-1,-1,-1,-1,1.08,1.64,0.00,0.00,5.00,56,95,89,72,56,6,22,28,28,7.40,-1.33,0.00,0.00,0.00,0.00,0.00,0.00,0.00,0.00,0.00,N/A
1719666000,Jun 29 2024 - 1:00pm,complete,N/A,ToTe,GrIFK U23,N/A,10,2.67,0.70,2.05,1.41,6,1,7,0,0,0,"","",-1,-1,-1,-1,-1,-1,-1,-1,-1,-1,-1,-1,-1,-1,-1,-1,-1,-1,-1,-1,1.46,1.49,0.00,0.00,2.51,37,70,49,27,17,22,54,33,48,11.75,-2.00,0.00,0.00,0.00,0.00,0.00,0.00,0.00,0.00,0.00,N/A
1719667800,Jun 29 2024 - 1:30pm,complete,N/A,HyPS,Kuusysi,N/A,10,0.33,1.56,0.59,1.36,1,0,1,0,0,0,"","",-1,-1,-1,-1,-1,-1,-1,-1,-1,-1,-1,-1,-1,-1,-1,-1,-1,-1,-1,-1,0.96,1.31,0.00,0.00,3.56,67,95,84,56,17,33,50,44,56,7.63,-2.00,0.00,0.00,0.00,0.00,0.00,0.00,0.00,0.00,0.00,Hyvinkää UP Nurmi
1720113300,Jul 04 2024 - 5:15pm,complete,N/A,Gnistan / Ogeli,PuiU Helsinki,N/A,11,1.40,3.00,1.59,2.41,0,1,1,0,0,0,"","53",7,5,-1,-1,-1,-1,-1,-1,-1,-1,7,13,3,5,4,8,-1,-1,50,50,1.17,1.23,0.97,1.56,3.22,73,95,79,32,11,38,85,47,69,7.75,-2.00,4.20,4.20,1.57,0.00,1.36,2.00,0.00,0.00,0.00,N/A
1720113300,Jul 04 2024 - 5:15pm,complete,N/A,HooGee,VJS II,N/A,11,1.40,1.80,1.36,1.95,2,4,6,2,1,1,"3,89","17,90'2,82,90'3",5,1,-1,-1,-1,-1,-1,-1,-1,-1,12,10,7,5,5,5,-1,-1,50,50,1.67,1.42,1.62,1.43,3.60,65,85,70,55,45,45,70,60,70,9.50,-2.00,2.80,4.75,1.85,0.00,1.20,0.00,2.05,0.00,0.00,Matinkylän urheilupuisto
1720113600,Jul 04 2024 - 5:20pm,complete,N/A,PPJ / Ruoholahti,Kirkkonummi,N/A,11,1.00,0.50,1.18,0.64,1,2,3,1,0,1,"52","18,58",10,2,-1,-1,-1,-1,-1,-1,-1,-1,1,2,1,2,0,0,-1,-1,50,50,1.59,0.99,0.59,0.45,3.35,65,90,65,45,25,50,80,55,80,8.49,-2.00,1.30,5.50,6.00,0.00,1.25,1.60,2.20,0.00,0.00,N/A
1720191600,Jul 05 2024 - 3:00pm,complete,N/A,NuPS,ToTe,N/A,11,1.60,2.70,1.73,2.05,3,0,3,0,0,0,"84,86,88","",6,4,-1,-1,-1,-1,-1,-1,-1,-1,14,8,9,3,5,5,-1,-1,50,50,1.34,1.46,2.12,1.36,3.20,50,90,60,40,25,30,55,40,45,10.46,-2.00,4.20,4.20,1.57,0.00,1.53,2.20,0.00,0.00,0.00,Kuoppanummi Nurmi
1720192500,Jul 05 2024 - 3:15pm,complete,N/A,Finnkurd,PPJ / Lauttasaari,N/A,11,1.90,1.00,1.73,1.18,4,5,9,0,0,0,"","",-1,-1,-1,-1,-1,-1,-1,-1,-1,-1,-1,-1,-1,-1,-1,-1,-1,-1,-1,-1,1.64,1.49,0.00,0.00,4.80,55,90,90,85,70,20,40,45,50,6.67,-1.40,1.50,4.75,4.33,0.00,1.17,0.00,1.95,0.00,0.00,N/A
1720192500,Jul 05 2024 - 3:15pm,complete,N/A,Kasiysi,EPS II,N/A,11,0.60,1.40,0.59,1.32,4,2,6,1,1,0,"23,69,72,75","77,89",4,9,-1,-1,-1,-1,-1,-1,-1,-1,13,12,7,9,6,3,-1,-1,41,59,0.82,1.74,1.68,1.93,3.60,60,85,75,50,30,50,55,50,65,5.98,-2.00,5.00,4.75,1.40,0.00,1.36,1.75,0.00,0.00,0.00,N/A
1720193400,Jul 05 2024 - 3:30pm,complete,N/A,RiPS,Atlantis / PM,N/A,11,1.10,2.67,1.14,1.86,0,4,4,3,0,3,"","15,13,32,53",5,1,-1,-1,-1,-1,-1,-1,-1,-1,11,25,4,11,7,14,-1,-1,50,50,1.45,2.12,1.28,2.73,4.15,57,90,80,43,32,38,59,27,64,11.29,-2.00,15.00,8.00,1.10,0.00,1.20,0.00,2.10,0.00,0.00,N/A
1720193400,Jul 05 2024 - 3:30pm,complete,N/A,TiPS,MPS,N/A,11,1.70,0.80,2.00,0.95,2,0,2,1,1,0,"33,68","",3,5,-1,-1,-1,-1,-1,-1,-1,-1,14,4,7,0,7,4,-1,-1,50,50,1.59,0.81,1.86,0.64,3.45,80,90,75,40,20,30,50,45,55,9.35,-2.00,1.20,6.25,9.00,0.00,1.25,0.00,2.00,0.00,0.00,N/A
1720197000,Jul 05 2024 - 4:30pm,complete,N/A,Kuusysi,PKKU II,N/A,11,1.40,0.90,1.36,1.64,1,1,2,0,0,0,"","",-1,-1,-1,-1,-1,-1,-1,-1,-1,-1,-1,-1,-1,-1,-1,-1,-1,-1,-1,-1,1.31,1.47,0.00,0.00,4.00,70,95,85,55,25,35,65,50,60,8.15,-2.00,0.00,0.00,0.00,0.00,0.00,0.00,0.00,0.00,0.00,Kisapuisto
1720260000,Jul 06 2024 - 10:00am,complete,N/A,Loviisa,Töölön Taisto,N/A,11,0.10,1.00,0.09,1.55,0,8,8,3,0,3,"","17,35,29,51,73,82,90'2,90",1,15,-1,-1,-1,-1,-1,-1,-1,-1,7,35,4,19,3,16,-1,-1,50,50,0.82,1.28,0.89,4.18,4.55,35,80,70,55,55,15,40,35,40,9.08,-2.00,29.00,13.00,1.04,0.00,1.25,1.60,2.00,0.00,0.00,N/A
1720263600,Jul 06 2024 - 11:00am,complete,N/A,HerTo,Ponnistus,N/A,11,0.10,1.30,0.36,1.36,2,3,5,0,0,0,"","",-1,-1,-1,-1,-1,-1,-1,-1,-1,-1,2,2,1,2,1,0,-1,-1,50,50,0.88,1.08,0.20,0.26,4.50,30,85,80,60,55,10,20,30,30,9.90,-2.00,34.00,17.00,1.04,0.00,1.14,0.00,2.10,0.00,0.00,N/A
1720267200,Jul 06 2024 - 12:00pm,complete,N/A,FC Espoo,EsPa,N/A,11,1.40,1.70,1.14,2.09,1,1,2,0,0,0,"73","47",5,5,-1,-1,-1,-1,-1,-1,-1,-1,9,8,6,2,3,6,-1,-1,50,50,1.32,1.87,1.44,1.32,3.40,70,85,60,50,30,35,70,60,75,10.50,-1.90,2.20,3.50,2.63,0.00,1.50,2.10,0.00,0.00,0.00,N/A
1720269000,Jul 06 2024 - 12:30pm,complete,N/A,HIFK,Valtti,N/A,11,0.80,2.20,0.59,2.09,0,2,2,0,0,0,"","59,54",4,7,-1,-1,-1,-1,-1,-1,-1,-1,10,27,7,11,3,16,-1,-1,50,50,0.70,1.58,1.35,3.00,3.05,20,80,60,40,30,20,40,35,45,7.63,-2.00,13.00,8.00,1.13,0.00,1.33,1.88,0.00,0.00,0.00,Väinämöisen kenttä
1721575800,Jul 21 2024 - 3:30pm,complete,N/A,PuiU Helsinki,Atlantis / PM,N/A,4,3.00,2.70,2.41,1.86,0,0,0,0,0,0,"","",7,3,-1,-1,-1,-1,-1,-1,-1,-1,14,6,1,3,13,3,-1,-1,50,50,1.27,2.19,1.47,0.86,4.05,45,85,80,50,30,55,80,35,70,9.27,-2.00,1.67,4.75,3.40,0.00,1.40,1.95,0.00,0.00,0.00,Puistolan liikuntapuisto
1721833200,Jul 24 2024 - 3:00pm,complete,N/A,PKKU II,Ponnistajat,N/A,12,0.91,1.18,1.64,1.27,5,2,7,2,1,1,"51,44,54,90'2,90'3","45'1,55",3,4,-1,-1,-1,-1,-1,-1,-1,-1,11,14,9,8,2,6,-1,-1,46,54,1.47,1.41,1.66,1.93,3.59,78,91,69,32,23,32,78,46,69,8.84,-2.00,1.53,4.33,4.33,0.00,1.22,1.57,0.00,0.00,0.00,N/A
1721833200,Jul 24 2024 - 3:00pm,complete,N/A,EIF II,HooGee,N/A,12,2.00,1.27,1.73,1.36,3,1,4,1,0,1,"53,89,90'1","11",2,3,-1,-1,-1,-1,-1,-1,-1,-1,10,9,4,5,6,4,-1,-1,63,37,1.52,1.67,1.30,1.25,3.64,69,82,73,59,46,36,55,55,59,11.39,-1.82,1.18,7.00,9.50,0.00,1.20,1.57,2.10,0.00,0.00,N/A
1721924100,Jul 25 2024 - 4:15pm,complete,N/A,Atlantis / PM,Kuusysi,N/A,12,2.55,1.36,1.86,1.36,2,1,3,0,0,0,"57,75","76",5,2,-1,-1,-1,-1,-1,-1,-1,-1,14,7,5,1,9,6,-1,-1,59,41,2.04,1.31,1.69,0.82,4.09,50,87,82,60,27,37,55,32,50,9.86,-2.00,1.40,5.00,5.00,0.00,1.17,0.00,1.95,0.00,0.00,Pukinmäki liikuntapuisto
1721928000,Jul 25 2024 - 5:20pm,complete,N/A,PPJ / Lauttasaari,HerTo,N/A,12,1.18,0.09,1.18,0.36,5,0,5,1,1,0,"30,76,59,90'1,86","",7,2,-1,-1,-1,-1,-1,-1,-1,-1,12,2,6,1,6,1,-1,-1,50,50,1.49,0.75,1.60,0.39,4.55,32,82,82,73,69,23,37,46,50,9.17,-2.00,1.04,19.00,34.00,0.00,1.05,0.00,2.23,0.00,0.00,N/A
1722006000,Jul 26 2024 - 3:00pm,complete,N/A,SaPa,RiPS,N/A,12,0.36,1.00,0.32,1.14,0,8,8,0,0,0,"","",-1,-1,-1,-1,-1,-1,-1,-1,-1,-1,-1,-1,-1,-1,-1,-1,-1,-1,-1,-1,0.80,1.42,0.00,0.00,3.86,60,91,78,46,23,36,55,50,78,7.35,-2.00,5.00,4.20,1.48,0.00,1.33,1.83,0.00,0.00,0.00,N/A
1722009600,Jul 26 2024 - 4:00pm,complete,N/A,HPS,HIFK,N/A,12,2.55,0.73,2.36,0.59,3,0,3,1,1,0,"13,68,90'1","",3,2,-1,-1,-1,-1,-1,-1,-1,-1,14,3,7,0,7,3,-1,-1,50,50,1.37,0.81,1.57,0.30,3.32,18,78,59,46,36,5,36,32,36,7.93,-1.64,1.10,9.50,19.00,0.00,1.22,0.00,2.00,0.00,0.00,N/A
1722009600,Jul 26 2024 - 4:00pm,complete,N/A,MPS,Gnistan / Ogeli,N/A,12,0.73,1.27,0.95,1.59,2,0,2,2,2,0,"45'1,33","",2,8,-1,-1,-1,-1,-1,-1,-1,-1,2,0,2,0,0,0,-1,-1,50,50,0.78,1.15,0.62,0.34,2.87,73,87,69,23,9,23,64,32,55,8.16,-2.00,2.80,3.90,2.00,0.00,1.36,1.83,0.00,0.00,0.00,N/A
1722010500,Jul 26 2024 - 4:15pm,complete,N/A,Ponnistus,Kontu,N/A,12,1.45,1.91,1.36,1.73,2,0,2,0,0,0,"","",-1,-1,-1,-1,-1,-1,-1,-1,-1,-1,-1,-1,-1,-1,-1,-1,-1,-1,-1,-1,0.92,2.22,0.00,0.00,4.73,60,96,91,64,55,18,41,46,46,10.78,-2.00,8.00,7.00,1.20,0.00,1.20,0.00,1.95,0.00,0.00,N/A
1722010500,Jul 26 2024 - 4:15pm,complete,N/A,MPS Atletico Malmi,Töölön Taisto,N/A,12,2.27,1.18,2.14,1.55,2,3,5,0,0,0,"","",-1,-1,-1,-1,-1,-1,-1,-1,-1,-1,-1,-1,-1,-1,-1,-1,-1,-1,-1,-1,1.51,1.60,0.00,0.00,4.05,27,82,69,46,32,18,50,46,55,11.35,-2.00,0.00,0.00,0.00,0.00,0.00,0.00,0.00,0.00,0.00,Pukinmäki liikuntapuisto
1722010500,Jul 26 2024 - 4:15pm,complete,N/A,PuiU Helsinki,TuPS,N/A,12,2.82,2.20,2.41,2.00,1,2,3,1,0,1,"82","32,86",4,3,-1,-1,-1,-1,-1,-1,-1,-1,9,11,2,4,7,7,-1,-1,50,50,1.29,1.83,1.11,1.32,3.01,48,82,72,33,14,33,67,48,67,10.08,-2.00,2.25,3.60,2.63,0.00,1.57,2.05,0.00,0.00,0.00,Puistolan liikuntapuisto
1722011400,Jul 26 2024 - 4:30pm,complete,N/A,Valtti,Loviisa,N/A,12,2.27,0.09,2.09,0.09,10,0,10,0,0,0,"","",-1,-1,-1,-1,-1,-1,-1,-1,-1,-1,-1,-1,-1,-1,-1,-1,-1,-1,-1,-1,1.76,0.84,0.00,0.00,4.64,36,96,78,64,55,27,36,46,50,8.38,-2.00,0.00,0.00,0.00,0.00,0.00,0.00,0.00,0.00,0.00,N/A
1722013500,Jul 26 2024 - 5:05pm,complete,N/A,Kasiysi,NuPS,N/A,12,0.82,1.73,0.59,1.73,1,1,2,1,0,1,"60","44",2,7,-1,-1,-1,-1,-1,-1,-1,-1,7,13,4,10,3,3,-1,-1,50,50,0.89,1.44,0.92,2.04,3.00,55,87,64,41,18,32,50,46,59,6.70,-2.00,8.00,6.50,1.20,0.00,1.29,1.65,0.00,0.00,0.00,N/A
1722014100,Jul 26 2024 - 5:15pm,complete,N/A,EsPa,EPS II,N/A,12,1.64,1.27,2.09,1.32,2,0,2,1,1,0,"52,33","",6,5,-1,-1,-1,-1,-1,-1,-1,-1,17,6,8,1,9,5,-1,-1,50,50,1.82,1.77,2.10,0.71,4.00,64,87,69,55,41,46,60,60,69,10.79,-1.91,1.48,4.50,4.50,0.00,1.30,1.70,0.00,0.00,0.00,Matinkylän urheilupuisto
1722085200,Jul 27 2024 - 1:00pm,complete,N/A,ToTe,FC Espoo,N/A,12,2.45,1.36,2.05,1.14,3,2,5,2,1,1,"30,49,74","9,64",15,2,-1,-1,-1,-1,-1,-1,-1,-1,3,2,3,2,0,0,-1,-1,50,50,1.45,1.33,0.80,0.45,3.28,64,91,64,41,27,27,64,60,69,10.11,-2.00,1.30,5.50,6.00,0.00,1.36,1.85,0.00,0.00,0.00,N/A
1722168000,Jul 28 2024 - 12:00pm,complete,N/A,HyPS,TiPS,N/A,12,0.60,1.82,0.59,2.00,2,4,6,3,2,1,"42,40","19,48,87,90'2",0,5,-1,-1,-1,-1,-1,-1,-1,-1,5,20,5,10,0,10,-1,-1,50,50,0.96,1.62,0.90,2.66,3.22,71,90,67,38,14,34,53,52,71,8.32,-2.00,7.00,6.25,1.22,0.00,1.30,1.70,0.00,0.00,0.00,N/A
1722168000,Jul 28 2024 - 12:00pm,complete,N/A,VJS II,PPJ / Ruoholahti,N/A,12,1.91,0.91,1.95,1.18,5,1,6,4,3,1,"14,25,43,50,70","45'1",2,9,-1,-1,-1,-1,-1,-1,-1,-1,19,13,10,5,9,8,-1,-1,50,50,1.42,1.49,2.37,1.83,3.50,73,91,69,41,32,46,73,55,78,10.00,-2.00,1.67,4.50,3.40,0.00,1.30,1.75,0.00,0.00,0.00,N/A
1722178800,Jul 28 2024 - 3:00pm,complete,N/A,LPS,Finnkurd,N/A,12,2.00,1.73,1.91,1.73,5,1,6,0,0,0,"","",-1,-1,-1,-1,-1,-1,-1,-1,-1,-1,-1,-1,-1,-1,-1,-1,-1,-1,-1,-1,1.96,1.64,0.00,0.00,5.37,64,96,87,82,73,18,37,32,37,9.29,-1.45,1.42,6.50,4.00,0.00,1.05,0.00,0.00,0.00,0.00,Hertta Areena
1722443400,Jul 31 2024 - 4:30pm,complete,N/A,Kuusysi,MPS,N/A,13,1.25,0.92,1.36,0.95,2,0,2,2,2,0,"16,13","",6,2,-1,-1,-1,-1,-1,-1,-1,-1,14,3,6,2,8,1,-1,-1,50,50,1.21,0.76,1.62,0.60,3.25,63,88,71,42,17,25,46,30,38,7.77,-2.00,1.27,5.00,8.00,0.00,1.44,2.00,0.00,0.00,0.00,Kisapuisto
1722445200,Jul 31 2024 - 5:00pm,complete,N/A,GrIFK U23,EsPa,N/A,13,0.64,1.75,1.41,2.09,3,4,7,3,0,3,"48,78,90'1","3,23,40,72",7,12,-1,-1,-1,-1,-1,-1,-1,-1,8,18,4,9,4,9,-1,-1,47,53,1.49,1.84,1.32,2.44,2.85,47,69,43,35,21,21,47,34,56,11.91,-1.92,5.75,4.50,1.40,0.00,1.50,2.25,0.00,0.00,0.00,Kauniaisten Keskuskenttä
1722526200,Aug 01 2024 - 3:30pm,complete,N/A,TuPS,SaPa,N/A,13,2.27,0.33,2.00,0.32,8,0,8,3,3,0,"22,24,45,59,46,58,76,82","",8,0,-1,-1,-1,-1,-1,-1,-1,-1,38,4,12,1,26,3,-1,-1,50,50,1.78,0.80,3.75,0.42,3.88,53,92,83,43,21,30,61,70,78,7.66,-2.00,1.02,21.00,41.00,0.00,1.05,0.00,1.80,0.00,0.00,N/A
1722528900,Aug 01 2024 - 4:15pm,complete,N/A,HerTo,Valtti,N/A,13,0.08,2.33,0.36,2.09,0,8,8,0,0,0,"","",-1,-1,-1,-1,-1,-1,-1,-1,-1,-1,-1,-1,-1,-1,-1,-1,-1,-1,-1,-1,0.69,1.76,0.00,0.00,4.42,25,92,79,63,54,21,34,46,50,10.43,-2.00,0.00,0.00,0.00,0.00,0.00,0.00,0.00,0.00,0.00,N/A
1722532500,Aug 01 2024 - 5:15pm,complete,N/A,HooGee,Kasiysi,N/A,13,1.17,0.83,1.36,0.59,5,1,6,3,2,1,"31,24,48,63,72","7",11,7,-1,-1,-1,-1,-1,-1,-1,-1,22,6,10,4,12,2,-1,-1,50,50,1.63,0.90,2.59,0.99,3.46,67,83,71,59,38,38,67,63,75,6.23,-2.00,1.33,5.00,7.00,0.00,1.30,1.57,2.25,0.00,0.00,Matinkylän urheilupuisto
1722532800,Aug 01 2024 - 5:20pm,complete,N/A,PPJ / Ruoholahti,EIF II,N/A,13,0.83,2.08,1.18,1.73,2,0,2,2,2,0,"17,33","",2,7,-1,-1,-1,-1,-1,-1,-1,-1,9,13,4,1,5,12,-1,-1,50,50,1.52,1.48,1.38,1.70,3.46,75,88,71,46,29,34,59,50,67,11.87,-1.83,3.00,4.33,1.80,0.00,1.33,1.91,0.00,0.00,0.00,N/A
1722533400,Aug 01 2024 - 5:30pm,complete,N/A,Gnistan / Ogeli,HyPS,N/A,13,1.17,0.55,1.59,0.59,6,1,7,4,4,0,"27,24,11,36,58,86","75",6,2,-1,-1,-1,-1,-1,-1,-1,-1,24,11,14,4,10,7,-1,-1,50,50,1.07,0.95,2.96,1.17,2.88,70,87,66,27,9,35,65,44,66,7.26,-2.00,1.53,4.33,4.33,0.00,1.36,1.80,0.00,0.00,0.00,N/A
1722610800,Aug 02 2024 - 3:00pm,complete,N/A,NuPS,VJS II,N/A,13,1.67,2.00,1.73,1.95,6,0,6,3,3,0,"12,19,34,58,76,79","",10,7,-1,-1,-1,-1,-1,-1,-1,-1,23,12,16,4,7,8,-1,-1,50,50,1.50,1.51,2.93,1.37,3.38,63,92,63,42,29,42,63,46,63,9.47,-2.00,2.10,4.00,2.55,0.00,1.40,1.91,0.00,0.00,0.00,N/A
1722611700,Aug 02 2024 - 3:15pm,complete,N/A,Finnkurd,HPS,N/A,13,1.58,2.58,1.73,2.36,1,2,3,0,0,0,"","",-1,-1,-1,-1,-1,-1,-1,-1,-1,-1,-1,-1,-1,-1,-1,-1,-1,-1,-1,-1,1.64,1.39,0.00,0.00,5.08,54,96,92,79,63,4,34,34,34,8.13,-1.17,9.50,7.00,1.17,1.01,1.11,0.00,1.80,0.00,0.00,N/A
1722612600,Aug 02 2024 - 3:30pm,complete,N/A,RiPS,PKKU II,N/A,13,1.17,1.08,1.14,1.64,1,1,2,0,0,0,"70","90'1",11,4,-1,-1,-1,-1,-1,-1,-1,-1,8,10,2,6,6,4,-1,-1,50,50,1.42,1.49,1.06,1.41,3.96,71,96,75,42,29,38,63,38,67,8.61,-2.00,1.85,3.90,3.10,0.00,1.36,1.83,0.00,0.00,0.00,N/A
1722612600,Aug 02 2024 - 3:30pm,complete,N/A,TiPS,Atlantis / PM,N/A,13,1.92,2.58,2.00,1.86,4,2,6,2,1,1,"15,51,75,83","18,90'4",2,4,-1,-1,-1,-1,-1,-1,-1,-1,9,7,5,6,4,1,-1,-1,47,53,1.73,2.01,1.25,1.13,4.13,63,92,79,50,29,42,63,50,75,10.50,-2.00,1.80,4.00,3.50,0.00,1.40,1.85,0.00,0.00,0.00,N/A
1722615300,Aug 02 2024 - 4:15pm,complete,N/A,Kontu,PPJ / Lauttasaari,N/A,13,1.75,1.33,1.73,1.18,2,2,4,1,1,0,"43,55","71,81",7,6,-1,-1,-1,-1,-1,-1,-1,-1,11,5,6,3,5,2,-1,-1,50,50,2.22,1.50,1.69,0.94,4.63,50,92,88,71,63,29,58,63,67,10.38,-2.00,1.62,4.20,3.80,0.00,1.29,1.65,0.00,0.00,0.00,N/A
1722615300,Aug 02 2024 - 4:15pm,complete,N/A,Ponnistajat,PuiU Helsinki,N/A,13,1.08,2.58,1.27,2.41,2,1,3,1,0,1,"63,74","28",1,3,-1,-1,-1,-1,-1,-1,-1,-1,11,7,3,3,8,4,-1,-1,50,50,1.46,1.27,1.07,0.89,3.25,63,79,67,33,21,34,75,42,67,9.48,-2.00,5.00,6.00,1.36,0.00,1.29,1.73,0.00,0.00,0.00,N/A
1722679200,Aug 03 2024 - 10:00am,complete,N/A,Loviisa,Ponnistus,N/A,13,0.08,1.58,0.09,1.36,0,2,2,0,0,0,"","",-1,-1,-1,-1,-1,-1,-1,-1,-1,-1,-1,-1,-1,-1,-1,-1,-1,-1,-1,-1,0.84,0.92,0.00,0.00,5.13,42,92,79,67,63,13,21,25,25,7.15,-2.00,0.00,0.00,0.00,0.00,0.00,0.00,0.00,0.00,0.00,N/A
1722686400,Aug 03 2024 - 12:00pm,complete,N/A,FC Espoo,Kirkkonummi,N/A,13,1.25,0.73,1.14,0.64,1,2,3,3,1,2,"32","30,37",10,3,-1,-1,-1,-1,-1,-1,-1,-1,17,5,6,4,11,1,-1,-1,50,50,1.26,0.94,2.27,0.93,3.31,74,92,66,48,26,44,83,66,83,7.78,-2.00,1.50,4.33,4.50,0.00,1.33,1.65,0.00,0.00,0.00,N/A
1722688200,Aug 03 2024 - 12:30pm,complete,N/A,HIFK,Töölön Taisto,N/A,13,0.67,1.33,0.59,1.55,0,4,4,2,0,2,"","13,41,49,70",3,4,-1,-1,-1,-1,-1,-1,-1,-1,7,15,2,12,5,3,-1,-1,50,50,0.73,1.60,0.72,2.04,3.25,17,71,55,34,34,13,46,38,46,9.21,-2.00,3.10,3.90,1.90,0.00,1.33,1.62,0.00,0.00,0.00,Väinämöisen kenttä
1722778200,Aug 04 2024 - 1:30pm,complete,N/A,EPS II,ToTe,N/A,13,1.17,2.50,1.32,2.05,0,2,2,1,0,1,"","41,87",2,3,-1,-1,-1,-1,-1,-1,-1,-1,8,8,4,3,4,5,-1,-1,50,50,1.66,1.38,1.12,1.17,3.96,54,92,75,50,42,42,63,54,63,11.40,-2.00,13.00,7.50,1.13,0.00,1.25,1.77,0.00,0.00,0.00,Espoonlahden tekonurmi 2
1722873600,Aug 05 2024 - 4:00pm,complete,N/A,TuPS,HyPS,N/A,11,2.33,0.50,2.00,0.59,7,0,7,3,3,0,"22,25,45'1,62,53,77,86","",4,1,-1,-1,-1,-1,-1,-1,-1,-1,18,7,13,2,5,5,-1,-1,50,50,1.97,0.97,2.62,0.96,3.42,59,88,75,38,21,38,63,59,71,8.30,-2.00,1.05,15.00,29.00,0.00,1.14,0.00,1.78,0.00,0.00,N/A
1722960000,Aug 06 2024 - 4:00pm,complete,N/A,EIF II,Kirkkonummi,N/A,14,1.92,0.92,1.73,0.64,1,0,1,0,0,0,"90'1","",13,0,-1,-1,-1,-1,-1,-1,-1,-1,17,0,9,0,8,0,-1,-1,69,31,1.51,0.94,2.75,0.27,3.40,68,89,72,44,28,45,69,48,61,9.67,-1.85,1.14,7.50,11.00,0.00,1.17,0.00,2.05,0.00,0.00,N/A
1723050000,Aug 07 2024 - 5:00pm,complete,N/A,GrIFK U23,NuPS,N/A,14,0.58,1.77,1.41,1.73,0,1,1,1,0,1,"","24",2,9,-1,-1,-1,-1,-1,-1,-1,-1,6,16,5,4,1,12,-1,-1,45,55,1.47,1.65,1.28,2.01,2.84,44,75,48,36,16,24,48,28,48,11.71,-2.00,4.50,5.00,1.45,0.00,1.44,2.20,0.00,0.00,0.00,Kauniaisten Keskuskenttä
1723133700,Aug 08 2024 - 4:15pm,complete,N/A,MPS Atletico Malmi,HIFK,N/A,14,2.08,0.62,2.14,0.59,2,0,2,1,1,0,"7,76","",4,4,-1,-1,-1,-1,-1,-1,-1,-1,23,9,9,4,14,5,-1,-1,47,53,1.51,0.73,2.61,1.36,3.44,17,81,61,45,28,16,36,32,40,7.07,-2.00,1.13,8.00,13.00,0.00,1.29,1.58,2.20,0.00,0.00,Pukinmäki liikuntapuisto
1723137300,Aug 08 2024 - 5:15pm,complete,N/A,Töölön Taisto,Valtti,N/A,14,1.46,2.38,1.55,2.09,1,1,2,1,0,1,"90'2","43",1,5,-1,-1,-1,-1,-1,-1,-1,-1,4,4,2,2,2,2,-1,-1,50,50,1.65,1.76,0.55,0.57,4.16,31,89,73,50,38,23,50,54,62,12.13,-2.00,5.50,6.00,1.30,0.00,1.33,1.73,0.00,0.00,0.00,N/A
1723137600,Aug 08 2024 - 5:20pm,complete,N/A,PPJ / Ruoholahti,HooGee,N/A,14,1.00,1.31,1.18,1.36,0,0,0,0,0,0,"","",5,2,-1,-1,-1,-1,-1,-1,-1,-1,21,8,6,0,15,8,-1,-1,50,50,1.51,1.71,2.50,0.98,3.66,69,89,70,58,39,46,77,66,77,10.42,-2.00,2.00,4.33,2.63,0.00,1.25,1.57,0.00,0.00,0.00,N/A
1723138200,Aug 08 2024 - 5:30pm,complete,N/A,Gnistan / Ogeli,TiPS,N/A,14,1.31,2.00,1.59,2.00,2,4,6,4,1,3,"54,43","6,32,38,90'5",6,2,-1,-1,-1,-1,-1,-1,-1,-1,9,14,5,10,4,4,-1,-1,50,50,1.24,1.68,1.25,1.90,3.58,81,96,73,39,20,35,70,58,77,9.91,-2.00,3.60,4.20,1.67,0.00,1.33,1.85,0.00,0.00,0.00,N/A
1723217400,Aug 09 2024 - 3:30pm,complete,N/A,RiPS,Ponnistajat,N/A,14,1.15,1.23,1.14,1.27,2,3,5,0,0,0,"","",-1,-1,-1,-1,-1,-1,-1,-1,-1,-1,-1,-1,-1,-1,-1,-1,-1,-1,-1,-1,1.38,1.43,0.00,0.00,3.58,70,89,69,35,23,23,58,35,66,10.80,-2.00,0.00,0.00,0.00,0.00,0.00,0.00,0.00,0.00,0.00,N/A
1723219200,Aug 09 2024 - 4:00pm,complete,N/A,MPS,SaPa,N/A,14,0.85,0.31,0.95,0.32,2,0,2,0,0,0,"","",5,2,-1,-1,-1,-1,-1,-1,-1,-1,-1,-1,-1,-1,-1,-1,-1,-1,-1,-1,0.74,0.77,0.00,0.00,3.85,50,89,70,43,27,42,62,46,58,5.29,-2.00,0.00,0.00,0.00,0.00,1.60,0.00,0.00,0.00,0.00,Tapanilan nurmi
1723220100,Aug 09 2024 - 4:15pm,complete,N/A,LPS,PPJ / Lauttasaari,N/A,14,2.08,1.31,1.91,1.18,1,1,2,0,0,0,"52","64",5,4,-1,-1,-1,-1,-1,-1,-1,-1,19,12,5,4,14,8,-1,-1,50,50,1.96,1.45,1.99,1.33,4.53,52,89,80,72,65,24,56,56,64,10.47,-2.00,1.73,4.33,3.30,0.00,1.20,1.57,2.00,0.00,0.00,Hertta Areena
1723220100,Aug 09 2024 - 4:15pm,complete,N/A,Ponnistus,HPS,N/A,14,1.69,2.62,1.36,2.36,0,5,5,2,0,2,"","69,42,45'3,56,64",2,0,-1,-1,-1,-1,-1,-1,-1,-1,0,5,0,5,0,0,-1,-1,50,50,0.92,1.39,0.18,1.09,3.96,42,92,77,50,38,0,31,35,35,9.53,-1.69,13.00,8.50,1.13,0.00,1.17,1.57,2.20,0.00,0.00,N/A
1723220100,Aug 09 2024 - 4:15pm,complete,N/A,Kontu,HerTo,N/A,14,1.69,0.08,1.73,0.36,2,1,3,3,2,1,"2,16","21",15,1,-1,-1,-1,-1,-1,-1,-1,-1,22,2,9,1,13,1,-1,-1,50,50,2.15,0.69,2.76,0.43,4.97,39,93,89,73,66,23,43,47,47,11.24,-2.00,1.01,26.00,41.00,0.00,1.03,0.00,0.00,0.00,0.00,N/A
1723220100,Aug 09 2024 - 4:15pm,complete,N/A,PuiU Helsinki,HyPS,N/A,14,2.38,0.46,2.41,0.59,4,0,4,0,0,0,"","",-1,-1,-1,-1,-1,-1,-1,-1,-1,-1,-1,-1,-1,-1,-1,-1,-1,-1,-1,-1,1.24,0.97,0.00,0.00,3.27,58,81,69,39,23,46,70,50,69,6.44,-2.00,0.00,0.00,0.00,0.00,0.00,0.00,0.00,0.00,0.00,Puistolan liikuntapuisto
1723221000,Aug 09 2024 - 4:30pm,complete,N/A,Kuusysi,TuPS,N/A,14,1.38,2.38,1.36,2.00,1,2,3,0,0,0,"","",-1,-1,-1,-1,-1,-1,-1,-1,-1,-1,-1,-1,-1,-1,-1,-1,-1,-1,-1,-1,1.28,2.03,0.00,0.00,3.66,54,92,81,46,19,27,54,54,58,10.14,-2.00,0.00,0.00,0.00,0.00,0.00,0.00,0.00,0.00,0.00,Kisapuisto
1723223700,Aug 09 2024 - 5:15pm,complete,N/A,Kasiysi,ToTe,N/A,14,0.77,2.54,0.59,2.05,0,1,1,0,0,0,"","74",2,18,-1,-1,-1,-1,-1,-1,-1,-1,5,9,2,3,3,6,-1,-1,50,50,0.90,1.36,0.66,1.42,3.43,58,89,69,42,35,35,62,54,70,8.41,-2.00,8.50,6.50,1.20,0.00,1.33,1.91,0.00,0.00,0.00,N/A
1723223700,Aug 09 2024 - 5:15pm,complete,N/A,EsPa,VJS II,N/A,14,1.85,1.85,2.09,1.95,2,2,4,0,0,0,"","",-1,-1,-1,-1,-1,-1,-1,-1,-1,-1,-1,-1,-1,-1,-1,-1,-1,-1,-1,-1,1.89,1.49,0.00,0.00,3.92,66,89,66,50,46,50,70,62,77,11.00,-1.92,0.00,0.00,0.00,0.00,0.00,0.00,0.00,0.00,0.00,Matinkylän urheilupuisto
1723284000,Aug 10 2024 - 10:00am,complete,N/A,Loviisa,Finnkurd,N/A,14,0.08,1.46,0.09,1.73,0,7,7,0,0,0,"","",-1,-1,-1,-1,-1,-1,-1,-1,-1,-1,-1,-1,-1,-1,-1,-1,-1,-1,-1,-1,0.84,1.64,0.00,0.00,5.85,54,96,89,85,77,16,19,19,19,5.75,-1.54,0.00,0.00,0.00,0.00,0.00,0.00,0.00,0.00,0.00,N/A
1723298400,Aug 10 2024 - 2:00pm,complete,N/A,EPS II,FC Espoo,N/A,14,1.08,1.15,1.32,1.14,0,3,3,1,0,1,"","90'2,77,9",8,4,-1,-1,-1,-1,-1,-1,-1,-1,9,16,5,12,4,4,-1,-1,50,50,1.61,1.34,1.34,2.31,3.62,70,92,66,50,31,42,73,54,73,9.41,-2.00,2.25,3.75,2.50,0.00,1.40,2.00,0.00,0.00,0.00,Espoonlahden tekonurmi 2
1723374000,Aug 11 2024 - 11:00am,complete,N/A,PKKU II,Atlantis / PM,N/A,14,1.08,2.38,1.64,1.86,2,1,3,0,0,0,"63,90'6","68",5,8,-1,-1,-1,-1,-1,-1,-1,-1,8,5,4,1,4,4,-1,-1,50,50,1.48,1.93,0.90,0.50,4.23,66,93,77,46,35,50,73,50,73,8.42,-2.00,3.00,4.33,1.80,0.00,1.25,1.65,0.00,0.00,0.00,N/A
1723476600,Aug 12 2024 - 3:30pm,complete,N/A,TiPS,Ponnistajat,N/A,17,2.07,1.36,2.00,1.27,2,1,3,0,0,0,"","",-1,-1,-1,-1,-1,-1,-1,-1,-1,-1,-1,-1,-1,-1,-1,-1,-1,-1,-1,-1,1.70,1.43,0.00,0.00,3.93,83,93,75,47,33,32,68,57,75,9.74,-2.00,1.33,5.00,6.00,0.00,1.29,1.57,0.00,0.00,0.00,Tikkurila urheilupuisto nurmi
1723649400,Aug 14 2024 - 3:30pm,complete,N/A,Kirkkonummi,Kasiysi,N/A,15,0.85,0.71,0.64,0.59,1,4,5,3,1,2,"33","44,42,66,88",10,4,-1,-1,-1,-1,-1,-1,-1,-1,10,22,8,12,2,10,-1,-1,51,49,0.89,0.89,1.68,2.67,3.19,63,82,67,41,26,45,71,52,78,5.36,-2.00,1.95,4.50,2.70,0.00,1.50,2.15,0.00,0.00,0.00,N/A
1723656600,Aug 14 2024 - 5:30pm,complete,N/A,VJS II,EIF II,N/A,15,1.79,2.00,1.95,1.73,2,1,3,0,0,0,"60,90'3","64",10,1,-1,-1,-1,-1,-1,-1,-1,-1,20,5,11,4,9,1,-1,-1,67,33,1.49,1.65,2.61,0.93,3.68,68,86,72,50,40,43,57,47,61,11.58,-1.86,1.33,5.25,5.75,0.00,1.20,0.00,2.05,0.00,0.00,N/A
1723735800,Aug 15 2024 - 3:30pm,complete,N/A,TuPS,Gnistan / Ogeli,N/A,15,2.43,1.21,2.00,1.59,0,3,3,1,0,1,"","68,72,38",3,10,-1,-1,-1,-1,-1,-1,-1,-1,6,16,1,8,5,8,-1,-1,50,50,2.03,1.24,0.83,2.03,3.50,65,93,79,33,18,33,72,57,71,10.56,-2.00,1.18,7.00,10.00,0.00,1.29,1.57,0.00,0.00,0.00,N/A
1723738500,Aug 15 2024 - 4:15pm,complete,N/A,HerTo,HIFK,N/A,15,0.07,0.57,0.36,0.59,2,0,2,1,1,0,"43,48","",3,12,-1,-1,-1,-1,-1,-1,-1,-1,4,9,2,5,2,4,-1,-1,25,75,0.65,0.80,0.70,1.71,3.75,11,79,65,50,46,18,36,29,36,6.84,-2.00,8.00,7.50,1.20,0.00,1.22,0.00,2.10,0.00,0.00,N/A
1723738500,Aug 15 2024 - 4:15pm,complete,N/A,Atlantis / PM,PuiU Helsinki,N/A,15,2.21,2.43,1.86,2.41,2,3,5,1,1,0,"24,57","46,61,90'1",2,3,-1,-1,-1,-1,-1,-1,-1,-1,9,13,5,6,4,7,-1,-1,44,56,1.81,1.24,1.19,1.65,3.68,50,83,79,43,25,43,68,43,68,9.33,-2.00,2.38,3.60,2.50,0.00,1.57,2.25,0.00,0.00,0.00,Pukinmäki liikuntapuisto
1723742100,Aug 15 2024 - 5:15pm,complete,N/A,HooGee,GrIFK U23,N/A,15,1.29,0.54,1.36,1.41,1,2,3,1,1,0,"4","70,76",6,14,-1,-1,-1,-1,-1,-1,-1,-1,9,15,3,8,6,7,-1,-1,50,50,1.65,1.45,1.47,2.35,3.13,51,67,55,51,33,29,59,43,55,10.45,-2.00,1.80,4.10,3.20,1.11,1.36,1.65,0.00,0.00,0.00,Matinkylän urheilupuisto
1723742400,Aug 15 2024 - 5:20pm,complete,N/A,PPJ / Lauttasaari,Ponnistus,N/A,15,1.29,1.57,1.18,1.36,2,4,6,0,0,0,"","",-1,-1,-1,-1,-1,-1,-1,-1,-1,-1,-1,-1,-1,-1,-1,-1,-1,-1,-1,-1,1.44,0.79,0.00,0.00,4.07,47,90,75,61,50,14,39,50,54,8.17,-2.00,1.36,4.75,5.50,0.00,1.22,0.00,0.00,0.00,0.00,N/A
1723820400,Aug 16 2024 - 3:00pm,complete,N/A,NuPS,EPS II,N/A,15,1.86,1.00,1.73,1.32,2,0,2,0,0,0,"","",-1,-1,-1,-1,-1,-1,-1,-1,-1,-1,-1,-1,-1,-1,-1,-1,-1,-1,-1,-1,1.68,1.59,0.00,0.00,3.43,47,90,61,43,25,36,64,43,61,10.83,-2.00,0.00,0.00,0.00,0.00,0.00,0.00,0.00,0.00,0.00,Kuoppanummi Nurmi
1723821300,Aug 16 2024 - 3:15pm,complete,N/A,Finnkurd,Kontu,N/A,15,1.57,1.79,1.73,1.73,5,1,6,0,0,0,"","",-1,-1,-1,-1,-1,-1,-1,-1,-1,-1,-1,-1,-1,-1,-1,-1,-1,-1,-1,-1,1.64,2.22,0.00,0.00,5.32,68,100,97,79,65,22,39,36,36,10.30,-1.57,4.10,4.50,1.53,0.00,1.13,0.00,1.57,0.00,0.00,N/A
1723822200,Aug 16 2024 - 3:30pm,complete,N/A,TiPS,RiPS,N/A,15,2.13,1.07,2.00,1.14,9,0,9,4,4,0,"34,67,62,75,45'1,47,28,50,9","",10,1,-1,-1,-1,-1,-1,-1,-1,-1,9,0,9,0,0,0,-1,-1,50,50,1.70,1.38,0.00,0.00,3.92,76,97,76,48,31,31,48,44,69,10.72,-2.00,1.20,5.75,10.00,0.00,1.22,0.00,2.10,0.00,0.00,N/A
1723824900,Aug 16 2024 - 4:15pm,complete,N/A,Ponnistajat,Kuusysi,N/A,15,1.27,1.29,1.27,1.36,0,1,1,0,0,0,"","",-1,-1,-1,-1,-1,-1,-1,-1,-1,-1,-1,-1,-1,-1,-1,-1,-1,-1,-1,-1,1.43,1.28,0.00,0.00,3.55,72,90,76,42,21,21,52,38,48,9.41,-2.00,1.44,4.50,5.25,0.00,1.33,1.80,0.00,0.00,0.00,N/A
1723825800,Aug 16 2024 - 4:30pm,complete,N/A,Valtti,LPS,N/A,15,2.29,2.00,2.09,1.91,1,1,2,1,1,0,"20","90'10",2,11,-1,-1,-1,-1,-1,-1,-1,-1,4,11,2,7,2,4,-1,-1,50,50,1.63,1.96,0.57,1.70,4.34,49,96,70,56,49,22,45,48,59,11.69,-2.00,2.10,4.33,2.38,0.00,1.29,1.62,0.00,0.00,0.00,N/A
1723828500,Aug 16 2024 - 5:15pm,complete,N/A,Töölön Taisto,HPS,N/A,4,1.43,2.64,1.55,2.36,1,1,2,1,0,1,"57","15",4,4,-1,-1,-1,-1,-1,-1,-1,-1,3,8,1,4,2,4,-1,-1,36,64,1.55,1.36,0.63,1.41,3.97,36,86,75,50,40,14,57,50,57,10.56,-1.71,4.50,5.25,1.44,0.00,1.36,1.91,0.00,0.00,0.00,N/A
1723888800,Aug 17 2024 - 10:00am,complete,N/A,SaPa,PKKU II,N/A,15,0.29,1.21,0.32,1.64,0,3,3,0,0,0,"","",2,8,-1,-1,-1,-1,-1,-1,-1,-1,-1,-1,-1,-1,-1,-1,-1,-1,-1,-1,0.77,1.43,0.00,0.00,4.32,65,97,75,47,33,43,64,68,79,5.46,-2.00,2.64,3.50,2.17,0.00,1.42,0.00,0.00,0.00,0.00,N/A
1723896000,Aug 17 2024 - 12:00pm,complete,N/A,MPS Atletico Malmi,Loviisa,N/A,15,2.15,0.07,2.14,0.09,2,1,3,0,0,0,"","",-1,-1,-1,-1,-1,-1,-1,-1,-1,-1,-1,-1,-1,-1,-1,-1,-1,-1,-1,-1,1.64,0.84,0.00,0.00,5.01,30,93,74,67,55,18,30,26,34,7.25,-2.00,0.00,0.00,0.00,0.00,0.00,0.00,0.00,0.00,0.00,Pukinmäki liikuntapuisto
1723896000,Aug 17 2024 - 12:00pm,complete,N/A,HyPS,MPS,N/A,15,0.43,1.00,0.59,0.95,1,0,1,0,0,0,"","",-1,-1,-1,-1,-1,-1,-1,-1,-1,-1,-1,-1,-1,-1,-1,-1,-1,-1,-1,-1,0.97,0.74,0.00,0.00,3.18,54,86,61,36,22,43,57,32,47,5.92,-2.00,0.00,0.00,0.00,0.00,0.00,0.00,0.00,0.00,0.00,Hyvinkää UP Nurmi
1723896000,Aug 17 2024 - 12:00pm,complete,N/A,FC Espoo,PPJ / Ruoholahti,N/A,15,1.29,1.00,1.14,1.18,1,2,3,0,0,0,"60","51,78",6,8,-1,-1,-1,-1,-1,-1,-1,-1,8,11,4,6,4,5,-1,-1,50,50,1.41,1.58,1.07,1.43,3.11,72,90,61,40,21,40,75,57,75,10.09,-2.00,2.35,4.20,2.20,0.00,1.44,2.30,0.00,0.00,0.00,N/A
1723899600,Aug 17 2024 - 1:00pm,complete,N/A,ToTe,EsPa,N/A,15,2.57,1.79,2.05,2.09,1,2,3,1,0,1,"57","13,61",2,2,-1,-1,-1,-1,-1,-1,-1,-1,13,5,2,4,11,1,-1,-1,50,50,1.37,1.89,1.26,0.78,3.54,54,86,61,43,36,33,57,54,68,13.59,-1.93,1.40,5.25,4.75,0.00,1.33,2.07,0.00,0.00,0.00,N/A
1724170500,Aug 20 2024 - 4:15pm,complete,N/A,MPS Atletico Malmi,LPS,N/A,13,2.21,1.93,2.14,1.91,5,1,6,2,1,1,"1,52,63,50,79","8",4,10,-1,-1,-1,-1,-1,-1,-1,-1,14,10,9,6,5,4,-1,-1,41,59,1.64,1.93,2.02,1.76,4.18,50,93,68,54,43,18,43,36,50,11.17,-2.00,1.83,4.50,2.90,0.00,1.22,1.57,2.20,0.00,0.00,Pukinmäki liikuntapuisto
1724346000,Aug 22 2024 - 5:00pm,complete,N/A,TuPS,PKKU II,N/A,16,2.27,1.33,2.00,1.64,0,1,1,0,0,0,"","60",8,2,-1,-1,-1,-1,-1,-1,-1,-1,12,8,4,3,8,5,-1,-1,50,50,1.93,1.43,1.50,0.86,3.77,64,97,80,33,24,34,67,64,73,9.28,-2.00,1.53,4.20,4.75,0.00,1.44,1.85,0.00,0.00,0.00,N/A
1724347200,Aug 22 2024 - 5:20pm,complete,N/A,PPJ / Ruoholahti,ToTe,N/A,16,1.13,2.40,1.18,2.05,0,1,1,1,0,1,"","13",4,9,-1,-1,-1,-1,-1,-1,-1,-1,6,7,4,2,2,5,-1,-1,50,50,1.57,1.36,0.97,1.07,3.20,57,87,64,33,27,34,64,53,70,12.34,-2.00,3.50,4.00,1.73,0.00,1.50,2.25,0.00,0.00,0.00,N/A
1724347800,Aug 22 2024 - 5:30pm,complete,N/A,Gnistan / Ogeli,Atlantis / PM,N/A,16,1.33,2.07,1.59,1.86,2,1,3,2,2,0,"45'2,43","47",1,4,-1,-1,-1,-1,-1,-1,-1,-1,12,10,6,4,6,6,-1,-1,46,54,1.30,1.76,1.46,1.18,3.84,63,90,80,40,27,40,74,50,73,10.31,-2.00,2.88,3.70,2.00,0.00,1.36,0.00,0.00,0.00,0.00,N/A
1724425200,Aug 23 2024 - 3:00pm,complete,N/A,NuPS,EIF II,N/A,16,1.93,1.87,1.73,1.73,4,1,5,0,0,0,"","",-1,-1,-1,-1,-1,-1,-1,-1,-1,-1,-1,-1,-1,-1,-1,-1,-1,-1,-1,-1,1.68,1.58,0.00,0.00,3.00,54,84,57,37,20,27,47,37,50,12.31,-1.87,0.00,0.00,0.00,0.00,0.00,0.00,0.00,0.00,0.00,Kuoppanummi Nurmi
1724427000,Aug 23 2024 - 3:30pm,complete,N/A,RiPS,HyPS,N/A,16,1.00,0.60,1.14,0.59,2,1,3,0,0,0,"","",-1,-1,-1,-1,-1,-1,-1,-1,-1,-1,-1,-1,-1,-1,-1,-1,-1,-1,-1,-1,1.38,0.97,0.00,0.00,3.77,57,87,70,47,30,37,47,37,60,7.76,-2.00,0.00,0.00,0.00,0.00,0.00,0.00,0.00,0.00,0.00,N/A
1724428800,Aug 23 2024 - 4:00pm,complete,N/A,HPS,HerTo,N/A,16,2.53,0.27,2.36,0.36,7,1,8,0,0,0,"","",-1,-1,-1,-1,-1,-1,-1,-1,-1,-1,-1,-1,-1,-1,-1,-1,-1,-1,-1,-1,1.37,0.66,0.00,0.00,4.33,30,90,80,60,54,14,43,37,43,8.50,-1.73,0.00,0.00,0.00,0.00,0.00,0.00,0.00,0.00,0.00,N/A
1724428800,Aug 23 2024 - 4:00pm,complete,N/A,Kontu,Valtti,N/A,16,1.67,2.20,1.73,2.09,1,5,6,1,1,0,"8","56,71,64,83,85",2,11,-1,-1,-1,-1,-1,-1,-1,-1,7,30,4,12,3,18,-1,-1,50,50,2.22,1.52,0.90,3.35,4.40,54,100,80,57,43,27,54,50,60,12.50,-2.00,2.90,4.33,1.85,0.00,1.30,1.67,0.00,0.00,0.00,N/A
1724428800,Aug 23 2024 - 4:00pm,complete,N/A,PuiU Helsinki,Kuusysi,N/A,16,2.47,1.40,2.41,1.36,2,1,3,1,1,0,"20,67","90'3",3,4,-1,-1,-1,-1,-1,-1,-1,-1,13,11,4,5,9,6,-1,-1,50,50,1.27,1.28,1.37,1.31,3.23,57,84,73,44,17,27,53,40,50,8.50,-2.00,1.27,5.75,6.50,0.00,1.33,2.10,0.00,0.00,0.00,Puistolan liikuntapuisto
1724428800,Aug 23 2024 - 4:00pm,complete,N/A,MPS,Ponnistajat,N/A,16,0.93,1.19,0.95,1.27,3,3,6,1,1,0,"39,77,80","74,90,87",3,3,-1,-1,-1,-1,-1,-1,-1,-1,15,9,6,5,9,4,-1,-1,50,50,0.74,1.43,1.63,1.03,3.02,61,81,58,26,19,26,58,26,42,8.47,-2.00,3.20,4.33,1.85,0.00,1.53,2.25,0.00,0.00,0.00,Tapanilan nurmi
1724429700,Aug 23 2024 - 4:15pm,complete,N/A,LPS,Loviisa,N/A,16,1.80,0.07,1.91,0.09,11,0,11,0,0,0,"","",-1,-1,-1,-1,-1,-1,-1,-1,-1,-1,-1,-1,-1,-1,-1,-1,-1,-1,-1,-1,1.92,0.84,0.00,0.00,5.10,50,93,74,67,67,24,37,34,40,9.75,-2.00,1.03,21.00,41.00,0.00,1.05,0.00,0.00,0.00,0.00,Hertta Areena
1724432400,Aug 23 2024 - 5:00pm,complete,N/A,EPS II,Kirkkonummi,N/A,16,0.93,0.79,1.32,0.64,5,0,5,0,0,0,"","",-1,-1,-1,-1,-1,-1,-1,-1,-1,-1,-1,-1,-1,-1,-1,-1,-1,-1,-1,-1,1.59,0.94,0.00,0.00,3.62,56,90,69,45,31,49,77,52,73,8.56,-2.00,1.38,4.75,5.25,0.00,1.29,1.88,0.00,0.00,0.00,Espoonlahden tekonurmi 2
1724433300,Aug 23 2024 - 5:15pm,complete,N/A,Finnkurd,Töölön Taisto,N/A,16,1.67,1.40,1.73,1.55,4,3,7,0,0,0,"","",-1,-1,-1,-1,-1,-1,-1,-1,-1,-1,-1,-1,-1,-1,-1,-1,-1,-1,-1,-1,1.64,1.47,0.00,0.00,4.83,57,90,80,67,57,14,40,30,40,8.83,-1.60,1.75,4.75,2.90,0.00,1.11,0.00,1.80,0.00,0.00,N/A
1724433300,Aug 23 2024 - 5:15pm,complete,N/A,Kasiysi,GrIFK U23,N/A,16,0.87,0.71,0.59,1.41,2,7,9,5,1,4,"29,87","16,43,24,27,51,74,80",3,8,-1,-1,-1,-1,-1,-1,-1,-1,5,19,3,13,2,6,-1,-1,50,50,1.00,1.54,0.71,2.66,2.92,55,69,55,38,24,27,55,37,62,8.78,-2.00,2.90,4.20,1.90,0.00,1.50,2.20,0.00,0.00,0.00,N/A
1724433300,Aug 23 2024 - 5:15pm,complete,N/A,EsPa,HooGee,N/A,16,1.87,1.20,2.09,1.36,1,0,1,0,0,0,"52","",6,2,-1,-1,-1,-1,-1,-1,-1,-1,17,8,8,4,9,4,-1,-1,50,50,1.81,1.64,2.29,1.08,3.67,67,84,67,57,40,37,67,67,73,10.93,-1.93,1.30,5.50,5.75,0.00,1.36,1.73,0.00,0.00,0.00,Matinkylän urheilupuisto
1724494500,Aug 24 2024 - 10:15am,complete,N/A,SaPa,TiPS,N/A,16,0.27,2.19,0.32,2.00,2,1,3,0,0,0,"","",3,5,-1,-1,-1,-1,-1,-1,-1,-1,-1,-1,-1,-1,-1,-1,-1,-1,-1,-1,0.77,1.70,0.00,0.00,4.52,61,97,81,55,36,42,58,68,77,7.15,-2.00,0.00,0.00,0.00,0.00,0.00,0.00,0.00,0.00,0.00,N/A
1724500800,Aug 24 2024 - 12:00pm,complete,N/A,MPS Atletico Malmi,Ponnistus,N/A,16,2.27,1.67,2.14,1.36,2,0,2,0,0,0,"","",-1,-1,-1,-1,-1,-1,-1,-1,-1,-1,-1,-1,-1,-1,-1,-1,-1,-1,-1,-1,1.69,0.79,0.00,0.00,4.13,44,93,73,53,40,14,30,30,37,8.44,-2.00,0.00,0.00,0.00,0.00,0.00,0.00,0.00,0.00,0.00,Pukinmäki liikuntapuisto
1724504400,Aug 24 2024 - 1:00pm,complete,N/A,HIFK,PPJ / Lauttasaari,N/A,16,0.53,1.20,0.59,1.18,0,1,1,1,0,1,"","11",4,2,-1,-1,-1,-1,-1,-1,-1,-1,5,7,4,3,1,4,-1,-1,50,50,0.89,1.44,0.75,0.85,3.40,27,80,60,50,40,17,50,47,60,7.77,-2.00,3.75,5.50,1.50,0.00,1.30,1.89,0.00,0.00,0.00,N/A
1724518800,Aug 24 2024 - 5:00pm,complete,N/A,VJS II,FC Espoo,N/A,16,1.87,1.20,1.95,1.14,5,0,5,2,2,0,"29,35,78,74,66","",6,3,-1,-1,-1,-1,-1,-1,-1,-1,15,12,8,6,7,6,-1,-1,50,50,1.58,1.38,2.02,1.72,3.60,77,93,74,47,34,43,70,64,77,9.80,-2.00,2.10,4.20,2.50,0.00,1.33,1.70,0.00,0.00,0.00,N/A
1724857200,Aug 28 2024 - 3:00pm,complete,N/A,Kirkkonummi,NuPS,N/A,17,0.73,2.00,0.64,1.73,3,2,5,0,0,0,"","",-1,-1,-1,-1,-1,-1,-1,-1,-1,-1,-1,-1,-1,-1,-1,-1,-1,-1,-1,-1,0.94,1.68,0.00,0.00,3.21,52,88,62,43,26,39,65,42,59,9.55,-2.00,10.00,6.50,1.18,0.00,1.29,1.57,2.20,0.00,0.00,N/A
1724860800,Aug 28 2024 - 4:00pm,complete,N/A,EIF II,Kasiysi,N/A,17,1.75,0.81,1.73,0.59,4,0,4,1,1,0,"54,38,47,64","",9,0,-1,-1,-1,-1,-1,-1,-1,-1,21,5,11,3,10,2,-1,-1,50,50,1.58,0.99,2.80,0.83,3.47,69,81,69,47,35,35,51,47,66,8.78,-1.88,1.17,6.50,11.00,0.00,1.33,1.73,2.15,0.00,0.00,N/A
1724864400,Aug 28 2024 - 5:00pm,complete,N/A,GrIFK U23,EPS II,N/A,17,0.87,1.06,1.41,1.32,1,0,1,0,0,0,"75","",5,1,-1,-1,-1,-1,-1,-1,-1,-1,13,10,8,4,5,6,-1,-1,54,46,1.63,1.59,1.73,1.20,3.47,46,77,58,42,29,29,58,36,55,11.50,-2.00,1.83,4.75,2.90,0.00,1.33,1.73,0.00,0.00,0.00,Kauniaisten Keskuskenttä
1724865300,Aug 28 2024 - 5:15pm,complete,N/A,EsPa,PPJ / Ruoholahti,N/A,17,1.94,1.06,2.09,1.18,5,3,8,3,3,0,"23,33,31,82,88","70,67,77",7,2,-1,-1,-1,-1,-1,-1,-1,-1,13,10,10,4,3,6,-1,-1,50,50,1.84,1.53,2.10,1.39,3.22,63,81,56,38,25,35,63,53,72,11.54,-1.94,1.62,4.33,3.70,0.00,1.44,1.95,0.00,0.00,0.00,Matinkylän urheilupuisto
1724946300,Aug 29 2024 - 3:45pm,complete,N/A,HerTo,MPS Atletico Malmi,N/A,17,0.25,2.31,0.36,2.14,0,8,8,0,0,0,"","",2,11,-1,-1,-1,-1,-1,-1,-1,-1,-1,-1,-1,-1,-1,-1,-1,-1,-1,-1,0.66,1.69,0.00,0.00,4.47,32,91,75,60,50,19,35,28,38,8.44,-2.00,0.00,0.00,0.00,0.00,0.00,0.00,0.00,0.00,0.00,N/A
1724946300,Aug 29 2024 - 3:45pm,complete,N/A,Atlantis / PM,TuPS,N/A,17,1.94,2.13,1.86,2.00,0,4,4,0,0,0,"","88,48,71,85",4,9,-1,-1,-1,-1,-1,-1,-1,-1,11,23,5,13,6,10,-1,-1,42,58,1.72,1.90,1.34,2.75,3.91,50,88,85,41,29,38,66,54,75,10.55,-2.00,1.90,3.80,3.10,0.00,1.36,1.73,0.00,0.00,0.00,Pukinmäki liikuntapuisto
1724950800,Aug 29 2024 - 5:00pm,complete,N/A,Töölön Taisto,LPS,N/A,17,1.31,1.88,1.55,1.91,1,1,2,0,0,0,"51","80",2,8,-1,-1,-1,-1,-1,-1,-1,-1,7,8,3,5,4,3,-1,-1,50,50,1.47,1.92,0.96,1.28,4.41,54,88,66,54,51,22,57,44,60,12.83,-2.00,2.10,3.90,2.63,0.00,1.20,0.00,2.10,0.00,0.00,N/A
1724952000,Aug 29 2024 - 5:20pm,complete,N/A,PPJ / Lauttasaari,HPS,N/A,17,1.31,2.56,1.18,2.36,1,1,2,1,0,1,"86","3",5,6,-1,-1,-1,-1,-1,-1,-1,-1,7,12,3,4,4,8,-1,-1,50,50,1.40,1.37,0.85,1.49,4.13,47,88,78,63,50,13,53,54,60,8.50,-1.75,8.50,8.00,1.18,0.00,1.17,0.00,2.10,0.00,0.00,N/A
1725033600,Aug 30 2024 - 4:00pm,complete,N/A,MPS,RiPS,N/A,17,0.94,1.13,0.95,1.14,4,0,4,2,2,0,"28,45'2,58,89","",3,6,-1,-1,-1,-1,-1,-1,-1,-1,4,0,4,0,0,0,-1,-1,50,50,0.84,1.38,0.87,0.27,3.41,57,88,63,35,25,28,47,22,44,8.90,-2.00,1.73,4.50,3.25,0.00,1.33,1.93,0.00,0.00,0.00,Tapanilan nurmi
1725035400,Aug 30 2024 - 4:30pm,complete,N/A,Valtti,Finnkurd,N/A,17,2.25,1.75,2.09,1.73,1,3,4,0,0,0,"","",-1,-1,-1,-1,-1,-1,-1,-1,-1,-1,-1,-1,-1,-1,-1,-1,-1,-1,-1,-1,1.69,1.64,0.00,0.00,5.07,60,100,85,72,60,13,32,32,41,8.73,-1.63,0.00,0.00,0.00,0.00,0.00,0.00,0.00,0.00,0.00,N/A
1725035400,Aug 30 2024 - 4:30pm,complete,N/A,Kuusysi,Gnistan / Ogeli,N/A,17,1.31,1.44,1.36,1.59,0,2,2,0,0,0,"","",-1,-1,-1,-1,-1,-1,-1,-1,-1,-1,-1,-1,-1,-1,-1,-1,-1,-1,-1,-1,1.28,1.31,0.00,0.00,3.28,69,91,75,35,13,29,60,44,57,9.43,-2.00,0.00,0.00,0.00,0.00,0.00,0.00,0.00,0.00,0.00,Kisapuisto
1725098400,Aug 31 2024 - 10:00am,complete,N/A,Loviisa,Kontu,N/A,17,0.06,1.56,0.09,1.73,1,4,5,0,0,0,"","",-1,-1,-1,-1,-1,-1,-1,-1,-1,-1,-1,-1,-1,-1,-1,-1,-1,-1,-1,-1,0.84,2.09,0.00,0.00,5.47,50,97,88,72,66,25,41,38,38,9.57,-2.00,0.00,0.00,0.00,0.00,0.00,0.00,0.00,0.00,0.00,N/A
1725102900,Aug 31 2024 - 11:15am,complete,N/A,Ponnistus,HIFK,N/A,17,1.56,0.50,1.36,0.59,0,0,0,0,0,0,"","",-1,-1,-1,-1,-1,-1,-1,-1,-1,-1,-1,-1,-1,-1,-1,-1,-1,-1,-1,-1,0.79,0.88,0.00,0.00,3.22,22,82,54,38,32,10,35,25,35,7.64,-2.00,0.00,0.00,0.00,0.00,0.00,0.00,0.00,0.00,0.00,N/A
1725105600,Aug 31 2024 - 12:00pm,complete,N/A,FC Espoo,HooGee,N/A,17,1.13,1.13,1.14,1.36,2,3,5,1,1,0,"21,90'1","73,77,86",1,4,-1,-1,-1,-1,-1,-1,-1,-1,14,13,4,5,10,8,-1,-1,55,45,1.40,1.60,1.46,1.56,3.38,69,85,69,54,35,38,72,69,78,9.33,-2.00,1.70,4.75,3.20,0.00,1.29,1.80,0.00,0.00,0.00,N/A
1725110100,Aug 31 2024 - 1:15pm,complete,N/A,ToTe,VJS II,N/A,17,2.44,1.94,2.05,1.95,0,1,1,0,0,0,"","",-1,-1,-1,-1,-1,-1,-1,-1,-1,-1,-1,-1,-1,-1,-1,-1,-1,-1,-1,-1,1.34,1.61,0.00,0.00,3.66,57,88,72,44,41,41,66,57,69,12.00,-2.00,0.00,0.00,0.00,0.00,0.00,0.00,0.00,0.00,0.00,N/A
1725111000,Aug 31 2024 - 1:30pm,complete,N/A,HyPS,SaPa,N/A,17,0.56,0.44,0.59,0.32,11,0,11,0,0,0,"","",-1,-1,-1,-1,-1,-1,-1,-1,-1,-1,-1,-1,-1,-1,-1,-1,-1,-1,-1,-1,0.97,0.77,0.00,0.00,3.97,50,88,75,47,28,41,50,54,63,4.36,-2.00,0.00,0.00,0.00,0.00,0.00,0.00,0.00,0.00,0.00,Hyvinkää UP Nurmi
1725188400,Sep 01 2024 - 11:00am,complete,N/A,PKKU II,PuiU Helsinki,N/A,17,1.44,2.50,1.64,2.41,0,0,0,0,0,0,"","",6,7,-1,-1,-1,-1,-1,-1,-1,-1,-1,-1,-1,-1,-1,-1,-1,-1,-1,-1,1.39,1.28,0.00,0.00,3.41,66,88,72,35,22,35,69,53,72,7.66,-2.00,2.80,4.20,1.95,0.00,1.65,0.00,0.00,0.00,0.00,N/A
1725467400,Sep 04 2024 - 4:30pm,complete,N/A,PKKU II,Gnistan / Ogeli,N/A,18,1.41,1.53,1.64,1.59,3,1,4,0,0,0,"53,58,79","76",2,5,-1,-1,-1,-1,-1,-1,-1,-1,13,6,6,3,7,3,-1,-1,51,49,1.39,1.31,1.57,0.95,3.33,71,91,68,27,18,35,68,50,71,8.88,-2.00,1.67,4.10,3.75,0.00,1.44,2.00,0.00,0.00,0.00,Kalevan Urheilupuisto nurmi
1725548400,Sep 05 2024 - 3:00pm,complete,N/A,RiPS,Kuusysi,N/A,18,1.06,1.24,1.14,1.36,1,3,4,0,0,0,"","",-1,-1,-1,-1,-1,-1,-1,-1,-1,-1,-1,-1,-1,-1,-1,-1,-1,-1,-1,-1,1.26,1.28,0.00,0.00,3.62,59,91,74,44,21,24,38,32,47,9.88,-2.00,0.00,0.00,0.00,0.00,0.00,0.00,0.00,0.00,0.00,N/A
1725549300,Sep 05 2024 - 3:15pm,complete,N/A,SaPa,Atlantis / PM,N/A,18,0.41,1.82,0.32,1.86,0,2,2,0,0,0,"","",5,7,-1,-1,-1,-1,-1,-1,-1,-1,-1,-1,-1,-1,-1,-1,-1,-1,-1,-1,0.77,1.70,0.00,0.00,4.59,47,91,85,53,35,41,56,53,71,6.87,-2.00,0.00,0.00,0.00,0.00,0.00,0.00,0.00,0.00,0.00,N/A
1725549300,Sep 05 2024 - 3:15pm,complete,N/A,Ponnistajat,HyPS,N/A,18,1.18,0.71,1.27,0.59,2,2,4,2,1,1,"23,72","45'1,90",3,1,-1,-1,-1,-1,-1,-1,-1,-1,20,10,8,5,12,5,-1,-1,50,50,1.39,0.97,2.28,1.35,3.74,65,82,71,41,29,30,56,41,56,7.11,-2.00,1.67,4.50,3.30,0.00,1.36,1.75,0.00,0.00,0.00,N/A
1725555600,Sep 05 2024 - 5:00pm,complete,N/A,TuPS,TiPS,N/A,18,2.18,2.06,2.00,2.00,1,2,3,2,0,2,"52","3,29",7,3,-1,-1,-1,-1,-1,-1,-1,-1,12,14,5,5,7,9,-1,-1,50,50,1.96,1.70,1.48,1.50,3.94,62,94,82,44,27,33,59,65,76,11.07,-2.00,1.70,4.75,3.40,0.00,1.36,1.80,0.00,0.00,0.00,N/A
1725556500,Sep 05 2024 - 5:15pm,complete,N/A,HooGee,ToTe,N/A,18,1.24,2.29,1.36,2.05,4,2,6,2,1,1,"13,48,53,67","36,58",3,5,-1,-1,-1,-1,-1,-1,-1,-1,13,14,7,9,6,5,-1,-1,50,50,1.60,1.34,1.94,2.13,3.33,53,76,65,47,38,30,65,59,68,11.53,-2.00,3.40,4.75,1.62,0.00,1.30,1.91,0.00,0.00,0.00,Matinkylän urheilupuisto
1725556800,Sep 05 2024 - 5:20pm,complete,N/A,PPJ / Ruoholahti,GrIFK U23,N/A,18,1.00,1.00,1.18,1.41,1,2,3,1,0,1,"70","4,68",3,4,-1,-1,-1,-1,-1,-1,-1,-1,1,3,1,3,0,0,-1,-1,50,50,1.53,1.64,0.43,0.72,3.06,55,69,52,33,22,30,61,39,61,11.71,-2.00,2.88,4.20,1.95,0.00,1.50,2.10,0.00,0.00,0.00,N/A
1725634800,Sep 06 2024 - 3:00pm,complete,N/A,Kontu,Töölön Taisto,N/A,18,1.65,1.29,1.73,1.55,2,0,2,1,1,0,"85,5","",6,8,-1,-1,-1,-1,-1,-1,-1,-1,7,6,3,1,4,5,-1,-1,50,50,2.09,1.43,1.04,0.79,4.35,59,91,77,56,47,24,59,50,59,12.36,-2.00,1.67,5.25,3.10,0.00,1.13,0.00,1.91,0.00,0.00,N/A
1725634800,Sep 06 2024 - 3:00pm,complete,N/A,NuPS,FC Espoo,N/A,18,1.88,1.06,1.73,1.14,1,0,1,0,0,0,"","",-1,-1,-1,-1,-1,-1,-1,-1,-1,-1,-1,-1,-1,-1,-1,-1,-1,-1,-1,-1,1.68,1.41,0.00,0.00,3.21,62,91,62,44,27,30,62,50,62,10.38,-2.00,0.00,0.00,0.00,0.00,0.00,0.00,0.00,0.00,0.00,Kuoppanummi Nurmi
1725635700,Sep 06 2024 - 3:15pm,complete,N/A,PuiU Helsinki,MPS,N/A,18,2.41,1.06,2.41,0.95,1,0,1,1,1,0,"4","",1,5,-1,-1,-1,-1,-1,-1,-1,-1,12,7,5,3,7,4,-1,-1,51,49,1.28,0.84,1.70,1.17,2.91,50,79,62,32,18,32,65,36,50,7.58,-2.00,1.42,5.00,4.50,0.00,1.53,2.15,0.00,0.00,0.00,Puistolan liikuntapuisto
1725638400,Sep 06 2024 - 4:00pm,complete,N/A,HPS,Valtti,N/A,18,2.47,2.12,2.36,2.09,0,1,1,1,0,1,"","34",5,2,-1,-1,-1,-1,-1,-1,-1,-1,13,8,3,1,10,7,-1,-1,50,50,1.38,1.69,1.69,0.83,4.09,47,97,74,53,38,12,50,44,59,10.37,-1.76,1.75,4.33,3.30,0.00,1.36,1.91,0.00,0.00,0.00,N/A
1725639300,Sep 06 2024 - 4:15pm,complete,N/A,LPS,Ponnistus,N/A,18,1.82,1.53,1.91,1.36,4,1,5,0,0,0,"","",-1,-1,-1,-1,-1,-1,-1,-1,-1,-1,-1,-1,-1,-1,-1,-1,-1,-1,-1,-1,1.86,0.79,0.00,0.00,4.24,53,91,65,53,50,15,33,36,42,11.09,-2.00,1.13,8.50,12.00,0.00,1.06,0.00,1.86,0.00,0.00,Hertta Areena
1725642000,Sep 06 2024 - 5:00pm,complete,N/A,Finnkurd,HerTo,N/A,18,1.82,0.24,1.73,0.36,4,2,6,0,0,0,"","",-1,-1,-1,-1,-1,-1,-1,-1,-1,-1,-1,-1,-1,-1,-1,-1,-1,-1,-1,-1,1.64,0.66,0.00,0.00,5.50,50,94,91,83,74,12,21,18,21,6.75,-1.65,0.00,0.00,0.00,0.00,0.00,0.00,0.00,0.00,0.00,Pallomylly-halli
1725642900,Sep 06 2024 - 5:15pm,complete,N/A,Kasiysi,EsPa,N/A,18,0.76,2.00,0.59,2.09,0,2,2,1,0,1,"","16,48",1,16,-1,-1,-1,-1,-1,-1,-1,-1,5,16,2,7,3,9,-1,-1,50,50,0.98,1.86,0.63,2.08,3.71,65,82,65,50,35,38,62,59,79,8.37,-1.94,5.75,6.25,1.30,0.00,1.20,0.00,1.91,0.00,0.00,N/A
1725710400,Sep 07 2024 - 12:00pm,complete,N/A,MPS Atletico Malmi,PPJ / Lauttasaari,N/A,18,2.35,1.29,2.14,1.18,3,1,4,1,1,0,"81,90'1,3","70",5,1,-1,-1,-1,-1,-1,-1,-1,-1,13,6,9,3,4,3,-1,-1,52,48,1.69,1.36,1.93,0.92,4.09,44,88,71,59,44,18,47,44,56,9.17,-2.00,1.20,6.50,11.00,0.00,1.30,1.57,0.00,0.00,0.00,Pukinmäki liikuntapuisto
1725712200,Sep 07 2024 - 12:30pm,complete,N/A,HIFK,Loviisa,N/A,18,0.53,0.06,0.59,0.09,4,0,4,0,0,0,"","",-1,-1,-1,-1,-1,-1,-1,-1,-1,-1,-1,-1,-1,-1,-1,-1,-1,-1,-1,-1,0.88,0.84,0.00,0.00,4.15,18,80,59,50,47,15,33,21,30,6.39,-2.00,0.00,0.00,0.00,0.00,0.00,0.00,0.00,0.00,0.00,Väinämöisen kenttä
1725728400,Sep 07 2024 - 5:00pm,complete,N/A,VJS II,Kirkkonummi,N/A,18,2.00,0.88,1.95,0.64,5,3,8,4,3,1,"38,24,11,74,59","30,78,79",5,7,-1,-1,-1,-1,-1,-1,-1,-1,15,11,9,7,6,4,-1,-1,60,40,1.61,0.94,2.23,1.59,3.75,64,88,76,52,43,52,70,55,70,8.71,-2.00,1.30,6.00,5.75,0.00,1.22,0.00,2.25,0.00,0.00,N/A
1725802200,Sep 08 2024 - 1:30pm,complete,N/A,EPS II,EIF II,N/A,18,1.00,1.82,1.32,1.73,2,3,5,4,2,2,"14,6","17,10,90'1",5,3,-1,-1,-1,-1,-1,-1,-1,-1,22,9,11,5,11,4,-1,-1,50,50,1.56,1.69,2.83,1.34,3.56,53,85,68,47,32,30,50,41,59,11.26,-1.88,2.90,4.50,1.80,0.00,1.33,1.80,0.00,0.00,0.00,Espoonlahden tekonurmi 2
1726066800,Sep 11 2024 - 3:00pm,complete,N/A,Kirkkonummi,EsPa,N/A,19,0.82,2.06,0.64,2.09,0,4,4,0,0,0,"","47,63,55,82",2,9,-1,-1,-1,-1,-1,-1,-1,-1,3,22,3,9,0,13,-1,-1,42,58,0.99,1.87,0.65,2.44,3.75,63,86,66,49,37,43,69,55,75,10.62,-1.94,7.00,6.25,1.25,0.00,1.25,1.65,2.15,0.00,0.00,N/A
1726070400,Sep 11 2024 - 4:00pm,complete,N/A,PKKU II,HyPS,N/A,19,1.50,0.72,1.64,0.59,3,1,4,0,0,0,"","",5,3,-1,-1,-1,-1,-1,-1,-1,-1,-1,-1,-1,-1,-1,-1,-1,-1,-1,-1,1.40,1.00,0.00,0.00,3.70,64,86,70,42,25,39,53,50,64,6.01,-2.00,0.00,0.00,0.00,0.00,0.00,0.00,2.60,0.00,0.00,N/A
1726070400,Sep 11 2024 - 4:00pm,complete,N/A,EIF II,ToTe,N/A,19,1.89,2.17,1.73,2.05,2,1,3,1,1,0,"36,90'4","74",4,4,-1,-1,-1,-1,-1,-1,-1,-1,7,7,3,3,4,4,-1,-1,40,60,1.66,1.39,1.14,1.27,3.33,56,81,67,42,33,28,53,45,59,13.13,-1.89,2.90,4.50,1.83,0.00,1.44,1.85,0.00,0.00,0.00,N/A
1726074000,Sep 11 2024 - 5:00pm,complete,N/A,GrIFK U23,FC Espoo,N/A,19,1.12,1.00,1.41,1.14,3,0,3,0,0,0,"90'1,90'7,90'5","",10,3,-1,-1,-1,-1,-1,-1,-1,-1,21,8,10,3,11,5,-1,-1,56,44,1.57,1.41,2.32,0.95,3.05,60,74,57,37,23,26,63,48,66,10.76,-2.00,1.91,3.80,3.00,0.00,1.50,2.00,0.00,0.00,0.00,Kauniaisten Keskuskenttä
1726153200,Sep 12 2024 - 3:00pm,complete,N/A,Ponnistajat,TuPS,N/A,19,1.17,2.06,1.27,2.00,2,2,4,2,0,2,"62,69","8,15",1,10,-1,-1,-1,-1,-1,-1,-1,-1,9,17,5,7,4,10,-1,-1,44,56,1.46,1.93,1.08,1.98,3.56,61,86,78,36,23,25,64,53,70,10.55,-2.00,6.00,4.33,1.38,0.00,1.36,1.80,0.00,0.00,0.00,N/A
1726161300,Sep 12 2024 - 5:15pm,complete,N/A,Töölön Taisto,PPJ / Lauttasaari,N/A,19,1.22,1.22,1.55,1.18,3,0,3,0,0,0,"52,87,69","",3,3,-1,-1,-1,-1,-1,-1,-1,-1,14,8,6,2,8,6,-1,-1,50,50,1.39,1.33,1.85,1.20,3.83,50,83,64,53,42,17,61,53,70,9.58,-2.00,1.75,4.33,3.20,0.00,1.44,1.85,0.00,0.00,0.00,N/A
1726161300,Sep 12 2024 - 5:15pm,complete,N/A,Atlantis / PM,MPS,N/A,19,1.89,1.00,1.86,0.95,3,2,5,0,0,0,"","",-1,-1,-1,-1,-1,-1,-1,-1,-1,-1,-1,-1,-1,-1,-1,-1,-1,-1,-1,-1,1.70,0.87,0.00,0.00,3.48,47,84,67,39,25,39,61,33,53,8.58,-2.00,0.00,0.00,0.00,0.00,0.00,0.00,0.00,0.00,0.00,Pallomylly-halli
1726161300,Sep 12 2024 - 5:15pm,complete,N/A,HooGee,NuPS,N/A,19,1.33,1.94,1.36,1.73,3,5,8,1,0,1,"68,84,70","10,61,90'7,90'3,62",2,1,-1,-1,-1,-1,-1,-1,-1,-1,14,15,5,8,9,7,-1,-1,44,56,1.62,1.68,1.50,1.85,3.33,56,81,61,53,36,31,58,50,59,10.41,-2.00,3.67,3.75,1.83,0.00,1.50,0.00,0.00,0.00,0.00,Matinkylän urheilupuisto
1726161600,Sep 12 2024 - 5:20pm,complete,N/A,PPJ / Ruoholahti,EPS II,N/A,19,0.94,0.94,1.18,1.32,1,5,6,4,0,4,"49","26,10,23,44,53",5,3,-1,-1,-1,-1,-1,-1,-1,-1,10,12,3,9,7,3,-1,-1,50,50,1.46,1.65,1.23,1.83,3.53,56,86,64,42,31,39,67,48,70,9.76,-2.00,1.75,4.75,3.00,0.00,1.44,2.25,0.00,0.00,0.00,N/A
1726239600,Sep 13 2024 - 3:00pm,complete,N/A,PuiU Helsinki,SaPa,N/A,19,2.44,0.39,2.41,0.32,8,1,9,0,0,0,"","",5,0,-1,-1,-1,-1,-1,-1,-1,-1,-1,-1,-1,-1,-1,-1,-1,-1,-1,-1,1.31,0.77,0.00,0.00,3.78,45,83,73,42,25,31,58,50,61,6.14,-2.00,0.00,0.00,0.00,0.00,0.00,0.00,0.00,0.00,0.00,Puistolan liikuntapuisto
1726244100,Sep 13 2024 - 4:15pm,complete,N/A,LPS,HPS,N/A,19,1.89,2.33,1.91,2.36,0,0,0,0,0,0,"","",1,5,-1,-1,-1,-1,-1,-1,-1,-1,13,9,4,3,9,6,-1,-1,33,67,1.86,1.40,1.29,1.12,4.31,56,92,70,56,50,14,50,42,53,11.76,-1.78,4.10,4.33,1.55,0.00,1.29,1.70,0.00,0.00,0.00,Hertta Areena
1726245000,Sep 13 2024 - 4:30pm,complete,N/A,Valtti,Ponnistus,N/A,19,2.17,1.44,2.09,1.36,4,1,5,0,0,0,"","",-1,-1,-1,-1,-1,-1,-1,-1,-1,-1,-1,-1,-1,-1,-1,-1,-1,-1,-1,-1,1.62,0.79,0.00,0.00,3.89,44,92,67,50,39,12,34,33,42,9.42,-2.00,0.00,0.00,0.00,0.00,0.00,0.00,0.00,0.00,0.00,N/A
1726245000,Sep 13 2024 - 4:30pm,complete,N/A,Kuusysi,TiPS,N/A,19,1.33,2.11,1.36,2.00,1,4,5,0,0,0,"","",-1,-1,-1,-1,-1,-1,-1,-1,-1,-1,-1,-1,-1,-1,-1,-1,-1,-1,-1,-1,1.28,1.69,0.00,0.00,3.78,72,95,78,47,22,31,47,47,56,9.50,-2.00,0.00,0.00,0.00,0.00,0.00,0.00,0.00,0.00,0.00,Kisapuisto
1726247100,Sep 13 2024 - 5:05pm,complete,N/A,Kasiysi,VJS II,N/A,19,0.72,2.06,0.59,1.95,1,2,3,0,0,0,"90'2","49,88",2,9,-1,-1,-1,-1,-1,-1,-1,-1,7,14,1,10,6,4,-1,-1,35,65,0.96,1.65,0.81,2.40,3.87,64,86,73,53,42,48,67,59,78,7.24,-2.00,10.00,7.50,1.17,1.47,1.30,1.73,0.00,0.00,0.00,N/A
1726308000,Sep 14 2024 - 10:00am,complete,N/A,Loviisa,HerTo,N/A,19,0.06,0.22,0.09,0.36,1,3,4,1,0,1,"63","56,36,85",3,4,-1,-1,-1,-1,-1,-1,-1,-1,8,18,2,8,6,10,-1,-1,50,50,0.84,0.66,0.93,2.10,5.53,31,92,83,75,72,17,23,20,23,6.50,-2.00,3.80,4.50,1.60,0.00,1.36,1.85,0.00,0.00,0.00,Arto Tolsa Areena
1726315200,Sep 14 2024 - 12:00pm,complete,N/A,MPS Atletico Malmi,Finnkurd,N/A,19,2.39,1.89,2.14,1.73,1,1,2,0,0,0,"","",-1,-1,-1,-1,-1,-1,-1,-1,-1,-1,-1,-1,-1,-1,-1,-1,-1,-1,-1,-1,1.71,1.64,0.00,0.00,5.06,59,97,86,75,56,12,25,22,28,8.09,-1.67,0.00,0.00,0.00,0.00,0.00,0.00,0.00,0.00,0.00,Pukinmäki liikuntapuisto
1726315200,Sep 14 2024 - 12:00pm,complete,N/A,RiPS,Gnistan / Ogeli,N/A,19,1.00,1.44,1.14,1.59,2,6,8,5,1,4,"8,75","17,15,1,20,69,82",6,10,-1,-1,-1,-1,-1,-1,-1,-1,2,7,2,7,0,0,-1,-1,50,50,1.26,1.29,0.63,1.31,3.61,67,94,75,39,20,31,56,39,64,10.45,-2.00,2.90,4.10,1.91,0.00,1.36,1.85,0.00,0.00,0.00,N/A
1726317000,Sep 14 2024 - 12:30pm,complete,N/A,HIFK,Kontu,N/A,19,0.67,1.72,0.59,1.73,0,3,3,0,0,0,"","",-1,-1,-1,-1,-1,-1,-1,-1,-1,-1,-1,-1,-1,-1,-1,-1,-1,-1,-1,-1,0.88,1.99,0.00,0.00,3.56,34,84,64,48,37,20,53,36,48,10.39,-2.00,0.00,0.00,0.00,0.00,0.00,0.00,0.00,0.00,0.00,Väinämöisen kenttä
1726677000,Sep 18 2024 - 4:30pm,complete,N/A,Kirkkonummi,GrIFK U23,N/A,12,0.78,1.22,0.64,1.41,1,5,6,1,0,1,"67","26,86,90'2,79,90'3",5,5,-1,-1,-1,-1,-1,-1,-1,-1,9,18,4,10,5,8,-1,-1,47,53,0.97,1.62,1.47,2.47,3.36,53,75,64,42,28,34,61,45,64,10.28,-2.00,5.75,5.75,1.30,0.00,1.20,0.00,2.10,0.00,0.00,N/A
1726766100,Sep 19 2024 - 5:15pm,complete,N/A,HerTo,LPS,N/A,20,0.37,1.84,0.36,1.91,1,4,5,0,0,0,"","",2,5,-1,-1,-1,-1,-1,-1,-1,-1,-1,-1,-1,-1,-1,-1,-1,-1,-1,-1,0.82,1.81,0.00,0.00,4.79,48,89,74,66,63,19,37,34,43,10.36,-2.00,19.50,8.25,1.08,0.00,0.00,0.00,0.00,0.00,0.00,Kartano tekonurmi
1726766400,Sep 19 2024 - 5:20pm,complete,N/A,PPJ / Lauttasaari,Valtti,N/A,20,1.16,2.21,1.18,2.09,1,2,3,2,0,2,"90'4","2,8",3,4,-1,-1,-1,-1,-1,-1,-1,-1,14,15,4,10,10,5,-1,-1,50,50,1.32,1.62,1.70,2.05,3.95,50,90,71,58,42,16,53,53,66,9.23,-2.00,4.33,4.50,1.55,0.00,1.36,1.80,0.00,0.00,0.00,N/A
1726767000,Sep 19 2024 - 5:30pm,complete,N/A,Gnistan / Ogeli,Ponnistajat,N/A,20,1.53,1.16,1.59,1.27,2,0,2,0,0,0,"","",-1,-1,-1,-1,-1,-1,-1,-1,-1,-1,-1,-1,-1,-1,-1,-1,-1,-1,-1,-1,1.29,1.43,0.00,0.00,3.55,77,90,74,37,21,32,71,50,69,9.67,-2.00,1.65,4.00,3.80,2.11,1.44,1.80,0.00,0.00,0.00,N/A
1726848000,Sep 20 2024 - 4:00pm,complete,N/A,HPS,Loviisa,N/A,20,2.26,0.05,2.36,0.09,8,0,8,0,0,0,"","",10,0,-1,-1,-1,-1,-1,-1,-1,-1,-1,-1,-1,-1,-1,-1,-1,-1,-1,-1,1.38,0.86,0.00,0.00,4.74,40,90,76,63,53,11,37,29,34,7.49,-1.79,0.00,0.00,0.00,0.00,0.00,0.00,1.12,0.00,0.00,N/A
1726848000,Sep 20 2024 - 4:00pm,complete,N/A,MPS,PKKU II,N/A,20,0.95,1.58,0.95,1.64,1,0,1,0,0,0,"","",-1,-1,-1,-1,-1,-1,-1,-1,-1,-1,-1,-1,-1,-1,-1,-1,-1,-1,-1,-1,0.87,1.40,0.00,0.00,3.21,61,84,61,35,21,32,56,37,50,7.41,-2.00,0.00,0.00,0.00,0.00,0.00,0.00,0.00,0.00,0.00,Tapanilan nurmi
1726848900,Sep 20 2024 - 4:15pm,complete,N/A,Ponnistus,Töölön Taisto,N/A,20,1.37,1.32,1.36,1.55,0,5,5,0,0,0,"","",-1,-1,-1,-1,-1,-1,-1,-1,-1,-1,-1,-1,-1,-1,-1,-1,-1,-1,-1,-1,0.79,1.42,0.00,0.00,3.79,45,87,63,45,40,11,37,34,45,9.53,-2.00,8.00,7.00,1.20,0.00,1.22,1.85,2.14,0.00,0.00,N/A
1726849800,Sep 20 2024 - 4:30pm,complete,N/A,TiPS,PuiU Helsinki,N/A,20,2.16,2.47,2.00,2.41,0,1,1,1,0,1,"","5",13,2,-1,-1,-1,-1,-1,-1,-1,-1,6,6,2,3,4,3,-1,-1,50,50,1.69,1.31,0.80,0.74,3.74,69,87,76,45,29,34,63,50,66,9.07,-2.00,2.30,3.90,2.38,0.00,1.36,2.10,0.00,0.00,0.00,N/A
1726849800,Sep 20 2024 - 4:30pm,complete,N/A,TuPS,RiPS,N/A,20,2.00,0.95,2.00,1.14,1,2,3,0,0,0,"","",-1,-1,-1,-1,-1,-1,-1,-1,-1,-1,-1,-1,-1,-1,-1,-1,-1,-1,-1,-1,1.93,1.19,0.00,0.00,3.87,55,92,82,45,24,32,53,48,69,11.69,-2.00,0.00,0.00,0.00,0.00,0.00,0.00,0.00,0.00,0.00,N/A
1726852500,Sep 20 2024 - 5:15pm,complete,N/A,Finnkurd,HIFK,N/A,20,1.84,0.63,1.73,0.59,4,0,4,0,0,0,"","",-1,-1,-1,-1,-1,-1,-1,-1,-1,-1,-1,-1,-1,-1,-1,-1,-1,-1,-1,-1,1.64,0.88,0.00,0.00,4.05,40,84,69,58,45,8,27,16,24,6.64,-1.68,0.00,0.00,0.00,0.00,0.00,0.00,0.00,0.00,0.00,N/A
1726852500,Sep 20 2024 - 5:15pm,complete,N/A,EsPa,EIF II,N/A,20,2.11,1.95,2.09,1.73,6,0,6,4,4,0,"10,41,39,32,49,56","",4,6,-1,-1,-1,-1,-1,-1,-1,-1,14,5,10,2,4,3,-1,-1,48,52,1.91,1.62,1.90,0.78,3.55,63,84,66,47,32,29,53,50,69,13.03,-1.84,1.57,5.00,3.70,0.00,1.33,1.95,0.00,0.00,0.00,Matinkylän urheilupuisto
1726909200,Sep 21 2024 - 9:00am,complete,N/A,SaPa,Kuusysi,N/A,20,0.37,1.26,0.32,1.36,1,7,8,0,0,0,"","",3,9,-1,-1,-1,-1,-1,-1,-1,-1,-1,-1,-1,-1,-1,-1,-1,-1,-1,-1,0.77,1.28,0.00,0.00,4.16,53,92,77,50,27,24,37,43,45,6.49,-2.00,67.05,11.75,1.00,0.00,0.00,0.00,0.00,0.00,0.00,N/A
1726920000,Sep 21 2024 - 12:00pm,complete,N/A,HyPS,Atlantis / PM,N/A,20,0.68,1.95,0.59,1.86,0,6,6,0,0,0,"","",4,15,-1,-1,-1,-1,-1,-1,-1,-1,5,25,3,13,2,12,-1,-1,35,65,1.00,1.70,0.76,2.84,4.05,56,87,79,53,32,42,53,42,61,7.31,-2.00,5.00,4.50,1.48,0.00,1.30,1.73,0.00,0.00,0.00,Hyvinkää UP Nurmi
1726920000,Sep 21 2024 - 12:00pm,complete,N/A,FC Espoo,Kasiysi,N/A,20,0.95,0.68,1.14,0.59,5,1,6,3,2,1,"72,89,90'1,8,10","18",6,1,-1,-1,-1,-1,-1,-1,-1,-1,15,3,9,2,6,1,-1,-1,50,50,1.38,0.95,2.12,0.52,3.37,66,87,68,45,29,35,66,63,82,6.55,-2.00,1.29,5.25,7.00,0.00,1.33,1.65,0.00,0.00,0.00,N/A
1726920000,Sep 21 2024 - 12:00pm,complete,N/A,NuPS,PPJ / Ruoholahti,N/A,20,2.00,0.89,1.73,1.18,0,1,1,0,0,0,"","76",4,5,-1,-1,-1,-1,-1,-1,-1,-1,11,14,4,6,7,8,-1,-1,50,50,1.69,1.45,1.31,1.71,3.29,58,84,58,40,26,32,61,45,58,10.61,-2.00,1.14,7.00,15.00,0.00,1.40,1.96,0.00,0.00,0.00,Kuoppanummi Nurmi
1726923600,Sep 21 2024 - 1:00pm,complete,N/A,ToTe,Kirkkonummi,N/A,20,2.05,0.74,2.05,0.64,2,0,2,0,0,0,"","",-1,-1,-1,-1,-1,-1,-1,-1,-1,-1,-1,-1,-1,-1,-1,-1,-1,-1,-1,-1,1.39,1.00,0.00,0.00,3.58,55,84,71,45,37,37,69,56,69,10.45,-2.00,0.00,0.00,0.00,0.00,0.00,0.00,0.00,0.00,0.00,N/A
1726924500,Sep 21 2024 - 1:15pm,complete,N/A,Kontu,MPS Atletico Malmi,N/A,20,1.79,2.32,1.73,2.14,1,0,1,0,0,0,"","",-1,-1,-1,-1,-1,-1,-1,-1,-1,-1,-1,-1,-1,-1,-1,-1,-1,-1,-1,-1,1.99,1.71,0.00,0.00,4.37,53,98,79,58,43,21,48,40,48,11.84,-2.00,0.00,0.00,0.00,0.00,0.00,0.00,0.00,0.00,0.00,N/A
1727010000,Sep 22 2024 - 1:00pm,complete,N/A,EPS II,HooGee,N/A,20,1.05,1.26,1.32,1.36,6,0,6,0,0,0,"","",-1,-1,-1,-1,-1,-1,-1,-1,-1,-1,-1,-1,-1,-1,-1,-1,-1,-1,-1,-1,1.66,1.61,0.00,0.00,3.95,58,84,71,61,48,40,69,58,74,8.88,-2.00,0.00,0.00,0.00,0.00,0.00,0.00,0.00,0.00,0.00,N/A
1727024400,Sep 22 2024 - 5:00pm,complete,N/A,VJS II,GrIFK U23,N/A,20,2.11,1.32,1.95,1.41,4,3,7,0,0,0,"","",6,7,-1,-1,-1,-1,-1,-1,-1,-1,-1,-1,-1,-1,-1,-1,-1,-1,-1,-1,1.70,1.67,0.00,0.00,3.58,58,76,66,43,34,35,58,50,66,11.75,-2.00,5.80,1.20,9.25,0.00,0.00,0.00,0.00,0.00,0.00,N/A
1727283600,Sep 25 2024 - 5:00pm,complete,N/A,GrIFK U23,ToTe,N/A,21,1.25,2.10,1.41,2.05,2,1,3,1,1,0,"9,46","58",5,6,-1,-1,-1,-1,-1,-1,-1,-1,14,9,10,4,4,5,-1,-1,43,57,1.67,1.39,1.92,1.35,3.20,48,73,58,33,28,20,55,43,58,13.10,-2.00,3.00,5.25,1.70,0.00,1.50,2.20,0.00,0.00,0.00,Kauniaisten Keskuskenttä
1727363700,Sep 26 2024 - 3:15pm,complete,N/A,HerTo,Töölön Taisto,N/A,21,0.35,1.40,0.36,1.55,0,7,7,0,0,0,"","",-1,-1,-1,-1,-1,-1,-1,-1,-1,-1,-1,-1,-1,-1,-1,-1,-1,-1,-1,-1,0.82,1.42,0.00,0.00,4.43,38,88,73,58,53,15,43,35,48,9.13,-2.00,0.00,0.00,0.00,0.00,0.00,0.00,0.00,0.00,0.00,Kartano tekonurmi
1727370900,Sep 26 2024 - 5:15pm,complete,N/A,HooGee,Kirkkonummi,N/A,21,1.20,0.70,1.36,0.64,6,2,8,0,0,0,"","",6,7,-1,-1,-1,-1,-1,-1,-1,-1,-1,-1,-1,-1,-1,-1,-1,-1,-1,-1,1.61,1.00,0.00,0.00,3.95,63,85,75,63,48,40,70,63,73,8.17,-2.00,0.00,0.00,0.00,0.00,0.00,0.00,0.00,0.00,0.00,Matinkylän urheilupuisto
1727371200,Sep 26 2024 - 5:20pm,complete,N/A,PPJ / Ruoholahti,Kasiysi,N/A,21,1.00,0.65,1.18,0.59,4,0,4,0,0,0,"","",-1,-1,-1,-1,-1,-1,-1,-1,-1,-1,-1,-1,-1,-1,-1,-1,-1,-1,-1,-1,1.46,0.93,0.00,0.00,3.45,65,83,65,43,30,40,68,58,80,7.21,-2.00,0.00,0.00,0.00,0.00,0.00,0.00,0.00,0.00,0.00,N/A
1727371800,Sep 26 2024 - 5:30pm,complete,N/A,Gnistan / Ogeli,SaPa,N/A,21,1.60,0.35,1.59,0.32,8,0,8,0,0,0,"","",-1,-1,-1,-1,-1,-1,-1,-1,-1,-1,-1,-1,-1,-1,-1,-1,-1,-1,-1,-1,1.29,0.77,0.00,0.00,4.25,58,95,75,43,28,33,55,50,63,7.43,-2.00,0.00,0.00,0.00,0.00,0.00,0.00,0.00,0.00,0.00,N/A
1727449200,Sep 27 2024 - 3:00pm,complete,N/A,NuPS,EsPa,N/A,21,1.90,2.15,1.73,2.09,0,6,6,1,0,1,"","39,62,80,48,78,86",5,7,-1,-1,-1,-1,-1,-1,-1,-1,6,12,2,9,4,3,-1,-1,50,50,1.66,1.91,0.85,1.72,3.45,50,83,55,45,30,28,53,45,63,12.10,-1.95,4.20,5.75,1.42,0.00,1.29,1.62,0.00,0.00,0.00,N/A
1727454600,Sep 27 2024 - 4:30pm,complete,N/A,TiPS,PKKU II,N/A,21,2.05,1.50,2.00,1.64,1,2,3,1,1,0,"7","57,88",11,3,-1,-1,-1,-1,-1,-1,-1,-1,13,8,6,4,7,4,-1,-1,58,42,1.62,1.40,1.76,1.09,3.78,75,90,73,43,28,35,55,53,68,9.39,-2.00,1.57,4.33,4.10,0.00,1.30,1.73,0.00,0.00,0.00,Tikkurila urheilupuisto nurmi
1727454600,Sep 27 2024 - 4:30pm,complete,N/A,Kuusysi,HyPS,N/A,21,1.35,0.65,1.36,0.59,5,1,6,0,0,0,"","",-1,-1,-1,-1,-1,-1,-1,-1,-1,-1,-1,-1,-1,-1,-1,-1,-1,-1,-1,-1,1.28,0.98,0.00,0.00,3.80,60,88,75,53,25,28,38,35,40,7.43,-2.00,0.00,0.00,0.00,0.00,0.00,0.00,0.00,0.00,0.00,Kisapuisto
1727454600,Sep 27 2024 - 4:30pm,complete,N/A,TuPS,MPS,N/A,21,1.90,1.05,2.00,0.95,3,0,3,2,2,0,"33,40,90'2","",3,3,-1,-1,-1,-1,-1,-1,-1,-1,12,10,5,2,7,8,-1,-1,50,50,1.93,0.87,1.40,1.02,3.15,48,83,68,33,18,30,58,40,53,9.77,-2.00,1.36,5.50,5.00,0.00,1.25,1.87,2.00,0.00,0.00,N/A
1727457300,Sep 27 2024 - 5:15pm,complete,N/A,Finnkurd,Ponnistus,N/A,21,1.90,1.30,1.73,1.36,1,2,3,0,0,0,"","",-1,-1,-1,-1,-1,-1,-1,-1,-1,-1,-1,-1,-1,-1,-1,-1,-1,-1,-1,-1,1.64,0.79,0.00,0.00,4.78,60,95,83,73,60,5,13,15,15,7.00,-1.70,0.00,0.00,0.00,0.00,0.00,0.00,0.00,0.00,0.00,Pallomylly-halli
1727457300,Sep 27 2024 - 5:15pm,complete,N/A,Ponnistajat,Atlantis / PM,N/A,21,1.10,2.00,1.27,1.86,1,0,1,1,1,0,"4","",1,1,-1,-1,-1,-1,-1,-1,-1,-1,3,7,1,3,2,4,-1,-1,50,50,1.43,1.77,0.44,1.15,3.93,63,88,78,48,33,33,60,43,63,9.95,-2.00,5.50,4.75,1.38,0.00,1.30,1.65,0.00,0.00,0.00,N/A
1727517600,Sep 28 2024 - 10:00am,complete,N/A,Loviisa,PPJ / Lauttasaari,N/A,21,0.05,1.10,0.09,1.18,1,1,2,0,0,0,"","",-1,-1,-1,-1,-1,-1,-1,-1,-1,-1,-1,-1,-1,-1,-1,-1,-1,-1,-1,-1,0.86,1.34,0.00,0.00,4.88,45,90,80,70,58,18,40,40,48,6.09,-2.00,0.00,0.00,0.00,0.00,0.00,0.00,0.00,0.00,0.00,Arto Tolsa Areena
1727524800,Sep 28 2024 - 12:00pm,complete,N/A,MPS Atletico Malmi,Valtti,N/A,21,2.20,2.25,2.14,2.09,1,0,1,0,0,0,"55","",10,5,-1,-1,-1,-1,-1,-1,-1,-1,1,0,1,0,0,0,-1,-1,50,50,1.71,1.65,0.52,0.21,3.95,45,93,68,50,33,18,43,35,50,10.40,-2.00,1.65,4.33,3.70,0.00,1.40,1.73,0.00,0.00,0.00,Pukinmäki liikuntapuisto
1727524800,Sep 28 2024 - 12:00pm,complete,N/A,RiPS,PuiU Helsinki,N/A,21,1.05,2.50,1.14,2.41,2,0,2,0,0,0,"","",-1,-1,-1,-1,-1,-1,-1,-1,-1,-1,-1,-1,-1,-1,-1,-1,-1,-1,-1,-1,1.19,1.27,0.00,0.00,3.60,58,83,73,43,25,28,55,35,55,9.39,-2.00,0.00,0.00,0.00,0.00,0.00,0.00,0.00,0.00,0.00,N/A
1727524800,Sep 28 2024 - 12:00pm,complete,N/A,FC Espoo,EIF II,N/A,21,1.05,1.85,1.14,1.73,2,2,4,0,0,0,"81,90'2","65,86",8,4,-1,-1,-1,-1,-1,-1,-1,-1,9,4,7,3,2,1,-1,-1,50,50,1.42,1.56,1.33,0.67,3.45,68,88,73,48,33,33,60,58,70,10.61,-1.90,1.42,4.75,5.25,0.00,1.36,1.91,0.00,0.00,0.00,N/A
1727526600,Sep 28 2024 - 12:30pm,complete,N/A,HIFK,LPS,N/A,21,0.60,1.90,0.59,1.91,0,3,3,0,0,0,"","",-1,-1,-1,-1,-1,-1,-1,-1,-1,-1,-1,-1,-1,-1,-1,-1,-1,-1,-1,-1,0.88,1.81,0.00,0.00,3.50,33,80,55,45,38,15,40,30,43,10.10,-2.00,0.00,0.00,0.00,0.00,0.00,0.00,0.00,0.00,0.00,Väinämöisen kenttä
1727529300,Sep 28 2024 - 1:15pm,complete,N/A,Kontu,HPS,N/A,21,1.85,2.30,1.73,2.36,0,4,4,0,0,0,"","",-1,-1,-1,-1,-1,-1,-1,-1,-1,-1,-1,-1,-1,-1,-1,-1,-1,-1,-1,-1,1.99,1.38,0.00,0.00,4.18,50,90,78,55,45,15,53,40,48,11.82,-1.80,0.00,0.00,0.00,0.00,0.00,0.00,0.00,0.00,0.00,N/A
1727613000,Sep 29 2024 - 12:30pm,complete,N/A,EPS II,VJS II,N/A,21,1.15,2.15,1.32,1.95,5,4,9,0,0,0,"","",-1,-1,-1,-1,-1,-1,-1,-1,-1,-1,-1,-1,-1,-1,-1,-1,-1,-1,-1,-1,1.66,1.70,0.00,0.00,4.15,58,90,75,55,48,45,60,50,68,9.88,-2.00,0.00,0.00,0.00,0.00,0.00,0.00,0.00,0.00,0.00,Espoonlahden tekonurmi 2
1728061200,Oct 04 2024 - 5:00pm,complete,N/A,Valtti,HIFK,N/A,22,2.14,0.57,2.09,0.59,1,1,2,0,0,0,"","",3,8,-1,-1,-1,-1,-1,-1,-1,-1,13,8,3,3,10,5,-1,-1,50,50,1.55,0.88,1.33,1.07,3.17,24,81,58,39,24,15,43,29,48,8.93,-2.00,1.22,7.00,9.00,0.00,1.29,1.73,0.00,0.00,0.00,N/A
1728061200,Oct 04 2024 - 5:00pm,complete,N/A,Töölön Taisto,Loviisa,N/A,22,1.48,0.10,1.55,0.09,8,0,8,0,0,0,"","",-1,-1,-1,-1,-1,-1,-1,-1,-1,-1,-1,-1,-1,-1,-1,-1,-1,-1,-1,-1,1.42,0.86,0.00,0.00,4.81,38,91,72,60,53,14,36,31,41,7.86,-2.00,0.00,0.00,0.00,0.00,0.00,0.00,0.00,0.00,0.00,N/A
1728061200,Oct 04 2024 - 5:00pm,complete,N/A,Ponnistus,HerTo,N/A,22,1.38,0.33,1.36,0.36,2,2,4,0,0,0,"","",-1,-1,-1,-1,-1,-1,-1,-1,-1,-1,-1,-1,-1,-1,-1,-1,-1,-1,-1,-1,0.79,0.82,0.00,0.00,4.55,41,90,79,64,60,10,22,22,24,7.60,-2.00,0.00,0.00,0.00,0.00,0.00,0.00,0.00,0.00,0.00,N/A
1728061200,Oct 04 2024 - 5:00pm,complete,N/A,LPS,Kontu,N/A,22,1.95,1.76,1.91,1.73,4,4,8,5,3,2,"67,17,32,14","68,35,45'1,48",6,11,-1,-1,-1,-1,-1,-1,-1,-1,15,20,10,10,5,10,-1,-1,50,50,1.81,1.99,2.08,2.40,4.43,60,93,77,60,53,22,45,41,48,13.21,-2.00,1.67,4.50,3.40,0.00,1.14,0.00,1.85,0.00,0.00,Hertta Areena
1728061200,Oct 04 2024 - 5:00pm,complete,N/A,HPS,MPS Atletico Malmi,N/A,22,2.33,2.24,2.36,2.14,3,2,5,1,1,0,"45,65,90'6","50,90'1",2,8,-1,-1,-1,-1,-1,-1,-1,-1,8,17,5,5,3,12,-1,-1,50,50,1.38,1.60,1.15,1.79,3.86,38,86,67,50,34,10,41,31,43,10.57,-1.81,1.85,3.60,3.25,0.00,1.50,1.76,0.00,0.00,0.00,N/A
1728061200,Oct 04 2024 - 5:00pm,complete,N/A,PPJ / Lauttasaari,Finnkurd,N/A,22,1.10,1.81,1.18,1.73,4,1,5,0,0,0,"","",-1,-1,-1,-1,-1,-1,-1,-1,-1,-1,-1,-1,-1,-1,-1,-1,-1,-1,-1,-1,1.34,1.64,0.00,0.00,4.62,67,93,83,72,55,12,34,34,41,6.76,-1.71,0.00,0.00,0.00,0.00,0.00,0.00,0.00,0.00,0.00,N/A
1728120600,Oct 05 2024 - 9:30am,complete,N/A,EIF II,GrIFK U23,N/A,22,1.81,1.33,1.73,1.41,0,1,1,1,0,1,"","29",8,4,-1,-1,-1,-1,-1,-1,-1,-1,11,11,4,6,7,5,-1,-1,52,48,1.50,1.69,1.28,1.49,3.41,60,77,67,43,29,22,50,43,60,12.39,-1.90,2.60,4.00,2.20,0.00,1.40,1.91,0.00,0.00,0.00,N/A
1728133200,Oct 05 2024 - 1:00pm,complete,N/A,EPS II,Kasiysi,N/A,22,1.24,0.62,1.32,0.59,3,0,3,2,2,0,"3,18,49","",6,4,-1,-1,-1,-1,-1,-1,-1,-1,23,6,9,3,14,3,-1,-1,50,50,1.66,0.93,2.57,0.84,3.98,55,88,71,55,41,38,60,48,72,6.63,-2.00,1.13,9.50,11.00,0.00,1.11,0.00,1.57,0.00,0.00,N/A
1728133200,Oct 05 2024 - 1:00pm,complete,N/A,ToTe,NuPS,N/A,22,2.00,1.81,2.05,1.73,2,1,3,3,2,1,"25,9","45",9,0,-1,-1,-1,-1,-1,-1,-1,-1,17,4,9,1,8,3,-1,-1,50,50,1.38,1.61,2.46,0.64,3.19,46,81,57,36,29,22,55,43,55,11.95,-2.00,2.25,4.00,2.40,0.00,1.44,2.10,0.00,0.00,0.00,N/A
1728133200,Oct 05 2024 - 1:00pm,complete,N/A,VJS II,HooGee,N/A,22,2.05,1.29,1.95,1.36,0,2,2,1,0,1,"","23,88",5,5,-1,-1,-1,-1,-1,-1,-1,-1,13,20,4,8,9,12,-1,-1,50,50,1.70,1.61,1.72,2.24,4.36,69,86,79,64,55,41,62,62,69,9.79,-2.00,1.44,5.50,4.20,0.00,1.10,2.15,1.65,0.00,0.00,N/A
1728133200,Oct 05 2024 - 1:00pm,complete,N/A,EsPa,FC Espoo,N/A,22,2.19,1.05,2.09,1.14,0,2,2,1,0,1,"","27,89",3,1,-1,-1,-1,-1,-1,-1,-1,-1,9,15,3,5,6,10,-1,-1,50,50,1.90,1.42,1.22,1.79,3.64,62,88,67,50,34,33,65,67,81,11.39,-1.95,1.20,7.00,7.50,0.00,1.25,0.00,2.00,0.00,0.00,Matinkylän urheilupuisto
1728133200,Oct 05 2024 - 1:00pm,complete,N/A,Kirkkonummi,PPJ / Ruoholahti,N/A,22,0.67,1.10,0.64,1.18,0,2,2,0,0,0,"","84,50",5,10,-1,-1,-1,-1,-1,-1,-1,-1,0,2,0,2,0,0,-1,-1,50,50,1.00,1.46,0.26,0.65,3.67,62,86,69,48,34,41,67,52,69,9.11,-2.00,4.33,5.00,1.48,0.00,1.20,0.00,1.91,0.00,0.00,N/A
1728219600,Oct 06 2024 - 1:00pm,complete,N/A,SaPa,Ponnistajat,N/A,22,0.33,1.19,0.32,1.27,0,7,7,0,0,0,"","",-1,-1,-1,-1,-1,-1,-1,-1,-1,-1,-1,-1,-1,-1,-1,-1,-1,-1,-1,-1,0.77,1.37,0.00,0.00,4.34,57,88,74,48,34,27,53,46,55,6.25,-2.00,0.00,0.00,0.00,0.00,0.00,0.00,0.00,0.00,0.00,N/A
1728219600,Oct 06 2024 - 1:00pm,complete,N/A,PKKU II,Kuusysi,N/A,22,1.57,1.43,1.64,1.36,2,1,3,0,0,0,"","",7,3,-1,-1,-1,-1,-1,-1,-1,-1,-1,-1,-1,-1,-1,-1,-1,-1,-1,-1,1.38,1.28,0.00,0.00,3.55,69,88,72,43,22,22,41,41,48,8.79,-2.00,1.27,4.10,15.00,2.00,0.00,0.00,0.00,0.00,0.00,N/A
1728219600,Oct 06 2024 - 1:00pm,complete,N/A,Atlantis / PM,RiPS,N/A,22,1.90,1.14,1.86,1.14,1,1,2,0,0,0,"","",-1,-1,-1,-1,-1,-1,-1,-1,-1,-1,-1,-1,-1,-1,-1,-1,-1,-1,-1,-1,1.73,1.19,0.00,0.00,4.10,55,91,79,50,34,34,48,34,57,10.83,-2.00,0.00,0.00,0.00,0.00,0.00,0.00,0.00,0.00,0.00,Pallomylly-halli
1728219600,Oct 06 2024 - 1:00pm,complete,N/A,PuiU Helsinki,Gnistan / Ogeli,N/A,22,2.38,1.67,2.41,1.59,2,1,3,0,0,0,"","",-1,-1,-1,-1,-1,-1,-1,-1,-1,-1,-1,-1,-1,-1,-1,-1,-1,-1,-1,-1,1.27,1.29,0.00,0.00,3.31,58,83,67,33,19,29,67,43,60,9.20,-2.00,0.00,0.00,0.00,0.00,0.00,0.00,0.00,0.00,0.00,Puistolan liikuntapuisto
1728219600,Oct 06 2024 - 1:00pm,complete,N/A,MPS,TiPS,N/A,22,1.00,1.95,0.95,2.00,1,4,5,0,0,0,"","",-1,-1,-1,-1,-1,-1,-1,-1,-1,-1,-1,-1,-1,-1,-1,-1,-1,-1,-1,-1,0.88,1.63,0.00,0.00,3.46,62,86,67,39,26,36,60,38,52,9.42,-2.00,0.00,0.00,0.00,0.00,0.00,0.00,0.00,0.00,0.00,Tapanilan nurmi
1728219600,Oct 06 2024 - 1:00pm,complete,N/A,HyPS,TuPS,N/A,22,0.62,1.95,0.59,2.00,1,3,4,0,0,0,"85","60,78,90'3",6,3,-1,-1,-1,-1,-1,-1,-1,-1,8,13,5,5,3,8,-1,-1,50,50,0.98,1.90,1.15,1.51,3.79,53,88,81,45,24,36,53,48,62,8.43,-2.00,0.00,0.00,0.00,0.00,0.00,0.00,0.00,0.00,0.00,Hyvinkää UP Nurmi
