timestamp,date_GMT,status,attendance,home_team_name,away_team_name,referee,Game Week,Pre-Match PPG (Home),Pre-Match PPG (Away),home_ppg,away_ppg,home_team_goal_count,away_team_goal_count,total_goal_count,total_goals_at_half_time,home_team_goal_count_half_time,away_team_goal_count_half_time,home_team_goal_timings,away_team_goal_timings,home_team_corner_count,away_team_corner_count,home_team_yellow_cards,home_team_red_cards,away_team_yellow_cards,away_team_red_cards,home_team_first_half_cards,home_team_second_half_cards,away_team_first_half_cards,away_team_second_half_cards,home_team_shots,away_team_shots,home_team_shots_on_target,away_team_shots_on_target,home_team_shots_off_target,away_team_shots_off_target,home_team_fouls,away_team_fouls,home_team_possession,away_team_possession,Home Team Pre-Match xG,Away Team Pre-Match xG,team_a_xg,team_b_xg,average_goals_per_match_pre_match,btts_percentage_pre_match,over_15_percentage_pre_match,over_25_percentage_pre_match,over_35_percentage_pre_match,over_45_percentage_pre_match,over_15_HT_FHG_percentage_pre_match,over_05_HT_FHG_percentage_pre_match,over_15_2HG_percentage_pre_match,over_05_2HG_percentage_pre_match,average_corners_per_match_pre_match,average_cards_per_match_pre_match,odds_ft_home_team_win,odds_ft_draw,odds_ft_away_team_win,odds_ft_over15,odds_ft_over25,odds_ft_over35,odds_ft_over45,odds_btts_yes,odds_btts_no,stadium_name
1744383600,Apr 11 2025 - 3:00pm,complete,N/A,NuPS,FC Espoo,N/A,1,0.00,0.00,1.41,0.64,3,1,4,1,1,0,"90'1,26,77","70",3,7,-1,-1,-1,-1,-1,-1,-1,-1,13,6,6,2,7,4,-1,-1,50,50,0.00,0.00,1.65,0.97,0.00,0,0,0,0,0,0,0,0,0,0.00,0.00,1.67,4.48,3.87,0.00,1.40,2.05,0.00,0.00,0.00,N/A
1744389000,Apr 11 2025 - 4:30pm,complete,N/A,Valtti,Futura,N/A,N/A,0.00,0.00,2.41,2.09,0,2,2,0,0,0,"","60,86",2,1,0,0,0,0,0,0,0,0,10,12,1,7,9,5,21,17,41,59,0.00,0.00,0.90,1.51,0.00,0,0,0,0,0,0,0,0,0,0.00,0.00,1.48,5.35,5.24,0.00,1.22,1.95,0.00,0.00,0.00,N/A
1744391700,Apr 11 2025 - 5:15pm,complete,N/A,PPJ / Lauttasaari,HJK / Kantsu,N/A,1,0.00,0.00,1.27,0.77,2,1,3,2,1,1,"34,52","27",7,4,0,0,0,0,0,0,0,0,11,9,5,4,6,5,7,12,60,40,0.00,0.00,1.34,1.07,0.00,0,0,0,0,0,0,0,0,0,0.00,0.00,1.65,4.03,3.75,0.00,1.22,1.62,0.00,0.00,0.00,Väinämöisen kenttä
1744391700,Apr 11 2025 - 5:15pm,complete,N/A,EPS II,VJS II,N/A,1,0.00,0.00,1.50,2.00,2,1,3,2,1,1,"37,90","30",2,11,-1,-1,-1,-1,-1,-1,-1,-1,12,19,5,8,7,11,-1,-1,47,53,0.00,0.00,1.44,2.41,0.00,0,0,0,0,0,0,0,0,0,0.00,0.00,1.99,4.20,3.00,0.00,1.20,1.55,1.95,0.00,0.00,Espoonlahden tekonurmi 2
1744452000,Apr 12 2025 - 10:00am,complete,N/A,ToTe,PPJ / Ruoholahti,N/A,N/A,0.00,0.00,1.91,1.45,2,0,2,1,1,0,"35,70","",4,6,-1,-1,-1,-1,-1,-1,-1,-1,9,3,4,2,5,1,-1,-1,46,54,0.00,0.00,1.24,0.70,0.00,0,0,0,0,0,0,0,0,0,0.00,0.00,1.25,5.00,7.00,0.00,1.40,2.25,0.00,0.00,0.00,N/A
1744459200,Apr 12 2025 - 12:00pm,complete,N/A,MPS Atletico Malmi,Lahti II,N/A,N/A,0.00,0.00,1.81,1.27,4,1,5,3,3,0,"24,36,19,66","50",8,1,-1,-1,-1,-1,-1,-1,-1,-1,14,4,8,1,6,3,-1,-1,50,50,0.00,0.00,1.81,0.59,0.00,0,0,0,0,0,0,0,0,0,0.00,0.00,1.21,6.00,9.35,0.00,1.22,0.00,0.00,0.00,0.00,Pukinmäki liikuntapuisto
1744459200,Apr 12 2025 - 12:00pm,complete,N/A,SibboV,Ponnistus,N/A,N/A,0.00,0.00,1.64,1.18,2,2,4,3,2,1,"17,15","57,21",-1,-1,-1,-1,-1,-1,-1,-1,-1,-1,-1,-1,-1,-1,-1,-1,-1,-1,-1,-1,0.00,0.00,0.00,0.00,0.00,0,0,0,0,0,0,0,0,0,0.00,0.00,1.51,4.33,4.67,0.00,1.22,0.00,0.00,0.00,0.00,N/A
1744461000,Apr 12 2025 - 12:30pm,complete,N/A,LPS,TuPS,N/A,1,0.00,0.00,1.55,1.55,1,2,3,2,1,1,"5","17,69",5,2,-1,-1,-1,-1,-1,-1,-1,-1,10,8,3,4,7,4,-1,-1,50,50,0.00,0.00,1.23,1.03,0.00,0,0,0,0,0,0,0,0,0,0.00,0.00,1.44,4.39,4.96,0.00,1.25,1.65,2.20,0.00,0.00,Hertta Areena
1744462800,Apr 12 2025 - 1:00pm,complete,N/A,SexyPöxyt,EsPa / Renat,N/A,1,0.00,0.00,1.45,0.18,5,1,6,2,2,0,"20,24,87,46,90'3","68",4,5,-1,-1,-1,-1,-1,-1,-1,-1,21,6,13,3,8,3,-1,-1,50,50,0.00,0.00,2.74,0.86,0.00,0,0,0,0,0,0,0,0,0,0.00,0.00,1.15,7.30,12.00,0.00,1.14,0.00,1.95,0.00,0.00,N/A
1744537500,Apr 13 2025 - 9:45am,complete,N/A,Finnkurd,EIF II,N/A,1,0.00,0.00,1.59,1.82,0,7,7,1,0,1,"","21,71,59,80,68,85,90",0,2,0,0,0,0,0,0,0,0,1,14,1,11,0,3,11,7,21,79,0.00,0.00,0.15,1.86,0.00,0,0,0,0,0,0,0,0,0,0.00,0.00,6.94,4.75,1.40,0.00,1.36,1.73,2.10,0.00,0.00,Pallomylly-halli
1744560900,Apr 13 2025 - 4:15pm,complete,N/A,Ponnistajat,Kontu,N/A,N/A,0.00,0.00,0.18,1.23,0,7,7,0,0,0,"","72,62,66,69,80,76,83",0,5,-1,-1,-1,-1,-1,-1,-1,-1,4,14,0,9,4,5,-1,-1,34,66,0.00,0.00,0.41,2.03,0.00,0,0,0,0,0,0,0,0,0,0.00,0.00,6.25,5.20,1.20,0.00,1.22,1.75,0.00,0.00,0.00,N/A
1744733100,Apr 15 2025 - 4:05pm,complete,N/A,HooGee,EBK,N/A,1,0.00,0.00,1.86,2.36,1,8,9,3,0,3,"58","33,26,28,54,67,47,55,88",2,4,0,0,0,0,0,0,0,0,9,20,3,10,6,10,11,6,36,64,0.00,0.00,1.07,2.47,0.00,0,0,0,0,0,0,0,0,0,0.00,0.00,6.40,5.00,1.44,0.00,1.20,1.53,2.20,0.00,0.00,Matinkylän urheilupuisto
1744822800,Apr 16 2025 - 5:00pm,complete,N/A,GrIFK U23,Espoon Tikka,N/A,N/A,0.00,0.00,1.50,0.95,7,0,7,3,3,0,"85,6,12,45'1,55,78,84","",3,6,-1,-1,-1,-1,-1,-1,-1,-1,9,2,8,0,1,2,-1,-1,50,50,0.00,0.00,1.22,0.16,0.00,0,0,0,0,0,0,0,0,0,0.00,0.00,1.27,5.75,8.00,0.00,1.50,2.00,2.25,0.00,0.00,Kauniaisten Keskuskenttä
1744823700,Apr 16 2025 - 5:15pm,complete,N/A,HIFK,Töölön Taisto,N/A,N/A,0.00,0.00,2.64,1.41,3,0,3,1,1,0,"90,85,45","",9,8,-1,-1,-1,-1,-1,-1,-1,-1,15,7,7,4,8,3,-1,-1,50,50,0.00,0.00,1.82,1.03,0.00,0,0,0,0,0,0,0,0,0,0.00,0.00,1.35,5.00,5.75,0.00,1.33,1.80,0.00,0.00,0.00,N/A
1744823700,Apr 16 2025 - 5:15pm,complete,N/A,EsPa,MPS,N/A,N/A,0.00,0.00,2.05,0.77,3,1,4,1,1,0,"49,36,90","82",-1,-1,-1,-1,-1,-1,-1,-1,-1,-1,-1,-1,-1,-1,-1,-1,-1,-1,-1,-1,0.00,0.00,0.00,0.00,0.00,0,0,0,0,0,0,0,0,0,0.00,0.00,1.04,21.00,26.00,0.00,1.11,0.00,2.02,0.00,0.00,Matinkylän urheilupuisto
1744903800,Apr 17 2025 - 3:30pm,complete,N/A,RiPS,JäPS II,N/A,N/A,0.00,0.00,1.27,1.86,1,5,6,3,0,3,"88","23,42,43,68,74",3,5,-1,-1,-1,-1,-1,-1,-1,-1,7,9,3,7,4,2,-1,-1,50,50,0.00,0.00,1.20,1.60,0.00,0,0,0,0,0,0,0,0,0,0.00,0.00,4.25,5.00,1.44,0.00,1.25,1.70,0.00,0.00,0.00,N/A
1744908000,Apr 17 2025 - 4:40pm,complete,N/A,TiPS,PKKU II,N/A,1,0.00,0.00,1.09,0.64,1,2,3,2,1,1,"19","16,55",13,2,0,0,0,0,0,0,0,0,10,11,3,6,7,5,9,10,51,49,0.00,0.00,1.33,1.47,0.00,0,0,0,0,0,0,0,0,0,0.00,0.00,1.66,4.00,3.80,0.00,1.36,1.83,0.00,0.00,0.00,Tikkurila urheilupuisto nurmi
1744975800,Apr 18 2025 - 11:30am,complete,N/A,Gnistan / Ogeli,Atlantis / PM,N/A,N/A,0.00,0.00,1.00,1.18,0,2,2,0,0,0,"","63,89",0,7,-1,-1,-1,-1,-1,-1,-1,-1,3,17,1,10,2,7,-1,-1,38,62,0.00,0.00,0.56,2.36,0.00,0,0,0,0,0,0,0,0,0,0.00,0.00,4.40,4.90,1.40,1.95,1.25,1.61,1.95,0.00,0.00,N/A
1745420400,Apr 23 2025 - 3:00pm,complete,N/A,Töölön Taisto,TuPS,N/A,N/A,0.00,3.00,1.41,1.55,2,2,4,0,0,0,"","",4,2,-1,-1,-1,-1,-1,-1,-1,-1,6,7,3,3,3,4,-1,-1,50,50,1.03,1.03,0.89,1.02,3.00,50,100,100,0,0,50,100,50,100,10.00,-2.00,2.10,4.00,2.60,0.00,1.53,1.67,0.00,0.00,0.00,N/A
1745508600,Apr 24 2025 - 3:30pm,complete,N/A,JäPS II,PPJ / Lauttasaari,N/A,N/A,3.00,3.00,1.86,1.27,3,0,3,1,1,0,"34,51,83","",3,3,-1,-1,-1,-1,-1,-1,-1,-1,13,5,9,1,4,4,-1,-1,50,50,1.60,1.34,1.64,0.54,4.50,100,100,100,50,50,100,100,50,100,12.00,-1.00,1.42,6.03,5.00,0.00,1.30,1.68,0.00,0.00,0.00,N/A
1745508600,Apr 24 2025 - 3:30pm,complete,N/A,EIF II,EPS II,N/A,N/A,3.00,3.00,1.82,1.50,2,4,6,0,0,0,"","",6,5,-1,-1,-1,-1,-1,-1,-1,-1,7,13,4,6,3,7,-1,-1,48,52,1.86,1.44,1.32,1.90,5.00,50,100,100,50,50,50,100,50,100,4.00,-1.00,2.37,4.45,2.43,0.00,1.28,1.68,2.10,0.00,0.00,N/A
1745511300,Apr 24 2025 - 4:15pm,complete,N/A,Atlantis / PM,ToTe,N/A,N/A,3.00,3.00,1.18,1.91,0,1,1,0,0,0,"","76",1,5,-1,-1,-1,-1,-1,-1,-1,-1,9,9,3,2,6,7,-1,-1,55,45,2.36,1.24,1.25,1.22,2.00,0,100,0,0,0,0,50,50,100,11.00,-2.00,2.25,3.90,2.37,1.90,1.36,1.80,0.00,0.00,0.00,N/A
1745514900,Apr 24 2025 - 5:15pm,complete,N/A,HJK / Kantsu,TiPS,N/A,2,0.00,0.00,0.77,1.09,2,3,5,3,1,2,"22,89","65,15,31",3,4,-1,-1,-1,-1,-1,-1,-1,-1,18,14,7,8,11,6,-1,-1,50,50,1.07,1.33,2.06,1.89,3.00,100,100,100,0,0,100,100,0,100,17.00,0.00,4.75,5.00,1.40,0.00,1.25,1.60,2.10,0.00,0.00,N/A
1745514900,Apr 24 2025 - 5:15pm,complete,N/A,Espoon Tikka,SexyPöxyt,N/A,2,0.00,3.00,0.95,1.45,3,0,3,1,1,0,"79,16,81","",2,11,-1,-1,-1,-1,-1,-1,-1,-1,4,13,4,4,0,9,-1,-1,26,74,0.16,2.74,0.70,1.47,6.50,50,100,100,100,100,100,100,100,100,10.00,-2.00,11.00,8.30,1.06,0.00,1.16,0.00,1.81,0.00,0.00,Espoonlahden tekonurmi 2
1745514900,Apr 24 2025 - 5:15pm,complete,N/A,EsPa / Renat,NuPS,N/A,N/A,0.00,3.00,0.18,1.41,2,1,3,0,0,0,"","",4,8,-1,-1,-1,-1,-1,-1,-1,-1,6,14,2,7,4,7,-1,-1,50,50,0.86,1.65,0.65,1.67,5.00,100,100,100,100,50,50,100,100,100,8.00,-2.00,7.16,2.35,1.83,0.00,1.22,1.57,2.20,0.00,0.00,N/A
1745515200,Apr 24 2025 - 5:20pm,complete,N/A,PPJ / Ruoholahti,SibboV,N/A,N/A,0.00,1.00,1.45,1.64,2,1,3,0,0,0,"50,80","54",6,7,-1,-1,-1,-1,-1,-1,-1,-1,13,14,4,7,9,7,-1,-1,50,50,0.70,0.00,1.47,1.77,3.00,50,100,50,50,0,50,100,0,100,6.00,-2.00,1.45,5.00,4.20,0.00,1.25,1.80,0.00,0.00,0.00,N/A
1745515800,Apr 24 2025 - 5:30pm,complete,N/A,VJS II,HooGee,N/A,2,0.00,0.00,2.00,1.86,3,1,4,1,0,1,"60,70,90'3","8",-1,-1,-1,-1,-1,-1,-1,-1,-1,-1,-1,-1,-1,-1,-1,-1,-1,-1,-1,-1,2.41,1.07,0.00,0.00,6.00,100,100,100,50,50,100,100,50,100,13.00,-1.00,0.00,0.00,0.00,0.00,0.00,0.00,0.00,0.00,0.00,Myyrmäen jalkapallostadion
1745595000,Apr 25 2025 - 3:30pm,complete,N/A,Futura,Ponnistajat,N/A,N/A,3.00,0.00,2.09,0.18,2,1,3,3,2,1,"22,11","37",-1,-1,-1,-1,-1,-1,-1,-1,-1,-1,-1,-1,-1,-1,-1,-1,-1,-1,-1,-1,1.51,0.41,0.00,0.00,4.50,0,100,50,50,50,0,0,100,100,1.00,-1.00,0.00,0.00,0.00,0.00,0.00,0.00,0.00,0.00,0.00,N/A
1745596800,Apr 25 2025 - 4:00pm,complete,N/A,LPS,MPS Atletico Malmi,N/A,2,0.00,3.00,1.55,1.81,1,4,5,2,0,2,"88","10,62,48,39",1,0,-1,-1,-1,-1,-1,-1,-1,-1,8,10,4,6,4,4,-1,-1,50,50,1.23,1.81,1.15,1.20,4.00,100,100,100,50,50,100,100,50,100,13.00,-2.00,2.80,4.11,1.97,0.00,1.30,1.85,0.00,0.00,0.00,Hertta Areena
1745598600,Apr 25 2025 - 4:30pm,complete,N/A,Lahti II,HIFK,N/A,N/A,0.00,3.00,1.27,2.64,1,5,6,0,0,0,"","",-1,-1,-1,-1,-1,-1,-1,-1,-1,-1,-1,-1,-1,-1,-1,-1,-1,-1,-1,-1,0.59,1.82,0.00,0.00,4.00,50,100,100,50,50,50,100,100,100,10.00,-2.00,0.00,0.00,0.00,0.00,0.00,0.00,0.00,0.00,0.00,N/A
1745600400,Apr 25 2025 - 5:00pm,complete,N/A,FC Espoo,GrIFK U23,N/A,N/A,0.00,3.00,0.64,1.50,2,2,4,0,0,0,"54,68","55,67",4,9,-1,-1,-1,-1,-1,-1,-1,-1,24,11,14,4,10,7,-1,-1,49,51,0.97,1.22,3.00,1.35,5.50,50,100,100,100,50,50,100,100,100,10.00,-2.00,3.25,4.25,1.80,1.80,1.40,1.95,0.00,0.00,0.00,N/A
1745600400,Apr 25 2025 - 5:00pm,complete,N/A,EBK,Finnkurd,N/A,2,3.00,0.00,2.36,1.59,8,1,9,6,5,1,"10,14,12,74,31,40,84,74","3",3,0,0,0,0,0,0,0,0,0,-1,-1,-1,-1,-1,-1,12,15,66,34,2.47,0.15,0.00,0.00,8.00,50,100,100,100,100,50,100,100,100,4.00,0.00,1.02,15.00,29.00,0.00,1.07,1.65,1.75,0.00,0.00,N/A
1745600400,Apr 25 2025 - 5:00pm,complete,N/A,MPS,Valtti,N/A,N/A,0.00,0.00,0.77,2.41,1,4,5,4,1,3,"9","46,20,45'1,24",3,5,-1,-1,-1,-1,-1,-1,-1,-1,3,15,1,6,2,9,-1,-1,42,58,0.00,0.90,0.60,1.80,3.00,50,100,50,50,0,0,50,100,100,2.00,-1.00,4.85,7.42,1.30,0.00,1.30,1.58,2.20,0.00,0.00,Tapanilan nurmi
1745601600,Apr 25 2025 - 5:20pm,complete,N/A,Kontu,EsPa,N/A,N/A,3.00,3.00,1.23,2.05,1,0,1,0,0,0,"62","",1,4,-1,-1,-1,-1,-1,-1,-1,-1,7,7,2,4,5,3,-1,-1,50,50,2.03,0.00,1.07,1.27,5.50,50,100,100,100,50,0,50,100,100,5.00,-2.00,2.80,4.00,1.97,0.00,1.36,1.83,0.00,0.00,0.00,Talin jalkapallohalli
1745602200,Apr 25 2025 - 5:30pm,complete,N/A,Ponnistus,Gnistan / Ogeli,N/A,N/A,1.00,0.00,1.18,1.00,4,1,5,3,3,0,"40,10,18,50","75",4,5,0,0,0,0,0,0,0,0,15,12,10,5,5,7,9,15,44,56,0.00,0.56,1.87,1.41,3.00,50,100,50,50,0,50,50,50,100,0.00,-2.00,2.60,4.00,2.15,0.00,1.33,1.75,0.00,0.00,0.00,Väinämöisen kenttä
1745681400,Apr 26 2025 - 3:30pm,complete,N/A,PKKU II,RiPS,N/A,N/A,3.00,0.00,0.64,1.27,1,2,3,0,0,0,"","",8,2,-1,-1,-1,-1,-1,-1,-1,-1,13,8,2,4,11,4,-1,-1,50,50,1.47,1.20,1.42,1.09,4.50,100,100,100,50,50,100,100,50,100,5.00,-1.00,1.67,4.82,3.31,0.00,1.57,1.78,0.00,0.00,0.00,N/A
1745940600,Apr 29 2025 - 3:30pm,complete,N/A,JäPS II,LPS,N/A,3,3.00,0.00,1.86,1.55,4,0,4,1,1,0,"30,52,74,86","",8,5,-1,-1,-1,-1,-1,-1,-1,-1,16,8,6,2,10,6,-1,-1,57,43,1.62,1.19,1.95,0.99,4.25,75,100,100,50,50,75,100,75,100,7.00,-2.00,1.49,5.50,4.00,0.00,1.22,0.00,0.00,0.00,0.00,N/A
1745946900,Apr 29 2025 - 5:15pm,complete,N/A,Kontu,Ponnistus,N/A,N/A,3.00,2.00,1.23,1.18,2,0,2,1,1,0,"37,84","",3,3,-1,-1,-1,-1,-1,-1,-1,-1,17,5,11,2,6,3,-1,-1,60,40,1.55,1.87,2.24,0.69,4.25,50,75,75,75,50,50,50,50,100,7.00,-1.50,1.36,5.00,6.00,0.00,1.16,0.00,2.00,0.00,0.00,Talin jalkapallohalli
1746201600,May 02 2025 - 4:00pm,complete,N/A,MPS,PPJ / Ruoholahti,N/A,N/A,0.00,1.50,0.77,1.45,3,3,6,2,2,0,"22,29,70","50,80,90'3",4,3,-1,-1,-1,-1,-1,-1,-1,-1,8,10,4,5,4,5,-1,-1,50,50,0.60,1.08,0.97,1.22,3.50,75,100,75,50,25,25,75,50,100,9.00,-2.00,2.46,4.75,1.78,0.00,1.44,2.10,0.00,0.00,0.00,Tapanilan nurmi
1746202500,May 02 2025 - 4:15pm,complete,N/A,EsPa,Valtti,N/A,N/A,1.50,1.50,2.05,2.41,0,4,4,2,0,2,"","23,37,57,67",3,0,-1,-1,-1,-1,-1,-1,-1,-1,4,7,2,5,2,2,-1,-1,53,47,1.27,1.35,1.15,1.23,3.00,50,75,50,50,25,25,50,50,100,7.50,-1.50,1.79,3.98,3.25,0.00,1.44,2.00,2.28,0.00,0.00,Matinkylän urheilupuisto
1746205200,May 02 2025 - 5:00pm,complete,N/A,EBK,EsPa / Renat,N/A,3,3.00,1.50,2.36,0.18,2,2,4,3,2,1,"20,24","21,52",-1,-1,-1,-1,-1,-1,-1,-1,-1,-1,-1,-1,-1,-1,-1,-1,-1,-1,-1,-1,2.47,0.75,0.00,0.00,6.75,100,100,100,75,75,75,75,75,75,8.00,-1.00,0.00,0.00,0.00,0.00,0.00,0.00,0.00,0.00,0.00,N/A
1746206100,May 02 2025 - 5:15pm,complete,N/A,Espoon Tikka,EIF II,N/A,3,1.50,1.50,0.95,1.82,0,2,2,0,0,0,"","54,61",0,1,0,0,0,0,0,0,0,0,-1,-1,-1,-1,-1,-1,16,9,36,64,0.43,1.59,0.00,0.00,5.75,25,100,100,75,75,25,75,75,75,8.00,-1.50,5.00,5.25,1.43,0.00,1.30,1.75,2.25,0.00,0.00,N/A
1746207000,May 02 2025 - 5:30pm,complete,N/A,PPJ / Lauttasaari,TiPS,N/A,3,1.50,1.50,1.27,1.09,2,2,4,1,0,1,"62,90'1","79,11",-1,-1,-1,-1,-1,-1,-1,-1,-1,-1,-1,-1,-1,-1,-1,-1,-1,-1,-1,-1,0.94,1.61,0.00,0.00,3.50,75,100,100,25,25,75,100,50,100,13.50,-1.00,0.00,0.00,0.00,0.00,0.00,0.00,0.00,0.00,0.00,Väinämöisen kenttä
1746266400,May 03 2025 - 10:00am,complete,N/A,HIFK,RiPS,N/A,N/A,3.00,1.50,2.64,1.27,3,1,4,0,0,0,"","",2,3,-1,-1,-1,-1,-1,-1,-1,-1,15,6,6,4,9,2,-1,-1,50,50,1.82,1.15,1.84,0.96,4.50,75,100,100,50,50,25,50,50,50,11.50,-2.00,1.02,9.80,28.00,0.00,1.16,0.00,1.91,0.00,0.00,N/A
1746270000,May 03 2025 - 11:00am,complete,N/A,HJK / Kantsu,Töölön Taisto,N/A,3,0.00,0.50,0.77,1.41,1,2,3,1,1,0,"25","70,53",-1,-1,-1,-1,-1,-1,-1,-1,-1,-1,-1,-1,-1,-1,-1,-1,-1,-1,-1,-1,1.57,0.96,0.00,0.00,3.75,75,100,100,50,25,50,75,50,75,9.50,-1.50,0.00,0.00,0.00,0.00,0.00,0.00,0.00,0.00,0.00,N/A
1746272700,May 03 2025 - 11:45am,complete,N/A,NuPS,GrIFK U23,N/A,N/A,1.50,2.00,1.41,1.50,3,0,3,2,2,0,"33,57,45","",3,5,-1,-1,-1,-1,-1,-1,-1,-1,21,7,9,4,12,3,-1,-1,50,50,1.66,1.28,2.34,1.06,4.50,75,100,100,75,25,25,50,75,75,11.50,-2.00,2.25,3.85,2.68,0.00,1.50,2.10,0.00,0.00,0.00,N/A
1746273600,May 03 2025 - 12:00pm,complete,N/A,SibboV,Gnistan / Ogeli,N/A,N/A,0.50,0.00,1.64,1.00,3,0,3,0,0,0,"63,58,90","",4,6,0,0,0,0,0,0,0,0,11,6,5,2,6,4,14,17,58,42,1.77,0.98,1.34,0.74,3.50,75,100,75,50,25,50,50,75,100,9.50,-1.50,1.53,4.50,5.52,0.00,1.33,2.00,0.00,0.00,0.00,N/A
1746274500,May 03 2025 - 12:15pm,complete,N/A,HooGee,Finnkurd,N/A,3,0.00,0.00,1.86,1.59,12,0,12,7,7,0,"13,45'2,45'3,34,30,51,73,81,83,48,11,2","",2,1,0,0,0,0,0,0,0,0,-1,-1,-1,-1,-1,-1,2,5,42,58,1.07,0.15,0.00,0.00,7.25,75,100,100,100,75,50,100,100,100,2.00,-0.50,1.44,5.00,4.75,0.00,0.00,0.00,0.00,0.00,0.00,N/A
1746277200,May 03 2025 - 1:00pm,complete,N/A,SexyPöxyt,EPS II,N/A,N/A,1.50,3.00,1.45,1.50,1,3,4,0,0,0,"","",9,6,-1,-1,-1,-1,-1,-1,-1,-1,10,5,6,3,4,2,-1,-1,50,50,2.11,1.67,1.66,0.96,4.50,75,100,100,50,50,50,75,50,75,11.00,-2.00,1.74,4.00,3.61,0.00,1.40,1.83,1.52,0.00,0.00,N/A
1746278100,May 03 2025 - 1:15pm,complete,N/A,TuPS,MPS Atletico Malmi,N/A,3,2.00,3.00,1.55,1.81,1,2,3,1,1,0,"14","71,84",3,2,-1,-1,-1,-1,-1,-1,-1,-1,7,7,2,4,5,3,-1,-1,44,56,1.03,1.50,0.82,1.06,4.25,100,100,100,75,50,75,75,50,75,6.00,-2.00,2.85,3.90,2.00,0.00,1.36,1.83,0.00,0.00,0.00,N/A
1746278100,May 03 2025 - 1:15pm,complete,N/A,ToTe,Ponnistajat,N/A,N/A,3.00,0.00,1.91,0.18,7,1,8,4,4,0,"34,45,69,71,82,4,9","54",-1,-1,-1,-1,-1,-1,-1,-1,-1,-1,-1,-1,-1,-1,-1,-1,-1,-1,-1,-1,1.23,0.41,0.00,0.00,3.25,25,75,50,25,25,25,50,25,75,4.50,-2.00,0.00,0.00,0.00,0.00,0.00,0.00,0.00,0.00,0.00,N/A
1746280800,May 03 2025 - 2:00pm,complete,N/A,Lahti II,PKKU II,N/A,3,0.00,1.50,1.27,0.64,1,2,3,1,0,1,"60","21,56",-1,-1,-1,-1,-1,-1,-1,-1,-1,-1,-1,-1,-1,-1,-1,-1,-1,-1,-1,-1,0.59,1.44,0.00,0.00,4.25,100,100,100,50,50,50,50,25,50,6.00,-1.50,0.00,0.00,0.00,0.00,0.00,0.00,0.00,0.00,0.00,N/A
1746349200,May 04 2025 - 9:00am,complete,N/A,VJS II,FC Espoo,N/A,N/A,1.50,0.50,2.00,0.64,3,2,5,1,0,1,"55,48,67","40,63",8,4,-1,-1,-1,-1,-1,-1,-1,-1,11,7,6,3,5,4,-1,-1,50,50,2.41,1.99,1.49,0.94,3.75,100,100,100,75,0,25,75,75,100,16.50,-2.00,1.70,4.30,3.49,0.00,1.25,1.60,0.00,0.00,0.00,Myyrmäen jalkapallostadion
1746378000,May 04 2025 - 5:00pm,complete,N/A,Atlantis / PM,Futura,N/A,N/A,1.50,3.00,1.18,2.09,1,2,3,0,0,0,"","",-1,-1,-1,-1,-1,-1,-1,-1,-1,-1,-1,-1,-1,-1,-1,-1,-1,-1,-1,-1,1.81,1.51,0.00,0.00,2.00,25,75,25,0,0,25,25,50,75,5.00,-1.50,0.00,0.00,0.00,0.00,0.00,0.00,0.00,0.00,0.00,N/A
1746637200,May 07 2025 - 5:00pm,complete,N/A,GrIFK U23,HooGee,N/A,N/A,1.33,1.00,1.50,1.86,3,2,5,4,3,1,"43,2,28","36,57",6,6,-1,-1,-1,-1,-1,-1,-1,-1,10,12,6,6,4,6,-1,-1,53,47,1.21,1.07,1.40,1.60,6.50,50,100,100,84,50,67,84,84,100,7.67,-1.33,1.68,4.38,3.70,0.00,1.33,1.60,2.05,0.00,0.00,N/A
1746724500,May 08 2025 - 5:15pm,complete,N/A,EsPa / Renat,VJS II,N/A,N/A,1.33,2.00,0.18,2.00,0,2,2,0,0,0,"","",3,4,-1,-1,-1,-1,-1,-1,-1,-1,9,15,2,8,7,7,-1,-1,48,52,0.75,1.95,1.01,1.94,4.17,100,100,100,67,33,50,84,50,84,14.00,-2.00,3.40,4.80,1.61,0.00,1.18,0.00,1.95,0.00,0.00,N/A
1746724800,May 08 2025 - 5:20pm,complete,N/A,PPJ / Ruoholahti,Kontu,N/A,N/A,1.33,3.00,1.45,1.23,0,4,4,1,0,1,"","45'1,79,83,88",4,2,-1,-1,-1,-1,-1,-1,-1,-1,6,11,1,4,5,7,-1,-1,50,50,1.13,1.78,0.93,1.54,3.50,34,84,50,33,33,17,50,50,100,8.00,-2.00,3.40,6.50,1.57,0.00,1.20,1.60,0.00,0.00,0.00,N/A
1746804600,May 09 2025 - 3:30pm,complete,N/A,Futura,MPS,N/A,N/A,3.00,0.33,2.09,0.77,5,0,5,3,3,0,"42,11,17,53,90'2","",-1,-1,-1,-1,-1,-1,-1,-1,-1,-1,-1,-1,-1,-1,-1,-1,-1,-1,-1,-1,1.51,0.78,0.00,0.00,3.84,84,100,84,50,34,50,67,50,67,4.50,-1.67,0.00,0.00,0.00,0.00,0.00,0.00,0.00,0.00,0.00,N/A
1746806400,May 09 2025 - 4:00pm,complete,N/A,LPS,Lahti II,N/A,4,0.00,0.00,1.55,1.27,5,2,7,2,1,1,"9,48,54,64,73","14,70",1,1,0,0,0,0,0,0,0,0,17,14,12,5,5,9,3,1,66,34,1.12,0.59,2.48,1.53,4.34,84,100,100,67,50,50,84,67,84,4.67,-2.00,1.57,5.20,3.70,0.00,1.20,1.62,2.07,0.00,0.00,Hertta Areena
1746808200,May 09 2025 - 4:30pm,complete,N/A,Valtti,ToTe,N/A,N/A,2.00,3.00,2.41,1.91,3,0,3,2,2,0,"12,41,90'5","",3,8,0,0,0,0,0,0,0,0,6,10,5,6,1,4,10,17,39,61,1.31,1.23,1.02,1.56,3.67,33,84,50,50,33,50,67,50,100,6.83,-1.67,2.23,3.79,2.46,0.00,1.50,1.85,0.00,0.00,0.00,N/A
1746810900,May 09 2025 - 5:15pm,complete,N/A,Gnistan / Ogeli,EsPa,N/A,N/A,0.00,1.00,1.00,2.05,1,6,7,1,0,1,"72","1,58,63,74,81,90'3",5,8,0,0,0,0,0,0,0,0,3,13,1,10,2,3,13,15,43,57,0.90,1.21,0.63,2.14,3.17,33,84,67,50,17,33,50,84,100,7.17,-1.33,6.50,5.50,1.30,0.00,1.28,1.65,0.00,0.00,0.00,N/A
1746810900,May 09 2025 - 5:15pm,complete,N/A,Ponnistajat,SibboV,N/A,N/A,0.00,1.33,0.18,1.64,2,3,5,1,1,0,"41,57","70,85,74",4,6,0,0,0,0,0,0,0,0,12,15,8,7,4,8,11,16,46,54,0.41,1.56,1.63,1.86,4.67,67,100,100,50,34,50,50,67,84,5.50,-1.67,4.29,4.60,1.60,0.00,1.25,1.57,0.00,0.00,0.00,N/A
1746874800,May 10 2025 - 11:00am,complete,N/A,EPS II,NuPS,N/A,N/A,3.00,2.00,1.50,1.41,1,2,3,0,0,0,"","",4,4,-1,-1,-1,-1,-1,-1,-1,-1,5,3,3,3,2,0,-1,-1,50,50,1.43,1.89,0.93,0.77,3.83,84,100,100,50,17,33,50,17,50,9.00,-2.00,2.55,3.55,2.30,0.00,1.44,2.00,0.00,0.00,0.00,Espoonlahden tekonurmi 2
1746878400,May 10 2025 - 12:00pm,complete,N/A,RiPS,TuPS,N/A,4,1.00,1.33,1.27,1.55,3,2,5,2,1,1,"15,50,53","20,85",5,3,0,0,0,0,0,0,0,0,11,8,7,5,4,3,10,10,47,53,1.09,0.96,1.64,1.60,3.83,100,100,100,50,17,33,50,33,50,5.00,-2.00,4.30,4.60,1.55,0.00,1.25,1.57,0.00,0.00,0.00,N/A
1746882900,May 10 2025 - 1:15pm,complete,N/A,Ponnistus,Atlantis / PM,N/A,N/A,1.33,1.00,1.18,1.18,2,1,3,0,0,0,"66,69","56",3,3,0,0,0,0,0,0,0,0,-1,-1,-1,-1,-1,-1,9,8,36,64,1.28,1.81,0.00,0.00,2.84,50,84,50,34,17,34,50,33,84,7.50,-1.67,0.00,0.00,0.00,0.00,0.00,0.00,0.00,0.00,0.00,N/A
1746885600,May 10 2025 - 2:00pm,complete,N/A,TiPS,HIFK,N/A,N/A,1.33,3.00,1.09,2.64,1,3,4,2,1,1,"36","34,90'4,82",8,7,-1,-1,-1,-1,-1,-1,-1,-1,10,10,6,4,4,6,-1,-1,50,50,1.61,1.83,1.42,1.39,4.17,84,100,100,67,33,34,67,50,67,14.00,-1.67,0.00,0.00,0.00,0.00,1.30,0.00,0.00,0.00,0.00,Tikkurila urheilupuisto nurmi
1746892800,May 10 2025 - 4:00pm,complete,N/A,PKKU II,HJK / Kantsu,N/A,4,2.00,0.00,0.64,0.77,3,2,5,2,2,0,"15,41,67","81,78",2,3,0,0,0,0,0,0,0,0,13,6,6,2,7,4,3,7,66,34,1.44,1.57,1.67,0.70,3.34,100,100,100,17,17,50,84,50,84,8.50,-1.34,1.50,4.50,4.33,0.00,1.50,2.15,0.00,0.00,0.00,N/A
1746892800,May 10 2025 - 4:00pm,complete,N/A,FC Espoo,Espoon Tikka,N/A,4,0.33,1.00,0.64,0.95,1,0,1,0,0,0,"83","",3,1,0,0,0,0,0,0,0,0,17,6,5,1,12,5,7,10,57,43,1.64,0.43,2.09,0.86,4.17,50,100,84,67,33,17,67,100,100,7.67,-1.67,1.44,4.80,4.70,0.00,1.28,1.73,0.00,0.00,0.00,N/A
1746894600,May 10 2025 - 4:30pm,complete,N/A,MPS Atletico Malmi,PPJ / Lauttasaari,N/A,N/A,3.00,1.33,1.81,1.27,2,2,4,0,0,0,"","",3,4,-1,-1,-1,-1,-1,-1,-1,-1,11,10,9,5,2,5,-1,-1,50,50,1.36,0.94,1.69,1.39,3.83,84,100,100,50,34,50,100,84,100,8.33,-1.67,1.18,7.00,10.00,0.00,1.25,1.57,2.00,0.00,0.00,Pukinmäki liikuntapuisto
1746894600,May 10 2025 - 4:30pm,complete,N/A,EIF II,EBK,N/A,4,2.00,2.33,1.82,2.36,3,2,5,0,0,0,"58,60,68","67,90'2",3,4,0,0,0,0,0,0,0,0,15,5,8,3,7,2,10,9,54,46,1.59,2.47,1.83,0.86,6.17,67,100,84,84,67,50,67,67,84,6.50,-0.66,3.92,4.30,1.57,0.00,1.22,1.55,2.20,0.00,0.00,N/A
1746979200,May 11 2025 - 4:00pm,complete,N/A,Finnkurd,SexyPöxyt,N/A,N/A,0.00,1.00,1.59,1.45,0,7,7,0,0,0,"","",-1,-1,-1,-1,-1,-1,-1,-1,-1,-1,-1,-1,-1,-1,-1,-1,-1,-1,-1,-1,0.15,1.96,0.00,0.00,6.83,50,100,100,84,67,50,84,84,84,8.33,-1.00,0.00,0.00,0.00,0.00,0.00,0.00,0.00,0.00,0.00,Pallomylly-halli
1747323000,May 15 2025 - 3:30pm,complete,N/A,JäPS II,TiPS,N/A,5,3.00,1.00,1.86,1.09,4,3,7,3,2,1,"50,15,37,89","41,77,90'5",3,11,0,0,0,0,0,0,0,0,20,17,10,8,10,9,16,5,44,56,1.73,1.55,2.37,2.03,4.17,67,100,100,71,29,54,100,88,100,13.66,-1.75,1.18,8.64,5.80,0.00,1.16,1.60,2.20,0.00,0.00,N/A
1747328400,May 15 2025 - 5:00pm,complete,N/A,VJS II,Finnkurd,N/A,5,2.25,0.00,2.00,1.59,6,1,7,3,3,0,"2,50,52,15,25,83","46",-1,-1,-1,-1,-1,-1,-1,-1,-1,-1,-1,-1,-1,-1,-1,-1,-1,-1,-1,-1,1.95,0.15,0.00,0.00,6.13,50,100,88,75,63,38,75,63,75,8.00,-1.25,0.00,0.00,0.00,0.00,0.00,0.00,0.00,0.00,0.00,Myyrmäen jalkapallostadion
1747329300,May 15 2025 - 5:15pm,complete,N/A,HJK / Kantsu,MPS Atletico Malmi,N/A,5,0.00,2.50,0.77,1.81,1,3,4,2,1,1,"33","8,61,83",2,9,0,0,0,0,0,0,0,0,3,21,2,9,1,12,14,13,35,65,1.28,1.44,0.56,2.48,4.13,100,100,100,63,50,63,88,75,88,6.58,-1.50,7.20,5.50,1.27,0.00,1.16,1.57,2.20,0.00,0.00,N/A
1747329300,May 15 2025 - 5:15pm,complete,N/A,HooGee,Espoon Tikka,N/A,5,0.75,0.75,1.86,0.95,6,0,6,2,2,0,"3,7,54,56,70,87","",5,3,0,0,0,0,0,0,0,0,23,5,12,2,11,3,4,10,51,49,1.33,0.57,2.72,0.82,5.38,38,88,75,63,50,50,75,75,100,5.58,-1.00,1.33,5.20,5.40,0.00,1.25,1.57,2.20,0.00,0.00,Matinkylän urheilupuisto
1747329600,May 15 2025 - 5:20pm,complete,N/A,PPJ / Lauttasaari,Lahti II,N/A,N/A,1.25,0.00,1.27,1.27,2,2,4,0,0,0,"","",2,5,-1,-1,-1,-1,-1,-1,-1,-1,7,7,3,3,4,4,-1,-1,49,51,1.09,1.06,1.00,1.05,4.38,88,100,100,63,38,38,75,63,75,5.67,-1.50,1.22,6.00,8.00,0.00,1.20,1.57,2.30,0.00,0.00,N/A
1747407600,May 16 2025 - 3:00pm,complete,N/A,NuPS,EIF II,N/A,5,2.25,2.25,1.41,1.82,2,2,4,1,1,0,"10,87","74,90",8,2,0,0,0,0,0,0,0,0,13,8,6,3,7,5,14,9,55,45,1.61,1.67,1.63,0.98,4.13,63,100,88,50,38,13,38,50,63,7.50,-1.25,1.37,5.75,4.80,0.00,1.25,1.75,0.00,0.00,0.00,N/A
1747409400,May 16 2025 - 3:30pm,complete,N/A,RiPS,Töölön Taisto,N/A,5,1.50,1.33,1.27,1.41,0,1,1,0,0,0,"","74",6,8,0,0,0,0,0,0,0,0,9,11,5,7,4,4,11,10,53,47,1.23,0.96,1.27,1.54,3.92,84,100,100,54,25,25,59,59,59,9.25,-1.75,2.50,3.75,2.20,0.00,1.30,1.55,0.00,0.00,0.00,N/A
1747411200,May 16 2025 - 4:00pm,complete,N/A,LPS,HIFK,N/A,5,0.75,3.00,1.55,2.64,1,0,1,1,1,0,"13","",11,9,0,0,0,0,0,0,0,0,5,6,2,3,3,3,8,14,52,48,1.46,1.68,0.89,1.02,4.50,75,100,100,75,38,50,75,63,75,9.00,-1.75,7.00,6.60,1.24,0.00,1.16,0.00,2.20,0.00,0.00,Hertta Areena
1747411200,May 16 2025 - 4:00pm,complete,N/A,MPS,Gnistan / Ogeli,N/A,N/A,0.25,0.00,0.77,1.00,3,1,4,3,2,1,"26,37,64","23",4,6,-1,-1,-1,-1,-1,-1,-1,-1,16,6,11,3,5,3,-1,-1,50,50,0.78,0.83,2.08,0.94,4.63,63,100,88,75,63,50,75,88,100,7.50,-1.25,1.58,5.20,3.75,0.00,1.25,1.80,0.00,0.00,0.00,Tapanilan nurmi
1747412100,May 16 2025 - 4:15pm,complete,N/A,EsPa,Atlantis / PM,N/A,N/A,1.50,0.75,2.05,1.18,1,0,1,0,0,0,"52","",2,3,0,0,0,0,0,0,0,0,23,4,8,2,15,2,16,12,47,53,1.52,1.81,2.45,0.76,3.13,50,75,63,38,13,13,38,63,88,8.67,-1.50,1.55,4.50,4.29,0.00,1.44,1.90,0.00,0.00,0.00,Matinkylän urheilupuisto
1747413000,May 16 2025 - 4:30pm,complete,N/A,Kontu,Valtti,N/A,N/A,3.00,2.25,1.23,2.41,0,5,5,2,0,2,"","41,44,57,89,82",11,1,0,0,0,0,0,0,0,0,8,13,1,7,7,6,15,12,52,48,1.72,1.24,1.17,1.81,3.50,13,88,63,50,25,38,63,50,100,5.25,-1.50,2.41,3.95,2.19,0.00,1.28,1.57,0.00,0.00,0.00,N/A
1747414800,May 16 2025 - 5:00pm,complete,N/A,EBK,GrIFK U23,N/A,N/A,1.75,1.75,2.36,1.50,3,1,4,1,1,0,"18,63,89","74",10,3,-1,-1,-1,-1,-1,-1,-1,-1,34,5,11,5,23,0,-1,-1,55,45,1.66,1.26,3.46,1.00,5.75,75,100,100,88,63,75,75,63,100,9.42,-1.25,1.18,7.00,9.50,0.00,1.22,1.57,2.25,0.00,0.00,N/A
1747414800,May 16 2025 - 5:00pm,complete,N/A,Ponnistajat,PPJ / Ruoholahti,N/A,N/A,0.00,1.00,0.18,1.45,0,8,8,3,0,3,"","40,44,17,52,56,60,67,49",0,7,-1,-1,-1,-1,-1,-1,-1,-1,3,23,0,16,3,7,-1,-1,50,50,1.02,1.08,0.47,3.02,4.75,63,100,88,63,50,38,75,75,88,6.75,-1.75,5.92,5.50,1.60,0.00,1.28,1.57,2.15,0.00,0.00,N/A
1747415700,May 16 2025 - 5:15pm,complete,N/A,FC Espoo,SexyPöxyt,N/A,5,1.00,1.50,0.64,1.45,0,6,6,3,0,3,"","5,27,40,77,51,84",5,6,0,0,0,0,0,0,0,0,19,23,6,11,13,12,9,10,47,53,1.75,1.96,1.99,2.61,4.25,63,88,88,75,38,13,50,63,75,12.50,-1.75,2.90,5.00,1.87,0.00,1.32,1.75,0.00,0.00,0.00,N/A
1747483200,May 17 2025 - 12:00pm,complete,N/A,SibboV,Futura,N/A,N/A,1.75,3.00,1.64,2.09,0,0,0,0,0,0,"","",-1,-1,-1,-1,-1,-1,-1,-1,-1,-1,-1,-1,-1,-1,-1,-1,-1,-1,-1,-1,1.66,1.51,0.00,0.00,3.50,63,100,88,38,25,38,50,63,75,6.67,-1.25,0.00,0.00,0.00,0.00,0.00,0.00,0.00,0.00,0.00,N/A
1747497600,May 17 2025 - 4:00pm,complete,N/A,TuPS,PKKU II,N/A,5,1.00,2.25,1.55,0.64,0,0,0,0,0,0,"","",8,4,0,0,0,0,0,0,0,0,7,4,4,1,3,3,9,7,45,55,1.12,1.52,1.01,0.64,3.63,100,100,100,38,25,50,75,50,75,6.50,-1.25,1.80,3.85,3.23,0.00,1.36,1.80,0.00,0.00,0.00,N/A
1747573200,May 18 2025 - 1:00pm,complete,N/A,EPS II,EsPa / Renat,N/A,N/A,2.25,1.00,1.50,0.18,5,1,6,1,1,0,"26,89,46,77,90'3","48",8,4,0,0,0,0,0,0,0,0,17,5,9,1,8,4,18,7,63,37,1.31,0.84,2.31,0.61,3.88,88,100,88,50,25,38,38,13,38,8.25,-2.00,1.39,6.25,4.11,0.00,1.25,1.57,2.25,0.00,0.00,Espoonlahden tekonurmi 2
1747584900,May 18 2025 - 4:15pm,complete,N/A,Ponnistus,ToTe,N/A,N/A,1.75,2.25,1.18,1.91,1,2,3,2,1,1,"25","29,71",0,2,0,0,0,0,0,0,0,0,6,13,4,8,2,5,16,16,36,64,1.28,1.34,0.85,1.76,3.50,50,88,63,38,25,50,75,38,100,9.00,-1.25,5.50,5.00,1.39,0.00,1.25,1.61,2.10,0.00,0.00,Mustapekka Areena
1747843800,May 21 2025 - 4:10pm,complete,N/A,Lahti II,HJK / Kantsu,N/A,N/A,0.20,0.00,1.27,0.77,0,1,1,1,0,1,"","31",-1,-1,-1,-1,-1,-1,-1,-1,-1,-1,-1,-1,-1,-1,-1,-1,-1,-1,-1,-1,1.06,1.10,0.00,0.00,4.50,100,100,100,70,50,60,80,70,80,5.33,-1.20,0.00,0.00,0.00,0.00,0.00,0.00,0.00,0.00,0.00,N/A
1747846800,May 21 2025 - 5:00pm,complete,N/A,GrIFK U23,EIF II,N/A,N/A,1.40,2.00,1.50,1.82,1,1,2,0,0,0,"88","50",4,5,-1,-1,-1,-1,-1,-1,-1,-1,4,6,1,2,3,4,-1,-1,57,43,1.21,1.49,0.97,0.98,4.70,60,100,90,80,50,30,60,70,90,8.00,-1.20,2.05,3.75,2.70,0.00,1.40,2.25,0.00,0.00,0.00,Kauniaisten Keskuskenttä
1747847700,May 21 2025 - 5:15pm,complete,N/A,Finnkurd,EPS II,N/A,N/A,0.00,2.40,1.59,1.50,3,3,6,0,0,0,"","",-1,-1,-1,-1,-1,-1,-1,-1,-1,-1,-1,-1,-1,-1,-1,-1,-1,-1,-1,-1,0.15,1.51,0.00,0.00,6.40,70,100,100,80,70,40,60,50,60,5.33,-1.20,0.00,0.00,0.00,0.00,0.00,0.00,0.00,0.00,0.00,Pallomylly-halli
1747930500,May 22 2025 - 4:15pm,complete,N/A,Atlantis / PM,MPS,N/A,N/A,0.60,0.80,1.18,0.77,1,2,3,2,1,1,"6","45,84",7,8,-1,-1,-1,-1,-1,-1,-1,-1,7,13,2,4,5,9,-1,-1,43,57,1.46,1.21,1.08,1.79,3.40,60,80,70,50,30,40,50,50,90,7.17,-1.60,0.00,0.00,0.00,0.00,0.00,0.00,0.00,0.00,0.00,Pukinmäki liikuntapuisto
1747934100,May 22 2025 - 5:15pm,complete,N/A,Töölön Taisto,LPS,N/A,N/A,1.75,1.20,1.41,1.55,1,0,1,0,0,0,"84","",8,5,0,0,0,0,0,0,0,0,19,14,7,6,12,8,7,10,41,59,1.15,1.35,2.08,1.94,3.38,55,78,78,43,20,30,75,55,78,11.27,-1.35,2.25,4.10,2.37,0.00,1.28,1.55,0.00,0.00,0.00,N/A
1747934100,May 22 2025 - 5:15pm,complete,N/A,Espoon Tikka,EBK,N/A,N/A,0.60,2.00,0.95,2.36,2,3,5,3,1,2,"6,57","37,33,90'1",5,10,0,0,0,0,0,0,0,0,10,17,4,8,6,9,10,6,36,64,0.63,2.26,1.22,2.26,5.00,50,90,80,70,50,50,70,80,100,7.65,-0.80,25.00,11.00,1.02,0.00,1.07,0.00,0.00,0.00,0.00,Espoonlahden tekonurmi 2
1747934400,May 22 2025 - 5:20pm,complete,N/A,PPJ / Ruoholahti,Ponnistus,N/A,N/A,1.40,1.40,1.45,1.18,0,0,0,0,0,0,"","",5,1,-1,-1,-1,-1,-1,-1,-1,-1,14,9,4,3,10,6,-1,-1,50,50,1.47,1.14,1.49,1.08,4.00,60,100,80,50,30,50,80,60,100,7.70,-1.40,1.75,4.10,3.40,0.00,1.22,1.80,0.00,0.00,0.00,N/A
1748012400,May 23 2025 - 3:00pm,complete,N/A,NuPS,HooGee,N/A,N/A,2.00,1.20,1.41,1.86,2,6,8,3,1,2,"18,53","72,9,86,28,64,78",-1,-1,-1,-1,-1,-1,-1,-1,-1,-1,-1,-1,-1,-1,-1,-1,-1,-1,-1,-1,1.61,1.80,0.00,0.00,5.30,70,100,100,70,40,50,80,60,80,8.95,-1.20,1.80,4.07,3.27,0.00,1.25,1.73,0.00,0.00,0.00,N/A
1748014200,May 23 2025 - 3:30pm,complete,N/A,TiPS,RiPS,N/A,6,0.80,1.20,1.09,1.27,2,2,4,4,2,2,"10,16","19,45'1",5,2,0,0,0,0,0,0,0,0,9,5,5,2,4,3,11,11,55,45,1.67,1.23,1.55,0.90,4.20,90,90,90,70,40,60,70,60,80,12.80,-1.20,1.61,5.20,3.53,0.00,1.22,0.00,1.91,0.00,0.00,N/A
1748016000,May 23 2025 - 4:00pm,complete,N/A,TuPS,PPJ / Lauttasaari,N/A,N/A,1.00,1.20,1.55,1.27,2,0,2,1,1,0,"39,57","",1,2,0,0,0,0,0,0,0,0,10,10,9,4,1,6,7,9,48,52,1.09,1.07,1.53,1.17,3.30,80,90,90,50,10,30,60,40,60,7.60,-1.40,1.80,4.00,3.00,0.00,1.40,1.73,0.00,0.00,0.00,N/A
1748016000,May 23 2025 - 4:00pm,complete,N/A,Gnistan / Ogeli,Futura,N/A,N/A,0.00,2.60,1.00,2.09,0,1,1,0,0,0,"","54",-1,-1,-1,-1,-1,-1,-1,-1,-1,-1,-1,-1,-1,-1,-1,-1,-1,-1,-1,-1,0.85,1.51,0.00,0.00,3.40,50,90,70,40,30,40,50,60,70,5.40,-1.20,0.00,0.00,0.00,0.00,0.00,0.00,0.00,0.00,0.00,N/A
1748016900,May 23 2025 - 4:15pm,complete,N/A,EsPa / Renat,FC Espoo,N/A,N/A,0.80,0.80,0.18,0.64,1,5,6,3,1,2,"45'2","22,70,43,67,51",3,8,0,0,0,0,0,0,0,0,3,17,1,9,2,8,1,4,31,69,0.78,1.80,0.47,2.33,4.10,70,90,80,70,40,30,60,60,80,8.60,-1.40,2.75,4.00,2.10,0.00,1.33,1.80,0.00,0.00,0.00,Matinkylän urheilupuisto
1748017800,May 23 2025 - 4:30pm,complete,N/A,Valtti,Ponnistajat,N/A,N/A,2.40,0.00,2.41,0.18,3,0,3,3,3,0,"37,3,9","",9,0,0,0,0,0,0,0,0,0,-1,-1,-1,-1,-1,-1,11,9,72,28,1.35,0.84,0.00,0.00,5.00,40,100,90,70,60,70,80,70,90,3.53,-1.20,1.82,4.30,3.15,0.00,0.00,0.00,0.00,0.00,0.00,N/A
1748080800,May 24 2025 - 10:00am,complete,N/A,HIFK,JäPS II,N/A,N/A,2.40,3.00,2.64,1.86,2,0,2,0,0,0,"49,58","",3,3,-1,-1,-1,-1,-1,-1,-1,-1,14,7,7,1,7,6,-1,-1,50,50,1.52,1.89,1.81,0.94,4.30,55,90,90,68,35,35,80,70,70,11.50,-1.55,2.10,3.90,2.70,0.00,1.36,1.57,2.28,0.00,0.00,N/A
1748088000,May 24 2025 - 12:00pm,complete,N/A,MPS Atletico Malmi,PKKU II,N/A,N/A,2.60,2.00,1.81,0.64,2,1,3,0,0,0,"62,87","68",-1,-1,-1,-1,-1,-1,-1,-1,-1,-1,-1,-1,-1,-1,-1,-1,-1,-1,-1,-1,1.65,1.30,0.00,0.00,3.50,90,90,90,50,30,50,70,60,70,8.40,-1.20,0.00,0.00,0.00,0.00,0.00,0.00,0.00,0.00,0.00,Pukinmäki liikuntapuisto
1748088000,May 24 2025 - 12:00pm,complete,N/A,ToTe,Kontu,N/A,N/A,2.40,2.40,1.91,1.23,3,1,4,2,2,0,"44,12,49","51",7,5,0,0,0,0,0,0,0,0,14,9,8,2,6,7,6,7,53,47,1.45,1.61,1.89,1.02,3.60,20,80,60,40,30,40,70,40,100,9.15,-1.40,2.05,3.85,2.70,0.00,1.30,1.75,0.00,0.00,0.00,Tali nurmi 1
1748088000,May 24 2025 - 12:00pm,complete,N/A,SibboV,EsPa,N/A,N/A,1.60,1.80,1.64,2.05,1,2,3,2,0,2,"77","22,10",-1,-1,-1,-1,-1,-1,-1,-1,-1,-1,-1,-1,-1,-1,-1,-1,-1,-1,-1,-1,1.66,1.75,0.00,0.00,3.20,50,70,70,50,20,20,50,60,90,9.92,-1.20,0.00,0.00,0.00,0.00,0.00,0.00,0.00,0.00,0.00,N/A
1748091600,May 24 2025 - 1:00pm,complete,N/A,SexyPöxyt,VJS II,N/A,N/A,1.80,2.40,1.45,2.00,2,0,2,2,2,0,"42,45'1","",12,4,0,0,0,0,0,0,0,0,22,8,10,4,12,4,9,9,66,34,2.12,1.95,2.61,1.12,4.70,60,100,90,70,50,40,70,60,70,15.17,-1.80,1.90,4.20,2.95,0.00,1.28,1.62,0.00,0.00,0.00,N/A
1748361900,May 27 2025 - 4:05pm,complete,N/A,HooGee,SexyPöxyt,N/A,N/A,1.50,2.00,1.86,1.45,4,1,5,3,2,1,"17,24,49,86","8",4,5,0,0,0,0,0,0,0,0,16,14,10,4,6,10,18,10,41,59,1.80,2.22,2.07,1.55,6.00,50,100,92,84,67,67,84,67,75,12.15,-1.17,3.15,6.05,1.60,0.00,1.20,0.00,1.75,0.00,0.00,Matinkylän urheilupuisto
1748362500,May 27 2025 - 4:15pm,complete,N/A,Ponnistajat,Gnistan / Ogeli,N/A,N/A,0.00,0.00,0.18,1.00,1,3,4,2,1,1,"14","40,77,90'8",0,9,0,0,0,0,0,0,0,0,9,21,4,10,5,11,7,11,46,54,0.84,0.85,1.15,2.46,4.67,50,92,84,59,50,50,67,67,84,5.40,-1.17,3.48,4.30,1.68,0.00,1.22,1.57,1.85,0.00,0.00,N/A
1748523600,May 29 2025 - 1:00pm,complete,N/A,EBK,NuPS,N/A,N/A,2.17,1.67,2.36,1.41,4,1,5,3,3,0,"17,31,90'5,37","48",3,3,0,0,0,0,0,0,0,0,10,13,6,5,4,8,12,8,51,49,2.26,1.61,1.61,1.71,5.09,92,100,100,75,42,50,75,67,84,11.40,-1.16,1.42,4.50,4.00,0.00,1.16,1.62,1.83,0.00,0.00,N/A
1748530800,May 29 2025 - 3:00pm,complete,N/A,PKKU II,Töölön Taisto,N/A,N/A,1.67,2.00,0.64,1.41,0,2,2,1,0,1,"","14,55",3,5,0,0,0,0,0,0,0,0,1,13,1,6,0,7,11,13,47,53,1.30,1.39,0.39,1.58,2.62,62,72,72,19,9,17,45,45,74,11.00,-1.10,2.22,3.55,2.66,0.00,1.66,2.25,0.00,0.00,0.00,N/A
1748532600,May 29 2025 - 3:30pm,complete,N/A,EIF II,EsPa / Renat,N/A,N/A,1.83,0.67,1.82,0.18,7,0,7,2,2,0,"24,16,52,68,78,90,85","",9,1,0,0,0,0,0,0,0,0,27,2,20,1,7,1,9,7,66,34,1.39,0.72,3.79,0.50,4.42,75,100,75,67,50,25,50,67,75,6.97,-1.00,1.20,7.00,10.30,0.00,1.20,0.00,2.10,0.00,0.00,N/A
1748619000,May 30 2025 - 3:30pm,complete,N/A,RiPS,MPS Atletico Malmi,N/A,N/A,1.17,2.67,1.27,1.81,2,2,4,2,1,1,"8,80","14,46",5,1,-1,-1,-1,-1,-1,-1,-1,-1,9,9,3,5,6,4,-1,-1,50,50,1.18,1.65,1.16,1.19,3.92,92,92,92,67,33,50,59,58,67,7.90,-1.33,4.50,5.00,1.51,0.00,1.28,1.65,2.15,0.00,0.00,N/A
1748619000,May 30 2025 - 3:30pm,complete,N/A,Futura,PPJ / Ruoholahti,N/A,N/A,2.67,1.33,2.09,1.45,1,2,3,1,0,1,"78","29,58",-1,-1,-1,-1,-1,-1,-1,-1,-1,-1,-1,-1,-1,-1,-1,-1,-1,-1,-1,-1,1.51,1.47,0.00,0.00,3.08,33,75,59,34,25,33,50,50,67,6.17,-1.83,0.00,0.00,0.00,0.00,0.00,0.00,0.00,0.00,0.00,N/A
1748620800,May 30 2025 - 4:00pm,complete,N/A,LPS,TiPS,N/A,N/A,1.00,0.83,1.55,1.09,4,2,6,4,2,2,"37,6,50,86","44,33",7,6,0,0,0,0,0,0,0,0,25,17,13,7,12,10,4,11,57,43,1.45,1.64,3.03,1.90,4.00,75,84,84,67,33,67,92,59,83,12.87,-1.00,1.65,4.70,3.66,0.00,1.20,1.60,2.05,0.00,0.00,Hertta Areena
1748620800,May 30 2025 - 4:00pm,complete,N/A,MPS,SibboV,N/A,N/A,1.17,1.33,0.77,1.64,2,3,5,1,0,1,"62,60","18,76,70",1,0,-1,-1,-1,-1,-1,-1,-1,-1,5,15,4,6,1,9,-1,-1,50,50,1.36,1.66,0.86,1.75,3.75,75,92,92,58,34,58,75,50,92,10.42,-1.67,3.00,4.10,1.80,0.00,1.40,1.95,0.00,0.00,0.00,Tapanilan nurmi
1748621700,May 30 2025 - 4:15pm,complete,N/A,Kontu,Atlantis / PM,N/A,N/A,2.00,0.50,1.23,1.18,1,1,2,0,0,0,"82","62",-1,-1,-1,-1,-1,-1,-1,-1,-1,-1,-1,-1,-1,-1,-1,-1,-1,-1,-1,-1,1.51,1.36,0.00,0.00,3.00,34,75,59,34,17,25,42,50,92,8.70,-1.34,0.00,0.00,0.00,0.00,0.00,0.00,0.00,0.00,0.00,N/A
1748623500,May 30 2025 - 4:45pm,complete,N/A,HJK / Kantsu,TuPS,N/A,N/A,0.50,1.33,0.77,1.55,0,3,3,0,0,0,"","",-1,-1,-1,-1,-1,-1,-1,-1,-1,-1,-1,-1,-1,-1,-1,-1,-1,-1,-1,-1,1.10,1.17,0.00,0.00,3.17,75,83,75,42,25,50,84,50,75,6.17,-1.00,0.00,0.00,0.00,0.00,0.00,0.00,0.00,0.00,0.00,N/A
1748624400,May 30 2025 - 5:00pm,complete,N/A,VJS II,Espoon Tikka,N/A,N/A,2.00,0.50,2.00,0.95,5,2,7,4,3,1,"7,21,29,58,89","41,60",2,3,0,0,0,0,0,0,0,0,13,19,9,7,4,12,8,8,50,50,1.74,0.75,1.88,2.13,3.92,42,92,67,50,42,50,75,67,84,9.58,-1.16,1.13,7.00,6.18,0.00,1.33,1.80,0.00,0.00,0.00,Myyrmäen jalkapallostadion
1748692800,May 31 2025 - 12:00pm,complete,N/A,FC Espoo,Finnkurd,N/A,N/A,1.17,0.17,0.64,1.59,1,2,3,1,1,0,"9","62,90",-1,-1,-1,-1,-1,-1,-1,-1,-1,-1,-1,-1,-1,-1,-1,-1,-1,-1,-1,-1,1.89,0.15,0.00,0.00,6.17,59,92,92,92,75,42,67,75,84,5.50,-1.00,0.00,0.00,0.00,0.00,0.00,0.00,0.00,0.00,0.00,N/A
1748697300,May 31 2025 - 1:15pm,complete,N/A,Ponnistus,Valtti,N/A,N/A,1.33,2.50,1.18,2.41,2,3,5,3,1,2,"14,60","33,45'3,88",-1,-1,-1,-1,-1,-1,-1,-1,-1,-1,-1,-1,-1,-1,-1,-1,-1,-1,-1,-1,1.12,1.35,0.00,0.00,3.25,42,92,75,42,25,67,75,42,83,5.53,-0.83,0.00,0.00,0.00,0.00,0.00,0.00,0.00,0.00,0.00,N/A
1748779200,Jun 01 2025 - 12:00pm,complete,N/A,EsPa,ToTe,N/A,N/A,2.00,2.50,2.05,1.91,1,2,3,2,1,1,"28","42,90'4",2,8,0,0,0,0,0,0,0,0,12,20,4,13,8,7,17,6,47,53,1.75,1.54,1.34,2.68,3.42,50,75,67,42,17,50,75,42,100,9.45,-1.17,1.92,4.15,2.79,0.00,1.36,1.62,0.00,0.00,0.00,Matinkylän urheilupuisto
1748781900,Jun 01 2025 - 12:45pm,complete,N/A,EPS II,GrIFK U23,N/A,N/A,2.17,1.33,1.50,1.50,2,1,3,2,1,1,"11,90","31",6,3,-1,-1,-1,-1,-1,-1,-1,-1,9,10,3,6,6,4,-1,-1,50,50,1.51,1.17,1.57,1.58,4.42,84,100,92,67,42,34,50,42,67,10.00,-1.83,1.66,4.33,3.89,0.00,1.28,1.57,2.16,0.00,0.00,N/A
1748878200,Jun 02 2025 - 3:30pm,complete,N/A,Töölön Taisto,MPS Atletico Malmi,N/A,N/A,2.17,2.43,1.41,1.81,2,4,6,2,0,2,"90,83","22,45'2,75,57",9,4,0,0,0,0,0,0,0,0,8,15,3,8,5,7,10,10,52,48,1.42,1.57,1.36,2.00,3.17,67,84,75,44,15,29,61,60,85,10.43,-1.36,2.90,3.50,2.05,0.00,1.60,0.00,0.00,0.00,0.00,N/A
1748964600,Jun 03 2025 - 3:30pm,complete,N/A,JäPS II,Lahti II,N/A,N/A,2.40,0.17,1.86,1.27,2,1,3,2,1,1,"45,65","25",8,4,0,0,0,0,0,0,0,0,15,12,7,4,8,8,13,14,54,46,1.70,1.06,1.89,1.34,4.37,62,92,82,64,45,37,74,75,75,6.73,-1.63,1.09,7.80,15.00,0.00,1.14,1.26,1.75,0.00,0.00,N/A
1749056400,Jun 04 2025 - 5:00pm,complete,N/A,Finnkurd,GrIFK U23,N/A,N/A,0.57,1.14,1.59,1.50,3,0,3,0,0,0,"","",-1,-1,-1,-1,-1,-1,-1,-1,-1,-1,-1,-1,-1,-1,-1,-1,-1,-1,-1,-1,0.15,1.23,0.00,0.00,5.65,64,100,93,72,58,50,71,64,86,5.04,-1.57,0.00,0.00,0.00,0.00,0.00,0.00,0.00,0.00,0.00,N/A
1749137400,Jun 05 2025 - 3:30pm,complete,N/A,EIF II,VJS II,N/A,N/A,2.00,2.14,1.82,2.00,2,3,5,3,2,1,"6,22","43,90'4,76",3,4,0,0,0,0,0,0,0,0,10,8,7,5,3,3,14,21,47,53,1.79,1.77,1.74,1.36,4.50,64,100,71,64,50,36,65,72,79,9.80,-1.00,1.91,3.91,3.00,0.00,1.25,0.00,0.00,0.00,0.00,N/A
1749140100,Jun 05 2025 - 4:15pm,complete,N/A,Atlantis / PM,PPJ / Ruoholahti,N/A,N/A,0.57,1.57,1.18,1.45,1,1,2,1,1,0,"31","58",3,8,-1,-1,-1,-1,-1,-1,-1,-1,16,15,2,3,14,12,-1,-1,46,54,1.36,1.47,1.46,1.54,2.93,50,79,57,22,15,22,43,57,86,9.37,-1.71,2.55,4.36,2.05,0.00,1.44,2.15,0.00,0.00,0.00,N/A
1749143700,Jun 05 2025 - 5:15pm,complete,N/A,HJK / Kantsu,LPS,N/A,N/A,0.43,1.29,0.77,1.55,2,4,6,3,1,2,"39,78","19,22,50,69",8,11,0,0,0,0,0,0,0,0,8,14,5,10,3,4,5,3,41,59,1.10,1.67,1.42,2.31,3.65,64,79,79,50,36,57,86,57,79,8.00,-1.00,6.25,5.75,1.28,0.00,1.25,1.57,2.30,0.00,0.00,N/A
1749143700,Jun 05 2025 - 5:15pm,complete,N/A,HooGee,EPS II,N/A,N/A,1.71,2.29,1.86,1.50,3,0,3,2,2,0,"4,60,34","",3,6,0,0,0,0,0,0,0,0,7,8,5,0,2,8,9,11,31,69,1.87,1.52,0.90,0.74,5.72,86,100,100,79,65,58,72,50,72,8.97,-1.29,2.50,4.20,2.11,0.00,1.25,1.55,2.30,0.00,0.00,N/A
1749143700,Jun 05 2025 - 5:15pm,complete,N/A,Espoon Tikka,EsPa / Renat,N/A,8,0.43,0.57,0.95,0.18,8,2,10,5,5,0,"4,14,36,38,41,53,55,70","68,88",4,4,0,0,0,0,0,0,0,0,24,15,16,4,8,11,14,5,58,42,0.98,0.68,3.10,1.50,4.65,50,93,79,64,57,57,71,72,86,6.19,-0.86,1.78,4.40,3.10,0.00,1.25,1.57,2.20,0.00,0.00,N/A
1749144000,Jun 05 2025 - 5:20pm,complete,N/A,PPJ / Lauttasaari,RiPS,N/A,N/A,1.00,1.14,1.27,1.27,2,4,6,3,1,2,"45,52","33,90'2,39,63",3,2,0,0,0,0,0,0,0,0,11,13,6,8,5,5,8,8,54,46,1.09,1.18,1.53,1.70,3.60,77,93,85,61,15,37,62,38,62,7.31,-1.24,2.48,3.80,2.26,0.00,1.40,1.95,0.00,0.00,0.00,N/A
1749222900,Jun 06 2025 - 3:15pm,complete,N/A,SexyPöxyt,NuPS,N/A,N/A,1.71,1.43,1.45,1.41,0,1,1,1,0,1,"","35",-1,-1,-1,-1,-1,-1,-1,-1,-1,-1,-1,-1,-1,-1,-1,-1,-1,-1,-1,-1,2.11,1.63,0.00,0.00,4.50,65,100,93,64,43,50,71,57,64,12.66,-1.28,0.00,0.00,0.00,0.00,0.00,0.00,0.00,0.00,0.00,N/A
1749223800,Jun 06 2025 - 3:30pm,complete,N/A,TiPS,MPS Atletico Malmi,N/A,N/A,0.71,2.50,1.09,1.81,4,3,7,4,2,2,"35,40,64,57","26,32,60",5,6,0,0,0,0,0,0,0,0,11,7,8,4,3,3,7,16,51,49,1.69,1.63,1.55,0.99,4.48,100,100,100,81,41,75,88,80,87,11.69,-1.18,3.97,4.10,1.65,0.00,1.25,1.70,2.20,0.00,0.00,N/A
1749223800,Jun 06 2025 - 3:30pm,complete,N/A,Futura,Kontu,N/A,N/A,2.29,1.86,2.09,1.23,3,0,3,1,1,0,"15,69,79","",-1,-1,-1,-1,-1,-1,-1,-1,-1,-1,-1,-1,-1,-1,-1,-1,-1,-1,-1,-1,1.51,1.51,0.00,0.00,3.00,36,79,57,36,22,29,50,57,79,5.50,-1.57,0.00,0.00,0.00,0.00,0.00,0.00,0.00,0.00,0.00,N/A
1749225600,Jun 06 2025 - 4:00pm,complete,N/A,MPS,Ponnistus,N/A,N/A,1.00,1.14,0.77,1.18,2,5,7,1,0,1,"67,50","31,71,79,81,84",5,3,-1,-1,-1,-1,-1,-1,-1,-1,13,17,7,11,6,6,-1,-1,50,50,1.26,1.12,1.71,2.17,3.86,79,93,86,65,43,64,86,50,93,6.20,-1.57,2.50,4.90,1.80,0.00,1.33,1.70,0.00,0.00,0.00,Tapanilan nurmi
1749226500,Jun 06 2025 - 4:15pm,complete,N/A,EsPa,Ponnistajat,N/A,N/A,1.71,0.00,2.05,0.18,3,2,5,2,1,1,"39,69,65","4,59",-1,-1,-1,-1,-1,-1,-1,-1,-1,-1,-1,-1,-1,-1,-1,-1,-1,-1,-1,-1,1.67,0.92,0.00,0.00,4.36,57,86,86,57,36,57,79,57,86,4.60,-1.14,2.60,3.10,2.60,0.00,0.00,0.00,0.00,0.00,0.00,Matinkylän urheilupuisto
1749227400,Jun 06 2025 - 4:30pm,complete,N/A,Lahti II,Töölön Taisto,N/A,N/A,0.14,1.86,1.27,1.41,2,1,3,2,1,1,"10,81","37",-1,-1,-1,-1,-1,-1,-1,-1,-1,-1,-1,-1,-1,-1,-1,-1,-1,-1,-1,-1,1.13,1.41,0.00,0.00,3.50,65,79,72,43,29,29,64,43,72,9.75,-1.14,0.00,0.00,0.00,0.00,0.00,0.00,0.00,0.00,0.00,N/A
1749227400,Jun 06 2025 - 4:30pm,complete,N/A,Valtti,Gnistan / Ogeli,N/A,N/A,2.57,0.43,2.41,1.00,2,0,2,2,2,0,"25,44","",-1,-1,-1,-1,-1,-1,-1,-1,-1,-1,-1,-1,-1,-1,-1,-1,-1,-1,-1,-1,1.35,1.12,0.00,0.00,3.79,43,93,79,57,36,65,72,64,93,8.50,-0.86,0.00,0.00,0.00,0.00,0.00,0.00,0.00,0.00,0.00,N/A
1749229200,Jun 06 2025 - 5:00pm,complete,N/A,EBK,FC Espoo,N/A,N/A,2.29,1.00,2.36,0.64,5,1,6,3,2,1,"13,40,50,88,90'1","35",-1,-1,-1,-1,-1,-1,-1,-1,-1,-1,-1,-1,-1,-1,-1,-1,-1,-1,-1,-1,2.13,1.89,0.00,0.00,5.00,86,93,93,86,57,50,79,86,100,10.84,-0.86,0.00,0.00,0.00,0.00,0.00,0.00,0.00,0.00,0.00,N/A
1749290400,Jun 07 2025 - 10:00am,complete,N/A,ToTe,SibboV,N/A,N/A,2.57,1.57,1.91,1.64,6,1,7,3,2,1,"10,37,73,47,79,71","34",3,2,0,0,0,0,0,0,0,0,18,9,8,5,10,4,17,8,64,36,1.73,1.68,2.04,1.10,3.36,64,86,79,36,22,50,72,43,93,9.92,-1.14,1.14,6.10,12.00,0.00,1.36,2.15,0.00,0.00,0.00,N/A
1749302100,Jun 07 2025 - 1:15pm,complete,N/A,HIFK,TuPS,N/A,N/A,2.50,1.57,2.64,1.55,4,0,4,4,4,0,"17,11,40,35","",4,1,-1,-1,-1,-1,-1,-1,-1,-1,16,9,9,2,7,7,-1,-1,50,50,1.58,1.17,2.02,1.01,3.10,54,85,69,40,16,23,54,40,54,9.17,-1.40,1.43,4.60,5.00,0.00,1.50,2.25,0.00,0.00,0.00,N/A
1749308400,Jun 07 2025 - 3:00pm,complete,N/A,PKKU II,JäPS II,N/A,N/A,1.43,2.50,0.64,1.86,0,2,2,1,0,1,"","25,75",5,6,-1,-1,-1,-1,-1,-1,-1,-1,14,24,7,12,7,12,-1,-1,50,50,1.12,1.73,1.72,2.81,3.44,61,93,77,32,24,40,70,63,86,8.80,-1.10,4.16,3.86,1.64,0.00,1.50,1.88,0.00,0.00,0.00,N/A
1749567600,Jun 10 2025 - 3:00pm,complete,N/A,Ponnistajat,Atlantis / PM,N/A,N/A,0.00,0.63,0.18,1.18,1,9,10,3,0,3,"53","10,33,34,49,56,60,74,83,88",3,4,0,0,0,0,0,0,0,0,7,22,3,12,4,10,12,7,50,50,0.92,1.38,1.16,2.82,3.76,63,88,69,38,32,44,57,57,82,4.80,-1.38,7.50,5.70,1.20,0.00,1.16,1.73,1.95,0.00,0.00,N/A
1749657600,Jun 11 2025 - 4:00pm,complete,N/A,TuPS,TiPS,N/A,9,1.38,1.00,1.55,1.09,0,2,2,0,0,0,"","57,82",8,6,0,0,0,0,0,0,0,0,12,13,5,3,7,10,9,7,50,50,1.14,1.67,1.42,1.43,4.00,75,94,88,63,32,63,82,50,69,10.29,-1.01,2.45,4.20,2.15,0.00,1.22,1.57,2.20,0.00,0.00,N/A
1749661200,Jun 11 2025 - 5:00pm,complete,N/A,GrIFK U23,SexyPöxyt,N/A,N/A,1.00,1.50,1.50,1.45,3,3,6,1,1,0,"29,83,87","57,78,70",1,13,0,0,0,0,0,0,0,0,5,22,4,10,1,12,6,10,42,58,1.23,2.11,1.07,2.87,4.07,51,94,82,57,38,50,69,50,69,12.54,-1.63,2.85,4.40,1.87,0.00,1.15,0.00,1.83,0.00,0.00,N/A
1749661200,Jun 11 2025 - 5:00pm,complete,N/A,VJS II,EBK,N/A,N/A,2.25,2.38,2.00,2.36,2,3,5,3,1,2,"84,18","7,10,90'2",7,4,0,0,0,0,0,0,0,0,13,12,7,6,6,6,11,12,50,50,1.70,2.13,2.04,1.63,5.13,88,100,88,82,63,69,88,76,88,11.17,-1.01,2.37,4.20,2.23,0.00,1.20,1.57,2.05,0.00,0.00,N/A
1749744900,Jun 12 2025 - 4:15pm,complete,N/A,MPS Atletico Malmi,HIFK,N/A,N/A,2.22,2.57,1.81,2.64,0,3,3,2,0,2,"","24,52,44",3,5,0,0,0,0,0,0,0,0,10,17,3,7,7,10,4,8,42,58,1.55,1.65,1.44,2.35,4.00,72,93,86,68,29,48,68,66,66,9.80,-1.53,3.70,4.00,1.63,0.00,1.44,1.83,0.00,0.00,0.00,Pukinmäki liikuntapuisto
1749748500,Jun 12 2025 - 5:15pm,complete,N/A,Töölön Taisto,PPJ / Lauttasaari,N/A,N/A,1.63,0.86,1.41,1.27,0,3,3,2,0,2,"","41,84,16",7,8,0,0,0,0,0,0,0,0,10,9,3,5,7,4,7,5,54,46,1.41,1.16,1.28,1.32,3.30,61,88,75,41,14,27,67,41,80,10.50,-1.07,1.78,3.85,3.25,0.00,1.50,2.15,0.00,0.00,0.00,N/A
1749748500,Jun 12 2025 - 5:15pm,complete,N/A,EsPa / Renat,HooGee,N/A,N/A,0.50,1.88,0.18,1.86,1,10,11,4,0,4,"80","42,38,75,35,61,45,49,79,70,86",4,5,0,0,0,0,0,0,0,0,10,36,4,20,6,16,4,6,50,50,0.80,1.67,1.13,4.15,6.00,69,100,94,82,69,76,88,69,88,7.10,-0.88,12.00,8.00,1.09,0.00,1.16,0.00,1.80,0.00,0.00,N/A
1749748800,Jun 12 2025 - 5:20pm,complete,N/A,PPJ / Ruoholahti,EsPa,N/A,N/A,1.50,1.88,1.45,2.05,1,5,6,2,0,2,"54","45'1,67,72,75,18",3,5,-1,-1,-1,-1,-1,-1,-1,-1,9,17,7,10,2,7,-1,-1,47,53,1.48,1.67,1.44,2.22,3.50,57,82,69,44,25,38,75,57,94,9.37,-1.63,2.22,3.60,2.50,0.00,1.47,2.15,0.00,0.00,0.00,N/A
1749826800,Jun 13 2025 - 3:00pm,complete,N/A,NuPS,Finnkurd,N/A,N/A,1.63,0.88,1.41,1.59,4,2,6,2,0,2,"65,82,63,62","24,39",-1,-1,-1,-1,-1,-1,-1,-1,-1,-1,-1,-1,-1,-1,-1,-1,-1,-1,-1,-1,1.63,0.15,0.00,0.00,5.32,63,94,94,63,50,38,69,57,63,5.16,-1.38,0.00,0.00,0.00,0.00,0.00,0.00,0.00,0.00,0.00,Kuoppanummi Nurmi
1749827700,Jun 13 2025 - 3:15pm,complete,N/A,FC Espoo,EIF II,N/A,N/A,0.88,1.75,0.64,1.82,1,6,7,2,1,1,"5","47,45,88,48,52,70",3,8,0,0,0,0,0,0,0,0,6,19,5,13,1,6,8,3,50,50,1.89,1.78,0.84,2.39,4.57,69,94,82,75,57,32,63,88,94,9.05,-0.88,4.04,5.00,1.45,0.00,1.28,0.00,0.00,0.00,0.00,N/A
1749828600,Jun 13 2025 - 3:30pm,complete,N/A,RiPS,Lahti II,N/A,N/A,1.38,0.50,1.27,1.27,0,1,1,1,0,1,"","10",4,6,0,0,0,0,0,0,0,0,7,14,2,6,5,8,8,16,50,50,1.24,1.13,0.89,1.86,4.07,88,88,88,63,38,57,69,44,63,6.25,-1.25,1.60,4.29,3.95,0.00,1.25,1.75,2.20,0.00,0.00,N/A
1749830400,Jun 13 2025 - 4:00pm,complete,348,LPS,PKKU II,N/A,9,1.50,1.25,1.55,0.64,2,1,3,1,1,0,"15,87","78",1,5,0,0,0,0,0,0,0,0,9,9,5,5,4,4,8,5,50,50,1.75,1.22,1.31,1.42,3.38,63,82,69,38,32,44,76,51,82,9.75,-0.88,1.37,4.70,5.50,0.00,1.40,2.05,0.00,0.00,0.00,Hertta Areena
1749834900,Jun 13 2025 - 5:15pm,complete,N/A,Gnistan / Ogeli,ToTe,N/A,N/A,0.38,2.63,1.00,1.91,1,2,3,2,1,1,"38","26,56",4,8,0,0,0,0,0,0,0,0,6,6,3,4,3,2,12,16,50,50,1.12,1.77,1.07,1.25,3.69,57,88,69,44,25,63,76,51,94,10.46,-0.88,12.00,8.00,1.11,0.00,1.20,0.00,1.95,0.00,0.00,N/A
1749902400,Jun 14 2025 - 12:00pm,complete,N/A,SibboV,Valtti,N/A,N/A,1.38,2.63,1.64,2.41,0,1,1,1,0,1,"","39",3,5,0,0,0,0,0,0,0,0,8,19,1,7,7,12,13,11,43,57,1.57,1.35,0.88,2.17,3.69,50,94,82,50,38,63,76,57,82,7.13,-1.13,9.00,5.80,1.23,0.00,1.36,1.70,2.55,0.00,0.00,N/A
1749904200,Jun 14 2025 - 12:30pm,complete,N/A,Kontu,MPS,N/A,N/A,1.63,0.88,1.23,0.77,0,0,0,0,0,0,"","",8,0,0,0,0,0,0,0,0,0,15,5,5,2,10,3,8,4,50,50,1.51,1.33,1.87,0.64,4.19,57,94,82,69,44,44,82,69,100,8.67,-1.75,1.28,5.60,7.00,0.00,1.20,1.61,2.50,0.00,0.00,Talin jalkapallohalli
1749913200,Jun 14 2025 - 3:00pm,complete,N/A,JäPS II,HJK / Kantsu,N/A,N/A,2.57,0.38,1.86,0.77,5,0,5,3,3,0,"40,14,16,63,74","",7,3,0,0,0,0,0,0,0,0,16,3,9,0,7,3,7,14,58,42,1.89,1.16,2.10,0.39,3.81,59,94,80,47,34,53,87,67,88,9.14,-1.21,1.03,12.00,28.00,0.00,1.22,1.54,2.15,0.00,0.00,N/A
1750004100,Jun 15 2025 - 4:15pm,complete,N/A,Ponnistus,Futura,N/A,N/A,1.38,2.38,1.18,2.09,1,0,1,1,1,0,"43","",-1,-1,-1,-1,-1,-1,-1,-1,-1,-1,-1,-1,-1,-1,-1,-1,-1,-1,-1,-1,1.33,1.51,0.00,0.00,3.07,57,82,69,32,26,38,63,50,76,3.33,-1.51,0.00,0.00,0.00,0.00,0.00,0.00,0.00,0.00,0.00,N/A
1750094100,Jun 16 2025 - 5:15pm,complete,N/A,EPS II,Espoon Tikka,N/A,N/A,2.00,0.75,1.50,0.95,5,3,8,2,1,1,"19,58,62,83,90'3","26,85,73",1,3,0,0,0,0,0,0,0,0,13,8,9,5,4,3,10,20,50,50,1.41,1.28,1.87,1.18,4.69,63,94,88,57,51,51,63,51,75,8.29,-1.00,1.25,5.80,7.85,0.00,1.28,1.67,2.00,0.00,0.00,N/A
1750260600,Jun 18 2025 - 3:30pm,complete,N/A,Töölön Taisto,JäPS II,N/A,N/A,1.44,2.63,1.41,1.86,2,3,5,0,0,0,"","",-1,-1,-1,-1,-1,-1,-1,-1,-1,-1,-1,-1,-1,-1,-1,-1,-1,-1,-1,-1,1.39,1.91,0.00,0.00,3.45,41,89,71,36,25,42,78,54,95,12.38,-1.07,3.00,5.00,1.73,0.00,1.33,1.84,0.00,0.00,0.00,N/A
1750266900,Jun 18 2025 - 5:15pm,complete,N/A,Ponnistajat,Ponnistus,N/A,N/A,0.00,1.56,0.18,1.18,2,5,7,6,2,4,"15,19","1,28,31,34,74",-1,-1,-1,-1,-1,-1,-1,-1,-1,-1,-1,-1,-1,-1,-1,-1,-1,-1,-1,-1,0.97,1.33,0.00,0.00,4.61,67,89,84,61,50,61,84,61,78,3.50,-1.23,0.00,0.00,0.00,0.00,0.00,0.00,0.00,0.00,0.00,N/A
1750863600,Jun 25 2025 - 3:00pm,complete,N/A,PKKU II,HIFK,N/A,N/A,1.11,2.63,0.64,2.64,1,4,5,2,1,1,"42","35,67,69,58",3,9,0,0,0,0,0,0,0,0,8,22,1,10,7,12,4,9,50,50,1.25,1.75,0.84,2.69,3.03,53,89,71,31,12,30,65,41,64,9.71,-1.19,12.00,6.60,1.14,0.00,1.33,1.57,0.00,0.00,0.00,N/A
1750869000,Jun 25 2025 - 4:30pm,complete,N/A,Lahti II,TiPS,N/A,N/A,0.78,1.22,1.27,1.09,1,6,7,3,1,2,"25","20,35,56,73,88,90'1",6,4,0,0,0,0,0,0,0,0,10,13,7,10,3,3,12,11,50,50,1.28,1.64,1.54,1.87,4.17,84,89,84,61,39,61,84,56,73,10.65,-1.00,3.53,3.94,1.78,0.00,1.33,1.80,0.00,0.00,0.00,N/A
1750951800,Jun 26 2025 - 3:30pm,complete,N/A,JäPS II,TuPS,N/A,N/A,2.67,1.22,1.86,1.55,1,2,3,1,0,1,"62","45'1,56",7,6,0,0,0,0,0,0,0,0,7,19,6,9,1,10,13,14,50,50,1.91,1.18,1.33,2.14,3.50,44,95,73,45,28,39,67,50,73,8.88,-1.23,1.26,5.13,6.80,0.00,1.25,1.75,2.90,0.00,0.00,N/A
1750951800,Jun 26 2025 - 3:30pm,complete,N/A,EIF II,SexyPöxyt,N/A,N/A,1.89,1.44,1.82,1.45,2,4,6,2,2,0,"21,41","47,56,64,71",2,4,0,0,0,0,0,0,0,0,5,14,3,8,2,6,15,8,49,51,1.86,2.22,0.82,1.78,4.72,56,95,78,73,62,39,67,73,73,12.90,-0.78,2.00,4.50,2.50,0.00,1.25,0.00,0.00,0.00,0.00,N/A
1750954500,Jun 26 2025 - 4:15pm,complete,N/A,Atlantis / PM,Valtti,N/A,N/A,0.89,2.67,1.18,2.41,3,2,5,0,0,0,"","",9,10,-1,-1,-1,-1,-1,-1,-1,-1,2,1,3,2,-1,-1,-1,-1,50,50,1.62,1.49,0.00,0.00,3.17,45,84,56,28,22,50,61,44,78,7.57,-1.11,3.50,4.60,1.67,0.00,1.33,1.91,0.00,0.00,0.00,N/A
1750957200,Jun 26 2025 - 5:00pm,complete,N/A,VJS II,NuPS,N/A,N/A,2.00,1.78,2.00,1.41,4,0,4,2,2,0,"22,44,61,90'1","",6,5,-1,-1,-1,-1,-1,-1,-1,-1,9,2,5,1,4,1,-1,-1,52,48,1.75,1.63,1.11,0.34,4.28,78,95,84,62,45,56,84,62,73,10.54,-1.34,1.95,4.00,2.50,0.00,1.30,1.80,0.00,0.00,0.00,N/A
1750958100,Jun 26 2025 - 5:15pm,complete,N/A,PPJ / Lauttasaari,LPS,N/A,N/A,1.13,1.67,1.27,1.55,3,2,5,3,1,2,"71,38,86","28,25",9,5,0,0,0,0,0,0,0,0,18,11,8,5,10,6,16,10,50,50,1.19,1.70,2.19,1.34,3.82,65,89,83,53,29,47,82,53,82,9.36,-0.83,2.90,4.95,1.66,1.55,1.40,1.80,0.00,0.00,0.00,N/A
1750958100,Jun 26 2025 - 5:15pm,complete,N/A,HJK / Kantsu,RiPS,N/A,N/A,0.33,1.22,0.77,1.27,2,0,2,1,1,0,"12,52","",6,1,0,0,0,0,0,0,0,0,14,15,8,4,6,11,16,8,50,50,1.03,1.20,1.79,1.56,3.84,73,84,84,62,39,62,78,56,67,7.39,-0.88,3.30,4.40,1.73,0.00,1.25,1.60,0.00,0.00,0.00,N/A
1750958100,Jun 26 2025 - 5:15pm,complete,N/A,Espoon Tikka,Finnkurd,N/A,N/A,0.67,0.78,0.95,1.59,1,5,6,1,1,0,"26","50,56,68,88,66",2,6,0,0,0,0,0,0,0,0,5,14,3,10,2,4,10,16,50,50,1.27,0.15,0.84,2.10,6.06,50,95,89,73,73,56,73,78,84,3.33,-0.89,2.04,4.20,2.70,0.00,1.16,1.80,1.83,0.00,0.00,N/A
1750958100,Jun 26 2025 - 5:15pm,complete,N/A,EsPa / Renat,GrIFK U23,N/A,N/A,0.44,1.00,0.18,1.50,1,4,5,1,0,1,"73","52,54,60,42",3,9,0,0,0,0,0,0,0,0,-1,-1,-1,-1,-1,-1,4,11,50,50,0.84,1.21,0.00,0.00,5.11,73,100,89,67,50,56,73,62,84,7.75,-1.33,8.50,5.80,1.22,0.00,1.30,1.67,1.83,0.00,0.00,N/A
1751038200,Jun 27 2025 - 3:30pm,complete,N/A,Futura,ToTe,N/A,N/A,2.11,2.67,2.09,1.91,3,0,3,2,2,0,"10,80,5","",-1,-1,-1,-1,-1,-1,-1,-1,-1,-1,-1,-1,-1,-1,-1,-1,-1,-1,-1,-1,1.51,1.70,0.00,0.00,3.06,50,78,67,22,17,50,73,39,78,6.63,-1.22,0.00,0.00,0.00,0.00,0.00,0.00,0.00,0.00,0.00,N/A
1751040000,Jun 27 2025 - 4:00pm,complete,N/A,MPS,Ponnistajat,N/A,N/A,0.89,0.00,0.77,0.18,2,2,4,1,1,0,"35,77","62,52",3,6,0,0,0,0,0,0,0,0,17,10,11,4,6,6,6,5,50,50,1.23,0.97,2.40,1.32,5.17,74,95,95,79,63,68,90,63,85,4.74,-1.49,1.37,5.40,5.61,0.00,1.16,0.00,1.85,0.00,0.00,Tapanilan nurmi
1751040900,Jun 27 2025 - 4:15pm,complete,N/A,Kontu,SibboV,N/A,N/A,1.56,1.22,1.23,1.64,3,0,3,0,0,0,"59,89,84","",3,6,0,0,0,0,0,0,0,0,14,8,10,3,4,5,5,9,50,50,1.56,1.45,2.05,1.18,3.28,45,78,67,44,28,28,62,62,84,8.67,-1.23,1.63,4.10,4.17,0.00,1.33,2.25,0.00,0.00,0.00,Talin jalkapallohalli
1751044500,Jun 27 2025 - 5:15pm,complete,N/A,PPJ / Ruoholahti,Gnistan / Ogeli,N/A,N/A,1.33,0.33,1.45,1.00,5,1,6,2,2,0,"25,8,55,77,71","83",11,7,-1,-1,-1,-1,-1,-1,-1,-1,30,14,16,4,14,10,-1,-1,50,50,1.47,1.12,3.46,1.40,3.61,56,89,67,44,28,45,73,62,89,10.25,-1.44,1.57,4.90,3.25,0.00,1.30,1.85,0.00,0.00,0.00,N/A
1751116500,Jun 28 2025 - 1:15pm,complete,N/A,Ponnistus,EsPa,N/A,N/A,1.70,2.00,1.18,2.05,1,6,7,3,0,3,"60","6,70,41,10,57,48",3,6,-1,-1,-1,-1,-1,-1,-1,-1,9,28,4,18,5,10,-1,-1,50,50,1.33,1.76,1.13,3.55,3.74,69,79,74,53,37,53,79,48,90,6.33,-1.37,3.25,5.20,1.65,0.00,1.25,1.70,0.00,0.00,0.00,N/A
1751119200,Jun 28 2025 - 2:00pm,complete,N/A,EBK,EPS II,N/A,N/A,2.44,2.11,2.36,1.50,2,0,2,2,2,0,"16,5","",2,1,0,0,0,0,0,0,0,0,8,8,2,1,6,7,14,7,50,50,2.05,1.47,1.08,1.02,5.23,95,100,100,78,61,61,73,56,78,10.18,-1.00,1.43,5.00,4.70,0.00,1.16,0.00,1.91,0.00,0.00,N/A
1751126400,Jun 28 2025 - 4:00pm,complete,N/A,FC Espoo,HooGee,N/A,10,0.78,2.00,0.64,1.86,3,4,7,1,0,1,"74,88,90'3","10,68,69,70",2,6,0,0,0,0,0,0,0,0,10,12,5,5,5,7,3,2,50,50,1.74,2.09,1.33,1.49,5.84,73,95,95,84,67,67,89,84,100,8.72,-0.89,5.40,6.40,1.36,0.00,1.12,0.00,1.91,0.00,0.00,N/A
1751389200,Jul 01 2025 - 5:00pm,complete,N/A,GrIFK U23,VJS II,N/A,N/A,1.20,2.10,1.50,2.00,0,0,0,0,0,0,"","",5,8,0,0,0,0,0,0,0,0,8,15,4,9,4,6,11,8,45,55,1.21,1.67,1.18,2.03,4.30,70,100,85,65,45,55,80,65,85,10.53,-1.40,3.61,4.80,1.50,0.00,1.22,1.57,2.05,0.00,0.00,N/A
1751475600,Jul 02 2025 - 5:00pm,complete,N/A,Finnkurd,EsPa / Renat,N/A,N/A,1.00,0.40,1.59,0.18,8,1,9,5,4,1,"19,23,34,45'1,52,73,65,84","5",-1,-1,-1,-1,-1,-1,-1,-1,-1,-1,-1,-1,-1,-1,-1,-1,-1,-1,-1,-1,1.13,0.84,0.00,0.00,6.30,70,100,95,80,75,50,75,70,75,5.19,-1.00,0.00,0.00,0.00,0.00,0.00,0.00,0.00,0.00,0.00,N/A
1751556600,Jul 03 2025 - 3:30pm,complete,N/A,TuPS,Lahti II,N/A,N/A,1.40,0.70,1.55,1.27,1,1,2,1,1,0,"2","78",8,2,0,0,0,0,0,0,0,0,7,10,6,3,1,7,16,9,50,50,1.29,1.32,1.20,1.09,3.45,65,85,75,40,25,40,70,40,60,7.61,-1.10,1.42,5.10,5.30,0.00,1.36,1.95,0.00,0.00,0.00,N/A
1751562900,Jul 03 2025 - 5:15pm,complete,N/A,PPJ / Lauttasaari,PKKU II,N/A,N/A,1.33,1.00,1.27,0.64,1,0,1,1,1,0,"20","",9,7,0,0,0,0,0,0,0,0,8,5,4,2,4,3,9,7,49,51,1.31,1.20,1.18,0.77,3.34,69,95,80,38,21,37,74,47,79,8.75,-0.84,1.87,3.80,3.40,0.00,1.40,2.25,0.00,0.00,0.00,N/A
1751562900,Jul 03 2025 - 5:15pm,complete,N/A,HooGee,EIF II,N/A,N/A,2.10,1.70,1.86,1.82,2,6,8,1,0,1,"57,85","19,47,77,63,66,81",6,3,0,0,0,0,0,0,0,0,7,10,4,8,3,2,7,8,49,51,2.00,1.74,1.28,1.65,6.05,70,100,90,85,75,60,80,85,95,8.23,-0.50,1.73,4.20,3.38,0.00,1.16,1.75,2.05,0.00,0.00,N/A
1751641200,Jul 04 2025 - 3:00pm,complete,N/A,Espoon Tikka,NuPS,N/A,N/A,0.60,1.60,0.95,1.41,3,0,3,1,1,0,"69,74,11","",1,9,0,0,0,0,0,0,0,0,11,20,5,7,6,13,9,8,30,70,1.22,1.44,1.27,2.32,4.80,60,90,85,65,50,55,80,75,85,7.76,-1.00,5.20,5.35,1.34,0.00,1.14,1.65,0.00,0.00,0.00,N/A
1751643000,Jul 04 2025 - 3:30pm,complete,N/A,RiPS,LPS,N/A,N/A,1.10,1.50,1.27,1.55,6,2,8,2,1,1,"53,49,88,80,90,35","90'4,14",0,4,0,0,0,0,0,0,0,0,18,12,9,7,9,5,5,7,46,54,1.24,1.67,2.02,1.57,3.85,70,80,75,60,40,55,80,55,75,8.50,-0.70,1.50,8.00,2.55,0.00,1.10,1.85,1.85,0.00,0.00,N/A
1751644800,Jul 04 2025 - 4:00pm,complete,N/A,TiPS,Töölön Taisto,N/A,N/A,1.40,1.30,1.09,1.41,5,3,8,3,2,1,"34,45'1,50,57,90'5","53,76,11",4,2,0,0,0,0,0,0,0,0,15,12,8,8,7,4,10,11,49,51,1.66,1.39,2.03,1.81,4.00,70,90,80,55,35,55,75,55,85,13.89,-0.80,1.70,4.00,3.25,0.00,1.36,1.95,0.00,0.00,0.00,N/A
1751644800,Jul 04 2025 - 4:00pm,complete,N/A,ToTe,MPS,N/A,N/A,2.40,0.90,1.91,0.77,5,0,5,2,2,0,"47,67,70,19,13","",8,5,-1,-1,-1,-1,-1,-1,-1,-1,18,2,11,1,7,1,-1,-1,66,34,1.70,1.38,2.13,0.28,4.00,70,90,85,55,35,65,90,45,95,9.13,-1.20,1.18,6.60,9.30,0.00,1.28,1.61,2.48,0.00,0.00,N/A
1751645700,Jul 04 2025 - 4:15pm,complete,N/A,EsPa,Futura,N/A,N/A,2.10,2.20,2.05,2.09,0,1,1,1,0,1,"","21",-1,-1,-1,-1,-1,-1,-1,-1,-1,-1,-1,-1,-1,-1,-1,-1,-1,-1,-1,-1,2.02,1.51,0.00,0.00,3.25,50,75,70,35,25,45,70,50,80,5.29,-1.60,0.00,0.00,0.00,0.00,0.00,0.00,0.00,0.00,0.00,Matinkylän urheilupuisto
1751646600,Jul 04 2025 - 4:30pm,complete,N/A,Valtti,PPJ / Ruoholahti,N/A,N/A,2.40,1.50,2.41,1.45,0,0,0,0,0,0,"","",6,3,-1,-1,-1,-1,-1,-1,-1,-1,6,8,0,1,6,7,-1,-1,50,50,1.49,1.69,0.75,0.90,3.75,45,90,70,50,40,55,80,55,75,10.27,-1.50,1.42,4.75,4.75,0.00,1.40,1.91,0.00,0.00,0.00,N/A
1751649300,Jul 04 2025 - 5:15pm,complete,N/A,Gnistan / Ogeli,Kontu,N/A,N/A,0.30,1.70,1.00,1.23,0,5,5,1,0,1,"","16,50,74,64,80",3,8,0,0,0,0,0,0,0,0,15,24,7,14,8,10,6,6,43,57,1.15,1.62,1.81,3.05,3.40,40,85,65,45,25,40,60,65,90,10.00,-1.10,10.00,6.50,1.29,0.00,1.16,1.85,0.00,0.00,0.00,N/A
1751714100,Jul 05 2025 - 11:15am,complete,N/A,EPS II,FC Espoo,N/A,N/A,1.90,0.70,1.50,0.64,4,2,6,3,2,1,"14,34,72,74","20,70",5,5,0,0,0,0,0,0,0,0,15,14,4,9,11,5,7,5,63,37,1.42,1.69,2.05,2.18,4.65,80,95,90,65,50,45,70,55,75,8.83,-1.10,0.00,0.00,0.00,0.00,0.00,0.00,0.00,0.00,0.00,N/A
1751716800,Jul 05 2025 - 12:00pm,suspended,N/A,MPS Atletico Malmi,JäPS II,N/A,N/A,2.00,2.40,1.81,1.86,0,0,0,0,0,0,"","",-1,-1,-1,-1,-1,-1,-1,-1,-1,-1,-1,-1,-1,-1,-1,-1,-1,-1,-1,-1,1.54,1.85,0.00,0.00,4.20,70,100,90,60,40,55,80,75,90,9.56,-1.20,0.00,0.00,0.00,0.00,0.00,0.00,0.00,0.00,0.00,Pukinmäki liikuntapuisto
1751716800,Jul 05 2025 - 12:00pm,complete,N/A,SexyPöxyt,EBK,N/A,11,1.60,2.50,1.45,2.36,5,4,9,5,2,3,"12,37,56,68,82","8,18,45,50",3,4,0,0,0,0,0,0,0,0,18,11,9,8,9,3,8,16,43,57,2.16,1.91,2.06,1.64,5.00,70,95,85,80,65,65,85,70,75,13.00,-0.80,2.72,3.86,1.95,0.00,1.20,0.00,2.10,0.00,0.00,N/A
1751716800,Jul 05 2025 - 12:00pm,complete,N/A,SibboV,Atlantis / PM,N/A,N/A,1.10,1.10,1.64,1.18,3,2,5,4,2,2,"19,47,43","14,37",3,1,0,0,0,0,0,0,0,0,13,9,6,6,7,3,12,15,66,34,1.41,1.62,1.64,1.23,3.30,65,80,65,30,25,25,45,50,80,8.63,-1.20,3.01,3.96,1.77,0.00,1.22,1.57,0.00,0.00,0.00,N/A
1751818500,Jul 06 2025 - 4:15pm,complete,N/A,HIFK,HJK / Kantsu,N/A,N/A,2.67,0.60,2.64,0.77,3,2,5,3,2,1,"45'1,32,90'6","40,88",7,1,0,0,0,0,0,0,0,0,19,6,10,5,9,1,8,11,77,23,1.87,1.14,2.74,1.02,3.63,52,90,79,53,31,52,79,52,68,10.14,-1.07,1.03,19.00,28.00,0.00,1.07,1.60,0.00,0.00,0.00,N/A
1753369200,Jul 24 2025 - 3:00pm,complete,N/A,PKKU II,TiPS,N/A,12,0.91,1.55,0.64,1.09,2,2,4,0,0,0,"73,82","71,57",5,5,0,0,0,0,0,0,0,0,14,25,7,10,7,15,6,19,50,50,1.15,1.70,1.66,2.63,3.96,78,91,78,50,37,55,82,64,82,10.93,-0.63,3.57,4.83,1.61,0.00,1.25,1.61,0.00,0.00,0.00,N/A
1753371000,Jul 24 2025 - 3:30pm,complete,N/A,TuPS,LPS,N/A,12,1.36,1.36,1.55,1.55,1,1,2,2,1,1,"25","44",5,2,0,0,0,0,0,0,0,0,15,3,6,2,9,1,7,6,58,42,1.28,1.66,1.94,0.64,3.64,64,87,73,46,32,46,78,55,78,9.29,-0.72,1.53,4.95,3.60,0.00,1.20,1.57,2.19,0.00,0.00,N/A
1753371000,Jul 24 2025 - 3:30pm,complete,300,JäPS II,RiPS,N/A,12,2.40,1.27,1.86,1.27,2,4,6,3,2,1,"29,30","33,78,90'5,46",9,6,0,0,0,0,0,0,0,0,18,23,9,9,9,14,11,9,49,51,1.85,1.31,2.21,2.36,4.00,62,91,77,57,38,48,77,58,77,8.56,-0.96,1.20,6.60,8.00,0.00,1.25,1.60,0.00,0.00,0.00,N/A
1753371000,Jul 24 2025 - 3:30pm,complete,501,EIF II,Finnkurd,N/A,12,1.82,1.18,1.82,1.59,0,4,4,1,0,1,"","28,90'1,52,90'5",1,1,0,0,0,0,0,0,0,0,-1,-1,-1,-1,-1,-1,13,15,100,0,1.73,1.13,0.00,0.00,6.09,69,100,91,82,78,41,69,82,82,5.75,-0.82,2.45,4.40,2.15,0.00,1.05,0.00,1.60,0.00,0.00,N/A
1753372800,Jul 24 2025 - 4:00pm,complete,N/A,Töölön Taisto,HIFK,N/A,12,1.18,2.70,1.41,2.64,0,5,5,1,0,1,"","33,65,59,62,73",3,6,0,0,0,0,0,0,0,0,12,21,2,10,10,11,7,14,39,61,1.45,1.96,1.37,2.69,3.63,53,86,77,48,29,43,67,43,71,12.49,-1.05,5.20,4.50,1.40,0.00,1.16,0.00,2.10,0.00,0.00,N/A
1753373700,Jul 24 2025 - 4:15pm,complete,N/A,Atlantis / PM,Gnistan / Ogeli,N/A,N/A,1.00,0.27,1.18,1.00,1,2,3,2,1,1,"27","8,60",5,11,0,0,0,0,0,0,0,0,9,9,3,6,6,3,11,8,50,50,1.57,1.22,1.06,1.34,3.59,64,87,64,41,32,41,55,50,87,9.22,-1.09,1.30,5.75,5.00,0.00,1.22,0.00,2.25,0.00,0.00,Pukinmäki liikuntapuisto
1753376400,Jul 24 2025 - 5:00pm,complete,N/A,HJK / Kantsu,PPJ / Lauttasaari,N/A,12,0.55,1.50,0.77,1.27,3,3,6,2,0,2,"74,83,51","6,45,90'7",3,7,0,0,0,0,0,0,0,0,6,13,6,6,0,7,12,8,43,57,1.13,1.30,1.19,1.80,3.66,62,91,81,53,33,52,86,52,76,8.97,-0.76,4.75,6.00,1.50,0.00,1.36,1.85,0.00,0.00,0.00,N/A
1753377300,Jul 24 2025 - 5:15pm,complete,N/A,EsPa / Renat,SexyPöxyt,N/A,12,0.36,1.73,0.18,1.45,1,9,10,4,1,3,"41","3,5,45'2,50,52,54,58,66,71",4,3,0,0,0,0,0,0,0,0,6,12,1,4,5,8,2,8,43,57,0.84,2.15,0.68,1.71,5.64,69,96,87,78,69,60,82,69,73,10.88,-0.90,20.00,12.60,1.02,0.00,1.07,0.00,0.00,0.00,0.00,N/A
1753377300,Jul 24 2025 - 5:15pm,complete,N/A,Espoon Tikka,GrIFK U23,N/A,12,0.82,1.18,0.95,1.50,3,2,5,3,2,1,"6,28,61","22,80",3,2,0,0,0,0,0,0,0,0,14,7,9,3,5,4,2,2,49,51,1.23,1.20,1.97,1.29,4.55,55,91,82,60,50,46,73,73,91,7.53,-0.91,3.78,4.99,1.58,0.00,1.11,0.00,1.61,0.00,0.00,N/A
1753457400,Jul 25 2025 - 3:30pm,complete,N/A,Futura,Valtti,N/A,N/A,2.27,2.27,2.09,2.41,1,3,4,0,0,0,"59","53,84,72",-1,-1,-1,-1,-1,-1,-1,-1,-1,-1,-1,-1,-1,-1,-1,-1,-1,-1,-1,-1,1.51,1.38,0.00,0.00,2.73,27,73,60,27,23,46,69,36,55,5.56,-1.46,0.00,0.00,0.00,0.00,0.00,0.00,0.00,0.00,0.00,N/A
1753459200,Jul 25 2025 - 4:00pm,complete,N/A,MPS,EsPa,N/A,N/A,0.82,1.91,0.77,2.05,0,8,8,2,0,2,"","23,41,61,73,76,68,49,54",1,5,0,0,0,0,0,0,0,0,2,21,0,13,2,8,6,6,37,63,1.26,2.02,0.34,2.76,4.09,69,82,82,69,46,55,87,60,91,7.96,-1.55,8.00,5.30,1.25,0.00,1.22,1.62,2.05,0.00,0.00,Tapanilan nurmi
1753460100,Jul 25 2025 - 4:15pm,complete,N/A,Kontu,Ponnistajat,N/A,N/A,1.82,0.09,1.23,0.18,1,0,1,0,0,0,"71","",6,4,0,0,0,0,0,0,0,0,14,6,7,2,7,4,9,8,67,33,1.78,1.03,1.92,0.80,4.55,46,91,82,64,46,46,73,73,87,6.97,-1.10,1.13,12.00,20.00,0.00,1.12,1.57,1.65,0.00,0.00,Talin jalkapallohalli
1753461000,Jul 25 2025 - 4:30pm,complete,N/A,Lahti II,MPS Atletico Malmi,N/A,12,0.73,2.00,1.27,1.81,1,1,2,2,1,1,"35","3",5,5,0,0,0,0,0,0,0,0,12,9,6,6,6,3,12,11,43,57,1.29,1.54,1.40,1.30,4.11,86,91,87,58,38,58,81,58,77,7.57,-1.15,6.00,5.25,1.40,0.00,1.28,1.61,0.00,0.00,0.00,N/A
1753531200,Jul 26 2025 - 12:00pm,complete,N/A,FC Espoo,NuPS,N/A,12,0.64,1.45,0.64,1.41,2,2,4,1,1,0,"4,71","76,90'6",4,10,-1,-1,-1,-1,-1,-1,-1,-1,9,17,6,7,3,10,-1,-1,48,52,1.74,1.55,1.49,2.23,4.50,73,91,91,69,46,45,82,78,87,9.94,-1.18,2.71,3.85,2.15,0.00,1.36,1.83,0.00,0.00,0.00,N/A
1753545600,Jul 26 2025 - 4:00pm,complete,N/A,Ponnistus,SibboV,N/A,N/A,1.55,1.27,1.18,1.64,2,2,4,1,1,0,"40,48","74,90'1",0,7,0,0,0,0,0,0,0,0,8,13,5,5,3,8,14,6,43,57,1.30,1.44,0.96,1.54,3.78,69,82,78,50,41,46,73,50,82,6.31,-1.18,2.03,4.30,2.59,0.00,1.30,1.65,0.00,0.00,0.00,N/A
1753614000,Jul 27 2025 - 11:00am,complete,N/A,VJS II,EPS II,N/A,12,2.00,2.00,2.00,1.50,3,1,4,2,1,1,"40,82,80","27",5,4,0,0,0,0,0,0,0,0,15,11,7,3,8,8,12,5,50,50,1.71,1.48,2.08,1.47,4.28,73,96,82,60,45,60,73,46,64,10.40,-1.10,2.03,3.90,2.78,0.00,1.25,1.95,2.20,0.00,0.00,N/A
1753722000,Jul 28 2025 - 5:00pm,complete,N/A,PPJ / Lauttasaari,HIFK,N/A,7,1.45,2.73,1.27,2.64,1,4,5,1,0,1,"63","7,87,70,90'2",9,6,0,0,0,0,0,0,0,0,7,19,3,13,4,6,5,8,44,56,1.35,2.04,0.97,2.52,3.78,55,91,82,60,32,45,78,50,69,11.50,-0.91,5.60,5.60,1.33,0.00,1.28,1.56,2.20,0.00,0.00,N/A
1753722900,Jul 28 2025 - 5:15pm,complete,N/A,PPJ / Ruoholahti,ToTe,N/A,N/A,1.45,2.45,1.45,1.91,4,1,5,3,3,0,"20,70,41,45","82",2,5,-1,-1,-1,-1,-1,-1,-1,-1,11,10,6,2,5,8,-1,-1,47,53,1.62,1.75,1.27,0.95,3.73,55,87,73,41,32,59,82,50,91,11.49,-1.45,3.50,5.00,1.57,0.00,1.36,1.75,0.00,0.00,0.00,N/A
1753894800,Jul 30 2025 - 5:00pm,complete,N/A,GrIFK U23,FC Espoo,N/A,13,1.08,0.67,1.50,0.64,3,1,4,2,1,1,"31,54,86","18",2,0,0,0,0,0,0,0,0,0,8,10,4,6,4,4,0,1,52,48,1.21,1.72,1.35,1.50,4.42,75,92,88,71,50,42,75,75,92,9.05,-1.17,1.51,4.70,4.30,0.00,1.23,1.65,2.10,0.00,0.00,N/A
1753894800,Jul 30 2025 - 5:00pm,complete,N/A,Finnkurd,EBK,N/A,13,1.33,2.27,1.59,2.36,4,2,6,3,2,1,"24,32,90'8,90'1","45'2,52",-1,-1,0,0,0,0,0,0,0,0,-1,-1,-1,-1,-1,-1,3,1,50,50,1.13,1.88,0.00,0.00,6.16,75,100,96,87,74,62,83,79,83,6.49,-0.85,2.88,5.35,1.77,0.00,1.12,0.00,1.80,0.00,0.00,N/A
1753975800,Jul 31 2025 - 3:30pm,complete,N/A,TuPS,Töölön Taisto,N/A,13,1.33,1.08,1.55,1.41,2,1,3,2,1,1,"61,44","33",5,4,0,0,0,0,0,0,0,0,9,10,4,6,5,4,11,8,48,52,1.34,1.44,1.16,1.47,3.21,54,88,67,34,21,33,67,38,71,10.27,-0.84,1.98,4.00,3.25,0.00,1.30,1.57,2.21,0.00,0.00,N/A
1753982100,Jul 31 2025 - 5:15pm,complete,N/A,PPJ / Lauttasaari,JäPS II,N/A,13,1.33,2.18,1.27,1.86,2,1,3,0,0,0,"50,48","79",3,6,0,0,0,0,0,0,0,0,8,18,5,7,3,11,9,7,50,50,1.31,1.88,1.07,2.11,4.01,61,96,83,57,39,44,83,62,83,11.63,-0.88,3.15,4.80,1.71,0.00,1.25,1.55,2.18,0.00,0.00,N/A
1753982100,Jul 31 2025 - 5:15pm,complete,N/A,HooGee,VJS II,N/A,13,1.91,2.08,1.86,2.00,1,1,2,1,1,0,"34","76",5,2,0,0,0,0,0,0,0,0,7,6,5,3,2,3,18,9,39,61,1.91,1.75,1.08,1.00,5.55,70,96,88,79,62,70,92,75,88,10.23,-0.77,2.06,4.30,2.08,0.00,1.16,1.55,2.10,0.00,0.00,N/A
1753982100,Jul 31 2025 - 5:15pm,complete,N/A,SexyPöxyt,Espoon Tikka,N/A,13,1.83,1.00,1.45,0.95,1,3,4,1,0,1,"85","18,51,67",9,3,0,0,0,0,0,0,0,0,19,7,8,4,11,3,8,10,67,33,2.11,1.29,2.37,1.00,5.34,54,92,83,71,67,58,83,80,84,9.75,-0.59,1.16,7.75,8.33,0.00,1.11,0.00,1.95,0.00,0.00,N/A
1754060400,Aug 01 2025 - 3:00pm,complete,N/A,NuPS,EsPa / Renat,N/A,13,1.42,0.33,1.41,0.18,4,1,5,3,2,1,"38,43,72,90'3","8",10,2,0,0,0,0,0,0,0,0,24,6,13,5,11,1,20,20,57,43,1.63,0.82,2.94,0.97,5.29,75,96,92,71,50,55,83,71,79,9.39,-1.17,1.00,25.00,33.00,0.00,1.02,0.00,0.00,0.00,0.00,Kuoppanummi Nurmi
1754060400,Aug 01 2025 - 3:00pm,complete,3112,Gnistan / Ogeli,Ponnistus,N/A,N/A,0.50,1.50,1.00,1.18,4,1,5,2,2,0,"70,31,38,90'3","54",2,1,0,0,0,0,0,0,0,0,14,4,11,2,3,2,10,8,56,44,1.24,1.25,1.76,0.44,3.88,67,88,75,54,38,54,79,54,88,7.73,-1.09,1.85,4.10,3.20,0.00,1.33,1.75,0.00,0.00,0.00,Mustapekka Areena
1754062200,Aug 01 2025 - 3:30pm,complete,N/A,RiPS,PKKU II,N/A,13,1.42,0.92,1.27,0.64,3,1,4,3,2,1,"1,17,83","7",5,1,0,0,0,0,0,0,0,0,16,6,6,3,10,3,15,3,54,46,1.40,1.20,1.81,0.86,3.50,71,83,71,46,30,42,71,50,71,7.65,-0.66,2.01,4.05,2.80,0.00,1.36,1.67,0.00,0.00,0.00,N/A
1754062200,Aug 01 2025 - 3:30pm,complete,N/A,TiPS,HJK / Kantsu,N/A,13,1.50,0.58,1.09,0.77,3,4,7,3,2,1,"20,34,61","21,64,72,86",4,8,0,0,0,0,0,0,0,0,10,12,7,9,3,3,10,16,54,46,1.78,1.13,1.68,1.89,4.54,80,96,88,71,50,71,88,75,88,10.12,-0.58,1.22,7.00,6.75,0.00,1.12,0.00,2.08,0.00,0.00,N/A
1754064900,Aug 01 2025 - 4:15pm,complete,N/A,EsPa,Kontu,N/A,N/A,2.00,1.92,2.05,1.23,2,0,2,0,0,0,"57,90'8","",8,2,0,0,0,0,0,0,0,0,12,8,8,2,4,6,16,17,61,39,2.11,1.80,1.63,0.82,3.63,38,75,67,50,34,38,67,63,92,9.58,-1.17,1.64,4.20,3.60,0.00,1.25,1.61,0.00,0.00,0.00,Matinkylän urheilupuisto
1754064900,Aug 01 2025 - 4:15pm,complete,N/A,Ponnistajat,Futura,N/A,N/A,0.08,2.08,0.18,2.09,1,5,6,1,0,1,"90'2","24,67,69,70,79",-1,-1,-1,-1,-1,-1,-1,-1,-1,-1,-1,-1,-1,-1,-1,-1,-1,-1,-1,-1,0.99,1.51,0.00,0.00,3.92,50,80,75,46,33,46,71,55,71,3.13,-1.42,0.00,0.00,0.00,0.00,0.00,0.00,0.00,0.00,0.00,N/A
1754065800,Aug 01 2025 - 4:30pm,complete,N/A,Valtti,MPS,N/A,N/A,2.33,0.75,2.41,0.77,3,1,4,1,1,0,"58,34,90'4","69",11,3,0,0,0,0,0,0,0,0,16,5,8,1,8,4,7,6,59,41,1.38,1.16,2.21,0.60,3.96,50,88,80,67,46,58,80,55,75,7.96,-1.33,1.00,20.00,29.00,0.00,1.07,0.00,1.67,0.00,0.00,N/A
1754128800,Aug 02 2025 - 10:00am,complete,N/A,ToTe,Atlantis / PM,N/A,N/A,2.25,0.92,1.91,1.18,3,2,5,3,2,1,"8,30,63","15,64",4,3,0,0,0,0,0,0,0,0,14,8,7,5,7,3,11,11,58,42,1.67,1.50,1.78,1.11,3.63,67,88,71,34,29,58,67,38,92,10.10,-1.08,1.22,5.60,8.00,0.00,1.40,1.60,0.00,0.00,0.00,N/A
1754136000,Aug 02 2025 - 12:00pm,complete,N/A,MPS Atletico Malmi,LPS,N/A,13,1.91,1.33,1.81,1.55,4,1,5,2,1,1,"26,76,56,66","41",3,2,0,0,0,0,0,0,0,0,11,9,7,4,4,5,15,5,46,54,1.52,1.57,1.28,0.95,4.22,83,92,83,61,43,70,87,70,83,8.93,-0.80,1.43,4.80,4.90,0.00,1.28,1.57,2.25,0.00,0.00,Pukinmäki liikuntapuisto
1754136000,Aug 02 2025 - 12:00pm,complete,N/A,SibboV,PPJ / Ruoholahti,N/A,N/A,1.25,1.58,1.64,1.45,5,2,7,6,4,2,"2,16,19,36,78","39,42",4,1,-1,-1,-1,-1,-1,-1,-1,-1,20,5,13,2,7,3,-1,-1,53,47,1.45,1.58,2.47,0.59,3.67,63,83,75,50,38,38,71,63,83,9.49,-1.42,2.71,3.75,2.10,0.00,1.36,1.80,0.00,0.00,0.00,N/A
1754218800,Aug 03 2025 - 11:00am,complete,N/A,EPS II,EIF II,N/A,13,1.83,1.67,1.50,1.82,2,3,5,3,0,3,"51,49","32,13,34",6,4,0,0,0,0,0,0,0,0,9,13,4,8,5,5,17,7,53,47,1.48,1.73,1.41,1.96,4.88,75,100,88,71,55,46,67,63,75,8.11,-0.67,2.15,4.33,1.87,0.00,1.16,0.00,0.00,0.00,0.00,N/A
1754321400,Aug 04 2025 - 3:30pm,complete,N/A,HIFK,Lahti II,N/A,N/A,2.75,0.75,2.64,1.27,0,1,1,0,0,0,"","",5,5,0,0,0,0,0,0,0,0,16,12,4,5,12,7,12,13,54,46,2.08,1.30,1.77,1.53,3.80,67,88,75,55,38,46,79,46,63,9.84,-1.00,1.02,12.00,29.00,0.00,1.11,0.00,1.73,0.00,0.00,N/A
1754496900,Aug 06 2025 - 4:15pm,complete,N/A,Ponnistajat,ToTe,N/A,N/A,0.08,2.31,0.18,1.91,1,0,1,1,1,0,"32","",2,15,0,0,0,0,0,0,0,0,-1,-1,-1,-1,-1,-1,12,7,50,50,0.99,1.68,0.00,0.00,4.73,66,92,89,62,50,74,89,58,93,7.77,-1.00,17.00,12.00,1.04,1.70,1.12,0.00,0.00,0.00,0.00,N/A
1754499600,Aug 06 2025 - 5:00pm,complete,N/A,GrIFK U23,NuPS,N/A,14,1.23,1.54,1.50,1.41,1,0,1,0,0,0,"89","",1,0,0,0,0,0,0,0,0,0,13,10,4,3,9,7,13,9,57,43,1.22,1.76,1.74,1.27,4.00,69,92,89,62,35,46,77,66,81,10.63,-1.31,1.82,4.40,2.45,0.00,1.25,0.00,2.10,0.00,0.00,N/A
1754499600,Aug 06 2025 - 5:00pm,complete,N/A,EsPa / Renat,EBK,N/A,14,0.31,2.08,0.18,2.36,1,10,11,3,0,3,"51","32,43,50,52,59,15,65,62,84,86",3,6,0,0,0,0,0,0,0,0,-1,-1,-1,-1,-1,-1,11,8,50,50,0.84,1.88,0.00,0.00,6.11,89,100,92,89,76,76,89,80,89,8.25,-0.63,0.00,0.00,0.00,0.00,0.00,0.00,0.00,0.00,0.00,N/A
1754500500,Aug 06 2025 - 5:15pm,complete,N/A,Finnkurd,HooGee,N/A,14,1.46,1.83,1.59,1.86,2,5,7,4,1,3,"45,90'3","44,19,22,74,46",7,5,0,0,0,0,0,0,0,0,-1,-1,-1,-1,-1,-1,4,4,50,50,1.13,1.82,0.00,0.00,6.61,69,100,96,84,76,57,89,76,89,6.00,-0.79,3.36,5.50,1.56,0.00,1.10,0.00,1.85,0.00,0.00,N/A
1754580600,Aug 07 2025 - 3:30pm,complete,501,EIF II,Espoon Tikka,N/A,14,1.77,1.15,1.82,0.95,4,1,5,0,0,0,"54,67,70,86","59",6,7,0,0,0,0,0,0,0,0,17,7,8,3,9,4,11,10,55,45,1.75,1.27,2.30,1.06,5.19,62,96,85,77,66,46,77,92,96,6.54,-0.30,1.26,6.50,7.00,0.00,1.10,0.00,0.00,0.00,0.00,N/A
1754583300,Aug 07 2025 - 4:15pm,complete,N/A,MPS Atletico Malmi,TuPS,N/A,14,2.00,1.46,1.81,1.55,1,0,1,1,1,0,"10","",3,4,0,0,0,0,0,0,0,0,5,6,4,2,1,4,17,11,44,56,1.49,1.32,0.90,0.98,3.51,77,96,77,45,25,57,76,53,73,8.33,-0.88,1.57,4.35,3.75,0.00,1.36,1.80,0.00,0.00,0.00,Pukinmäki liikuntapuisto
1754586900,Aug 07 2025 - 5:15pm,complete,N/A,Töölön Taisto,HJK / Kantsu,N/A,14,1.00,0.77,1.41,0.77,2,1,3,1,0,1,"77,87","4",8,1,0,0,0,0,0,0,0,0,21,5,9,1,12,4,8,13,54,46,1.44,1.21,2.79,0.76,3.93,62,89,81,50,43,54,81,54,85,9.90,-0.69,1.82,5.00,3.25,0.00,1.22,1.67,2.20,0.00,0.00,N/A
1754586900,Aug 07 2025 - 5:15pm,complete,N/A,PPJ / Ruoholahti,MPS,N/A,N/A,1.46,0.69,1.45,0.77,6,0,6,3,3,0,"28,16,46,48,41,87","",5,4,-1,-1,-1,-1,-1,-1,-1,-1,35,9,18,2,17,7,-1,-1,63,37,1.50,1.11,4.30,1.13,4.31,66,89,81,70,50,50,85,66,89,8.28,-1.69,1.18,7.00,9.50,0.00,1.22,0.00,2.15,0.00,0.00,N/A
1754667000,Aug 08 2025 - 3:30pm,complete,N/A,Futura,Atlantis / PM,N/A,N/A,2.15,0.85,2.09,1.18,4,1,5,3,2,1,"23,21,57,47","17",-1,-1,-1,-1,-1,-1,-1,-1,-1,-1,-1,-1,-1,-1,-1,-1,-1,-1,-1,-1,1.51,1.46,0.00,0.00,3.08,58,77,62,27,23,31,54,42,74,5.18,-1.46,1.26,5.02,7.46,0.00,1.49,0.00,0.00,0.00,0.00,N/A
1754670600,Aug 08 2025 - 4:30pm,complete,N/A,TiPS,PPJ / Lauttasaari,N/A,14,1.38,1.46,1.09,1.27,2,1,3,2,2,0,"16,16","55",2,0,0,0,0,0,0,0,0,0,20,14,10,7,10,7,12,14,47,53,1.78,1.29,2.60,1.97,4.50,81,96,89,70,43,58,81,70,85,11.75,-0.54,2.00,4.40,2.70,0.00,1.20,0.00,2.00,0.00,0.00,N/A
1754670600,Aug 08 2025 - 4:30pm,complete,N/A,Valtti,EsPa,N/A,N/A,2.38,2.08,2.41,2.05,1,1,2,1,0,1,"52","19",2,3,0,0,0,0,0,0,0,0,17,5,7,4,10,1,19,11,48,52,1.49,2.06,2.06,0.96,3.66,46,81,69,54,35,54,73,54,77,9.98,-1.16,2.80,4.20,2.05,0.00,1.36,1.63,0.00,0.00,0.00,N/A
1754672400,Aug 08 2025 - 5:00pm,complete,N/A,FC Espoo,VJS II,N/A,14,0.62,2.00,0.64,2.00,2,4,6,4,2,2,"20,41","19,3,81,57",1,1,0,0,0,0,0,0,0,0,9,14,3,6,6,8,7,8,42,58,1.70,1.68,0.95,1.64,4.35,77,92,81,74,46,54,85,77,89,9.64,-0.92,5.50,5.10,1.36,0.00,1.28,1.70,1.86,0.00,0.00,N/A
1754672400,Aug 08 2025 - 5:00pm,complete,N/A,Gnistan / Ogeli,SibboV,N/A,N/A,0.69,1.38,1.00,1.64,1,4,5,3,0,3,"90'1","10,35,12,70",3,4,0,0,0,0,0,0,0,0,1,18,1,8,0,10,11,7,39,61,1.28,1.55,0.64,2.34,3.85,66,89,81,54,38,50,73,58,89,9.47,-0.84,4.50,4.80,1.50,0.00,1.22,1.75,0.00,0.00,0.00,N/A
1754733600,Aug 09 2025 - 10:00am,complete,N/A,RiPS,HIFK,N/A,14,1.54,2.54,1.27,2.64,2,4,6,5,1,4,"22,75","30,40,7,3",7,2,0,0,0,0,0,0,0,0,9,20,4,8,5,12,26,36,56,44,1.43,2.05,1.08,2.18,3.92,62,85,77,66,38,50,73,50,66,9.38,-0.77,7.60,5.80,1.30,0.00,1.20,1.57,0.00,0.00,0.00,N/A
1754737200,Aug 09 2025 - 11:00am,complete,N/A,EPS II,SexyPöxyt,N/A,N/A,1.69,1.69,1.50,1.45,0,0,0,0,0,0,"","",5,6,0,0,0,0,0,0,0,0,8,11,3,3,5,8,13,7,61,39,1.47,2.13,1.12,1.22,4.93,74,96,89,70,54,58,77,54,66,11.68,-0.84,2.70,4.00,2.05,0.00,1.20,1.67,2.05,0.00,0.00,N/A
1754746200,Aug 09 2025 - 1:30pm,complete,N/A,LPS,JäPS II,N/A,14,1.23,2.00,1.55,1.86,0,4,4,2,0,2,"","84,21,62,43",-1,-1,-1,-1,-1,-1,-1,-1,-1,-1,-1,-1,-1,-1,-1,-1,-1,-1,-1,-1,1.53,1.90,0.00,0.00,4.20,68,93,80,56,48,56,84,72,89,10.53,-0.73,4.00,4.80,1.50,0.00,0.00,0.00,1.97,0.00,0.00,N/A
1754753400,Aug 09 2025 - 3:30pm,complete,N/A,PKKU II,Lahti II,N/A,14,0.85,0.92,0.64,1.27,1,3,4,1,0,1,"55","25,47,85",1,5,-1,-1,-1,-1,-1,-1,-1,-1,3,17,1,8,2,9,-1,-1,41,59,1.17,1.33,0.83,2.18,3.19,73,81,66,35,23,39,73,39,66,7.98,-0.77,2.18,3.68,2.69,0.00,1.50,2.10,2.45,0.00,0.00,N/A
1754842500,Aug 10 2025 - 4:15pm,complete,N/A,Ponnistus,Kontu,N/A,N/A,1.38,1.77,1.18,1.23,3,0,3,1,1,0,"45,49,50","",3,4,0,0,0,0,0,0,0,0,18,8,13,1,5,7,9,10,46,54,1.15,1.71,2.28,0.89,3.54,46,81,66,50,35,35,66,62,89,6.91,-1.08,3.85,4.60,1.63,0.00,1.30,1.65,2.20,0.00,0.00,N/A
1755012600,Aug 12 2025 - 3:30pm,complete,N/A,HIFK,TiPS,N/A,N/A,2.57,1.50,2.64,1.09,4,0,4,0,0,0,"","",-1,-1,-1,-1,-1,-1,-1,-1,-1,-1,-1,-1,-1,-1,-1,-1,-1,-1,-1,-1,2.06,1.84,0.00,0.00,4.47,72,93,86,72,47,61,79,65,79,11.61,-0.64,0.00,0.00,0.00,0.00,0.00,0.00,0.00,0.00,0.00,N/A
1755012600,Aug 12 2025 - 3:30pm,complete,N/A,JäPS II,Töölön Taisto,N/A,15,2.08,1.14,1.86,1.41,2,2,4,1,0,1,"63,83","40,72",11,5,-1,-1,-1,-1,-1,-1,-1,-1,18,7,7,5,11,2,-1,-1,45,55,1.90,1.56,2.38,1.18,3.83,56,93,82,45,34,41,74,60,89,11.91,-0.90,1.17,7.00,8.80,0.00,1.16,0.00,1.85,0.00,0.00,N/A
1755104400,Aug 13 2025 - 5:00pm,complete,168,VJS II,EsPa / Renat,N/A,15,2.07,0.29,2.00,0.18,9,0,9,4,4,0,"16,22,24,45,51,71,75,79,89","",14,1,0,0,0,0,0,0,0,0,-1,-1,-1,-1,-1,-1,12,9,50,50,1.67,0.84,0.00,0.00,5.40,79,97,82,75,61,68,86,72,83,8.50,-0.79,0.00,0.00,0.00,0.00,0.00,0.00,0.00,0.00,0.00,N/A
1755105300,Aug 13 2025 - 5:15pm,complete,N/A,EsPa,Gnistan / Ogeli,N/A,N/A,2.00,0.64,2.05,1.00,3,1,4,2,1,1,"17,62,90","11",0,1,0,0,0,0,0,0,0,0,18,11,11,3,7,8,14,14,53,47,1.95,1.23,2.37,1.24,3.90,61,86,72,54,40,57,79,61,93,9.68,-0.93,1.13,9.20,31.00,0.00,1.14,1.80,1.79,0.00,0.00,Matinkylän urheilupuisto
1755185400,Aug 14 2025 - 3:30pm,complete,N/A,TuPS,RiPS,N/A,15,1.36,1.43,1.55,1.27,4,2,6,2,1,1,"21,51,64,89","26,81",3,4,0,0,0,0,0,0,0,0,11,7,8,5,3,2,8,12,44,56,1.30,1.40,1.97,1.31,3.47,68,86,68,46,25,50,75,36,64,7.95,-0.65,2.51,4.05,2.30,0.00,1.36,1.75,0.00,0.00,0.00,N/A
1755188100,Aug 14 2025 - 4:15pm,complete,N/A,Atlantis / PM,Ponnistus,N/A,N/A,0.79,1.50,1.18,1.18,4,0,4,1,1,0,"43,48,54,69","",2,9,0,0,0,0,0,0,0,0,15,12,8,2,7,10,11,13,48,52,1.46,1.27,1.90,1.23,3.79,75,86,72,47,40,47,68,50,86,6.28,-1.14,1.56,4.39,4.19,0.00,1.30,1.80,0.00,0.00,0.00,Pukinmäki liikuntapuisto
1755191700,Aug 14 2025 - 5:15pm,complete,N/A,PPJ / Lauttasaari,MPS Atletico Malmi,N/A,15,1.36,2.08,1.27,1.81,2,0,2,0,0,0,"62,67","",1,6,0,0,0,0,0,0,0,0,11,13,6,4,5,9,12,16,56,44,1.34,1.45,1.38,1.49,3.86,78,93,86,56,34,56,82,60,78,9.00,-0.75,2.79,4.27,1.90,0.00,1.28,1.62,0.00,0.00,0.00,N/A
1755191700,Aug 14 2025 - 5:15pm,complete,N/A,HJK / Kantsu,PKKU II,N/A,15,0.71,0.79,0.77,0.64,2,1,3,2,2,0,"37,44","85",7,10,0,0,0,0,0,0,0,0,9,10,3,4,6,6,12,8,37,63,1.17,1.14,1.14,1.47,3.57,71,90,79,47,32,47,82,61,83,7.65,-0.65,2.35,3.95,2.25,0.00,1.25,1.65,0.00,0.00,0.00,N/A
1755191700,Aug 14 2025 - 5:15pm,complete,N/A,HooGee,GrIFK U23,N/A,15,1.92,1.36,1.86,1.50,2,0,2,1,1,0,"25,90'4","",5,8,0,0,0,0,0,0,0,0,10,5,4,2,6,3,9,8,40,60,1.82,1.27,1.35,0.92,5.20,71,93,86,71,57,56,82,67,93,8.53,-0.80,1.45,5.00,4.05,0.00,1.16,0.00,1.91,0.00,0.00,N/A
1755191700,Aug 14 2025 - 5:15pm,complete,N/A,Espoon Tikka,FC Espoo,N/A,15,1.07,0.57,0.95,0.64,4,1,5,3,2,1,"11,21,64,52","40",3,5,0,0,0,0,0,0,0,0,9,15,5,6,4,9,11,8,35,65,1.25,1.64,1.18,1.88,5.04,72,93,90,79,61,50,83,93,100,6.90,-0.57,2.08,4.40,2.50,0.00,1.20,1.68,2.20,0.00,0.00,N/A
1755270000,Aug 15 2025 - 3:00pm,complete,N/A,NuPS,EPS II,N/A,15,1.43,1.64,1.41,1.50,2,3,5,2,1,1,"75,24","22,64,85",2,0,0,0,0,0,0,0,0,0,12,11,6,8,6,3,13,10,52,48,1.72,1.45,1.51,1.54,4.04,72,90,86,57,36,50,72,50,68,10.27,-1.07,1.97,4.12,2.84,0.00,1.36,2.00,0.00,0.00,0.00,Kuoppanummi Nurmi
1755270900,Aug 15 2025 - 3:15pm,complete,N/A,SexyPöxyt,Finnkurd,N/A,15,1.64,1.36,1.45,1.59,0,5,5,0,0,0,"","49,90'4,46,69,83",-1,-1,-1,-1,-1,-1,-1,-1,-1,-1,-1,-1,-1,-1,-1,-1,-1,-1,-1,-1,2.05,1.13,0.00,0.00,5.75,61,93,90,79,68,50,79,72,72,9.58,-0.86,0.00,0.00,0.00,0.00,0.00,0.00,0.00,0.00,0.00,N/A
1755273600,Aug 15 2025 - 4:00pm,complete,N/A,MPS,Futura,N/A,N/A,0.64,2.21,0.77,2.09,0,8,8,4,0,4,"","84,34,57,63,64,13,44,7",-1,-1,-1,-1,-1,-1,-1,-1,-1,-1,-1,-1,-1,-1,-1,-1,-1,-1,-1,-1,1.11,1.51,0.00,0.00,3.79,54,82,79,58,39,43,79,61,79,4.42,-1.64,0.00,0.00,0.00,0.00,0.00,0.00,0.00,0.00,0.00,Tapanilan nurmi
1755274500,Aug 15 2025 - 4:15pm,complete,N/A,Kontu,PPJ / Ruoholahti,N/A,N/A,1.64,1.57,1.23,1.45,0,5,5,2,0,2,"","73,78,18,42,47",4,1,-1,-1,-1,-1,-1,-1,-1,-1,16,13,6,9,10,4,-1,-1,49,51,1.64,1.72,1.83,1.81,3.57,36,83,64,47,36,32,65,68,90,9.75,-1.43,1.72,4.00,3.40,0.00,1.36,1.65,0.00,0.00,0.00,Talin jalkapallohalli
1755275400,Aug 15 2025 - 4:30pm,complete,N/A,Lahti II,LPS,N/A,15,1.07,1.14,1.27,1.55,1,3,4,1,0,1,"55","90,88,39",-1,-1,-1,-1,-1,-1,-1,-1,-1,-1,-1,-1,-1,-1,-1,-1,-1,-1,-1,-1,1.41,1.53,0.00,0.00,3.90,75,83,72,54,40,57,86,54,72,8.62,-0.79,2.30,4.20,2.23,0.00,0.00,1.53,0.00,0.00,0.00,N/A
1755277200,Aug 15 2025 - 5:00pm,complete,N/A,EBK,EIF II,N/A,15,2.15,1.86,2.36,1.82,4,1,5,3,2,1,"32,18,74,90'2","22",5,4,0,0,0,0,0,0,0,0,10,15,4,6,6,9,13,12,46,54,1.88,1.80,1.20,1.78,5.68,82,100,89,89,74,61,78,89,93,8.93,-0.37,1.83,4.00,3.10,0.00,1.20,1.65,0.00,0.00,0.00,N/A
1755338400,Aug 16 2025 - 10:00am,complete,N/A,ToTe,Valtti,N/A,N/A,2.14,2.29,1.91,2.41,0,1,1,0,0,0,"","85",6,4,0,0,0,0,0,0,0,0,12,20,4,5,8,15,17,13,58,42,1.68,1.55,1.37,1.96,3.50,50,86,72,47,33,65,82,43,79,11.33,-0.93,2.29,3.90,2.55,0.00,1.40,1.91,0.00,0.00,0.00,N/A
1755345600,Aug 16 2025 - 12:00pm,complete,N/A,SibboV,Ponnistajat,N/A,N/A,1.50,0.29,1.64,0.18,8,1,9,4,4,0,"13,8,10,55,39,62,90'1,83","59",10,3,0,0,0,0,0,0,0,0,25,5,15,3,10,2,6,8,66,34,1.62,0.99,3.57,0.94,4.54,68,86,86,64,50,50,79,61,83,6.29,-0.93,1.08,8.65,12.85,0.00,1.33,1.80,0.00,0.00,0.00,N/A
1755708300,Aug 20 2025 - 4:45pm,complete,N/A,Finnkurd,VJS II,N/A,16,1.47,2.13,1.59,2.00,4,2,6,2,1,1,"25,78,86,90'3","22,88",1,0,0,0,0,0,0,0,0,0,-1,-1,-1,-1,-1,-1,6,11,50,50,1.13,1.67,0.00,0.00,5.40,64,97,87,77,64,57,80,74,80,8.35,-0.93,3.18,4.20,1.72,0.00,1.22,1.59,0.00,0.00,0.00,N/A
1755709200,Aug 20 2025 - 5:00pm,complete,N/A,GrIFK U23,EBK,N/A,16,1.27,2.21,1.50,2.36,2,1,3,2,2,0,"24,42","58",1,5,0,0,0,0,0,0,0,0,16,8,9,3,7,5,8,12,45,55,1.24,1.80,2.32,1.65,4.84,77,94,83,73,56,63,80,70,90,9.36,-0.74,3.10,4.30,1.47,0.00,1.25,1.57,2.25,0.00,0.00,N/A
1755790200,Aug 21 2025 - 3:30pm,complete,N/A,HIFK,LPS,N/A,16,2.60,1.27,2.64,1.55,7,1,8,2,1,1,"41,55,51,68,64,85,79","37",2,2,0,0,0,0,0,0,0,0,24,10,14,3,10,7,13,15,57,43,2.06,1.53,2.91,1.07,4.07,60,87,80,67,44,54,80,60,74,10.31,-0.80,0.00,0.00,0.00,0.00,1.12,0.00,0.00,0.00,0.00,N/A
1755790200,Aug 21 2025 - 3:30pm,complete,531,EIF II,NuPS,N/A,16,1.73,1.33,1.82,1.41,4,0,4,3,3,0,"43,4,22,67","",1,5,0,0,0,0,0,0,0,0,10,6,5,1,5,5,8,9,41,59,1.80,1.70,1.34,0.92,4.57,70,94,87,74,53,44,74,80,87,9.35,-0.73,1.46,4.70,5.15,0.00,1.20,0.00,2.10,0.00,0.00,N/A
1755796500,Aug 21 2025 - 5:15pm,complete,N/A,Töölön Taisto,RiPS,N/A,16,1.13,1.33,1.41,1.27,5,0,5,3,3,0,"12,20,45,57,74","",2,2,0,0,0,0,0,0,0,0,17,13,8,1,9,12,8,8,47,53,1.53,1.40,2.37,1.54,4.00,70,87,80,57,37,50,77,47,80,9.59,-0.67,2.05,4.00,2.80,0.00,1.28,1.65,0.00,0.00,0.00,N/A
1755796500,Aug 21 2025 - 5:15pm,complete,N/A,EsPa / Renat,EPS II,N/A,16,0.27,1.73,0.18,1.50,1,10,11,6,1,5,"24","64,73,75,85,1,59,36,3,15,23",0,3,0,0,0,0,0,0,0,0,-1,-1,-1,-1,-1,-1,7,10,50,50,0.84,1.45,0.00,0.00,5.60,80,97,90,74,64,67,77,60,74,7.36,-0.73,0.00,0.00,0.00,0.00,0.00,0.00,0.00,0.00,0.00,N/A
1755796500,Aug 21 2025 - 5:15pm,complete,70,Espoon Tikka,HooGee,N/A,16,1.20,2.00,0.95,1.86,0,4,4,2,0,2,"","32,4,54,59",1,2,0,0,0,0,0,0,0,0,18,24,3,12,15,12,4,3,36,64,1.25,1.77,1.77,2.75,5.75,66,97,87,76,69,59,90,82,100,7.57,-0.34,4.50,5.00,1.41,0.00,1.16,0.00,1.80,0.00,0.00,N/A
1755796500,Aug 21 2025 - 5:15pm,complete,N/A,PPJ / Ruoholahti,Ponnistajat,N/A,N/A,1.67,0.27,1.45,0.18,5,2,7,3,3,0,"21,18,82,43,80","67,90",2,4,-1,-1,-1,-1,-1,-1,-1,-1,21,8,12,4,9,4,-1,-1,62,38,1.72,0.99,2.71,1.17,4.80,60,87,80,67,57,57,84,67,84,6.84,-1.47,1.02,23.00,56.00,0.00,1.07,0.00,0.00,0.00,0.00,N/A
1755875700,Aug 22 2025 - 3:15pm,complete,N/A,SexyPöxyt,FC Espoo,N/A,16,1.53,0.53,1.45,0.64,1,0,1,1,1,0,"38","",4,6,0,0,0,0,0,0,0,0,12,4,5,1,7,3,7,6,52,48,2.05,1.65,1.63,0.84,4.93,70,90,87,80,60,50,80,80,84,11.00,-0.80,1.20,6.00,5.70,0.00,1.14,0.00,2.05,0.00,0.00,N/A
1755876600,Aug 22 2025 - 3:30pm,complete,N/A,TiPS,JäPS II,N/A,16,1.40,2.00,1.09,1.86,0,0,0,0,0,0,"","",2,1,0,0,0,0,0,0,0,0,13,5,4,1,9,4,10,11,62,38,1.84,1.94,1.57,0.62,4.54,72,100,90,69,42,58,80,76,90,12.25,-0.84,2.75,4.25,1.89,0.00,1.22,0.00,2.20,0.00,0.00,N/A
1755876600,Aug 22 2025 - 3:30pm,complete,N/A,Futura,SibboV,N/A,N/A,2.27,1.60,2.09,1.64,4,1,5,2,1,1,"81,73,24,54","40",-1,-1,-1,-1,-1,-1,-1,-1,-1,-1,-1,-1,-1,-1,-1,-1,-1,-1,-1,-1,1.51,1.79,0.00,0.00,3.74,57,80,77,47,37,40,70,57,77,5.67,-1.33,1.63,5.25,3.60,0.00,0.00,0.00,0.00,0.00,0.00,N/A
1755876600,Aug 22 2025 - 3:30pm,complete,N/A,Gnistan / Ogeli,MPS,N/A,N/A,0.60,0.60,1.00,0.77,5,0,5,1,1,0,"6,79,77,90'1,56","",-1,-1,-1,-1,-1,-1,-1,-1,-1,-1,-1,-1,-1,-1,-1,-1,-1,-1,-1,-1,1.23,1.11,0.00,0.00,4.43,64,93,87,74,50,64,87,70,93,8.19,-1.06,1.17,5.25,8.20,0.00,1.08,1.55,0.00,0.00,0.00,Mustapekka Areena
1755880200,Aug 22 2025 - 4:30pm,complete,N/A,Lahti II,PPJ / Lauttasaari,N/A,16,1.00,1.47,1.27,1.27,2,1,3,1,1,0,"3,80","66",-1,-1,-1,-1,-1,-1,-1,-1,-1,-1,-1,-1,-1,-1,-1,-1,-1,-1,-1,-1,1.41,1.35,0.00,0.00,3.57,74,87,74,47,27,40,77,47,70,8.79,-0.80,3.10,4.30,1.75,0.00,0.00,1.55,0.00,0.00,0.00,N/A
1755880200,Aug 22 2025 - 4:30pm,complete,N/A,Valtti,Kontu,N/A,N/A,2.33,1.53,2.41,1.23,2,1,3,2,1,1,"30,66","10",0,1,0,0,0,0,0,0,0,0,22,8,8,4,14,4,8,16,56,44,1.59,1.65,2.43,0.96,3.10,27,80,60,44,27,34,60,57,80,9.60,-0.94,1.28,5.75,6.40,0.00,1.28,1.60,2.20,0.00,0.00,N/A
1755943200,Aug 23 2025 - 10:00am,complete,N/A,ToTe,Ponnistus,N/A,N/A,2.00,1.40,1.91,1.18,7,2,9,3,2,1,"4,38,51,90'1,74,68,86","32,87",8,1,0,0,0,0,0,0,0,0,24,9,14,4,10,5,9,12,58,42,1.66,1.27,2.96,1.04,3.80,60,84,77,50,37,60,87,50,90,9.11,-0.93,1.25,6.98,7.70,0.00,1.25,1.67,0.00,0.00,0.00,N/A
1755950400,Aug 23 2025 - 12:00pm,complete,N/A,MPS Atletico Malmi,HJK / Kantsu,N/A,16,1.93,0.87,1.81,0.77,1,1,2,0,0,0,"51","48",12,1,0,0,0,0,0,0,0,0,23,6,9,4,14,2,7,3,58,42,1.45,1.17,2.70,0.84,3.97,76,93,83,55,42,66,86,69,83,8.16,-0.70,1.17,7.25,9.62,0.00,1.28,1.95,0.00,0.00,0.00,Pukinmäki liikuntapuisto
1756044000,Aug 24 2025 - 2:00pm,complete,N/A,PKKU II,TuPS,N/A,16,0.73,1.47,0.64,1.55,0,3,3,2,0,2,"","6,39,77",3,4,-1,-1,-1,-1,-1,-1,-1,-1,6,9,3,4,3,5,-1,-1,39,61,1.17,1.34,1.15,1.41,2.94,67,87,67,30,13,37,73,40,70,8.52,-0.66,4.20,4.10,1.74,0.00,1.57,2.00,0.00,0.00,0.00,N/A
1756395000,Aug 28 2025 - 3:30pm,complete,300,JäPS II,HIFK,N/A,17,1.93,2.63,1.86,2.64,2,2,4,1,1,0,"37,90'4","50,54",5,4,0,0,0,0,0,0,0,0,19,16,7,7,12,9,16,14,45,55,1.84,2.12,2.11,1.90,3.97,52,91,81,61,39,42,71,62,75,11.35,-0.97,2.55,3.60,2.17,0.00,1.40,1.84,0.00,0.00,0.00,N/A
1756395000,Aug 28 2025 - 3:30pm,complete,1390,EIF II,GrIFK U23,N/A,17,1.81,1.38,1.82,1.50,1,1,2,2,1,1,"35","5",12,1,0,0,0,0,0,0,0,0,12,6,5,3,7,3,12,9,60,40,1.77,1.32,1.71,0.75,4.35,66,94,82,69,50,44,69,69,91,7.88,-0.63,1.63,4.25,3.75,0.00,1.25,0.00,0.00,0.00,0.00,N/A
1756395000,Aug 28 2025 - 3:30pm,complete,N/A,Futura,Gnistan / Ogeli,N/A,N/A,2.31,0.75,2.09,1.00,0,1,1,1,0,1,"","32",-1,-1,-1,-1,-1,-1,-1,-1,-1,-1,-1,-1,-1,-1,-1,-1,-1,-1,-1,-1,1.51,1.23,0.00,0.00,3.66,54,85,75,51,38,51,75,63,82,5.77,-1.32,0.00,0.00,0.00,0.00,0.00,0.00,0.00,0.00,0.00,N/A
1756401300,Aug 28 2025 - 5:15pm,complete,N/A,PPJ / Lauttasaari,TuPS,N/A,17,1.38,1.56,1.27,1.55,1,0,1,1,1,0,"25","",2,4,-1,-1,-1,-1,-1,-1,-1,-1,4,9,3,0,1,9,-1,-1,34,66,1.35,1.35,0.62,0.93,3.22,63,91,72,35,19,41,75,44,72,8.99,-0.69,2.10,3.89,2.95,0.00,1.40,1.95,0.00,0.00,0.00,N/A
1756401300,Aug 28 2025 - 5:15pm,complete,N/A,HJK / Kantsu,Lahti II,N/A,17,0.88,1.13,0.77,1.27,0,4,4,3,0,3,"","21,31,38,76",3,3,-1,-1,-1,-1,-1,-1,-1,-1,7,11,4,6,3,5,-1,-1,45,55,1.14,1.41,1.09,1.53,3.72,78,88,75,47,35,51,85,57,76,7.85,-0.81,2.44,3.90,2.20,0.00,1.40,1.88,0.00,0.00,0.00,N/A
1756401300,Aug 28 2025 - 5:15pm,complete,N/A,HooGee,NuPS,N/A,17,2.07,1.25,1.86,1.41,0,0,0,0,0,0,"","",4,7,-1,-1,-1,-1,-1,-1,-1,-1,11,9,4,4,7,5,-1,-1,53,47,1.86,1.64,1.59,1.47,5.07,65,94,88,72,49,59,91,68,91,9.69,-0.76,1.15,5.60,9.40,0.00,1.14,0.00,1.95,0.00,0.00,N/A
1756479600,Aug 29 2025 - 3:00pm,complete,N/A,RiPS,TiPS,N/A,17,1.25,1.38,1.27,1.09,4,4,8,2,0,2,"52,56,85,90'1","21,31,67,76",-1,-1,-1,-1,-1,-1,-1,-1,-1,-1,-1,-1,-1,-1,-1,-1,-1,-1,-1,-1,1.41,1.82,0.00,0.00,4.57,78,91,85,75,47,69,78,60,78,9.20,-0.50,2.96,4.20,1.95,0.00,0.00,0.00,2.18,0.00,0.00,N/A
1756481400,Aug 29 2025 - 3:30pm,complete,N/A,Ponnistajat,Valtti,N/A,N/A,0.25,2.38,0.18,2.41,0,6,6,3,0,3,"","53,84,90'1,27,15,36",1,0,0,0,0,0,0,0,0,0,-1,-1,-1,-1,-1,-1,3,2,50,50,1.01,1.67,0.00,0.00,4.28,57,85,76,60,44,57,79,54,75,6.82,-0.94,30.00,16.00,1.01,0.00,0.00,0.00,2.00,0.00,0.00,N/A
1756482300,Aug 29 2025 - 3:45pm,complete,N/A,Kontu,ToTe,N/A,N/A,1.44,2.06,1.23,1.91,0,2,2,2,0,2,"","33,42",0,5,-1,-1,-1,-1,-1,-1,-1,-1,5,10,2,5,3,5,-1,-1,42,58,1.60,1.76,0.87,1.52,3.54,38,81,69,41,32,50,72,57,94,11.00,-0.82,3.50,3.95,1.74,0.00,1.30,1.83,0.00,0.00,0.00,Talin jalkapallohalli
1756483200,Aug 29 2025 - 4:00pm,complete,348,LPS,Töölön Taisto,N/A,17,1.19,1.25,1.55,1.41,1,2,3,3,1,2,"45'1","12,45",-1,-1,-1,-1,-1,-1,-1,-1,-1,-1,-1,-1,-1,-1,-1,-1,-1,-1,-1,-1,1.49,1.60,0.00,0.00,4.10,66,88,81,57,41,54,85,63,88,10.05,-0.69,1.98,4.10,2.95,0.00,0.00,1.70,0.00,0.00,0.00,Hertta Areena
1756483200,Aug 29 2025 - 4:00pm,complete,N/A,MPS,Atlantis / PM,N/A,N/A,0.56,0.93,0.77,1.18,1,5,6,2,0,2,"90'1","24,29,61,85,71",2,6,0,0,0,0,0,0,0,0,6,15,5,9,1,6,7,11,45,55,1.11,1.50,0.92,1.93,4.27,65,91,81,64,48,48,74,61,91,7.42,-1.28,12.00,8.00,1.13,0.00,1.25,1.65,0.00,0.00,0.00,Tapanilan nurmi
1756484100,Aug 29 2025 - 4:15pm,complete,N/A,EsPa,SibboV,N/A,N/A,2.07,1.50,2.05,1.64,1,1,2,0,0,0,"90'3","59",9,3,0,0,0,0,0,0,0,0,15,6,6,3,9,3,23,26,47,53,1.98,1.79,1.91,0.77,4.09,68,84,78,58,42,52,78,62,91,8.85,-0.97,1.47,4.63,4.10,0.00,1.30,1.77,0.00,0.00,0.00,Matinkylän urheilupuisto
1756486800,Aug 29 2025 - 5:00pm,complete,N/A,EBK,Espoon Tikka,N/A,17,2.07,1.13,2.36,0.95,6,1,7,2,2,0,"44,41,60,82,77,75","80",16,0,0,0,0,0,0,0,0,0,24,5,11,2,13,3,7,9,66,34,1.79,1.28,2.93,0.64,5.47,75,97,91,81,68,72,87,87,97,7.94,-0.33,1.13,8.00,9.86,0.00,1.11,0.00,1.82,0.00,0.00,N/A
1756486800,Aug 29 2025 - 5:00pm,complete,N/A,FC Espoo,EsPa / Renat,N/A,17,0.50,0.25,0.64,0.18,6,1,7,3,3,0,"38,10,29,71,75,90","58",1,3,0,0,0,0,0,0,0,0,-1,-1,-1,-1,-1,-1,7,4,50,50,1.60,0.84,0.00,0.00,5.94,81,94,91,85,69,63,88,85,91,7.00,-0.69,0.00,0.00,0.00,0.00,0.00,0.00,0.00,0.00,0.00,N/A
1756559700,Aug 30 2025 - 1:15pm,complete,N/A,Ponnistus,PPJ / Ruoholahti,N/A,N/A,1.31,1.75,1.18,1.45,1,3,4,1,1,0,"12","90,62,88",1,8,-1,-1,-1,-1,-1,-1,-1,-1,8,18,3,9,5,9,-1,-1,48,52,1.25,1.79,1.00,2.19,4.35,63,88,78,63,50,53,85,66,88,7.05,-1.50,4.10,4.33,1.52,0.00,1.25,1.60,0.00,0.00,0.00,N/A
1756634400,Aug 31 2025 - 10:00am,complete,N/A,PKKU II,MPS Atletico Malmi,N/A,17,0.69,1.87,0.64,1.81,1,3,4,2,1,1,"24","30,85,88",3,2,-1,-1,-1,-1,-1,-1,-1,-1,13,18,2,8,11,10,-1,-1,45,55,1.17,1.54,1.28,2.20,3.37,75,91,74,42,23,49,74,59,81,8.85,-0.78,4.40,4.40,1.52,0.00,1.44,1.95,0.00,0.00,0.00,N/A
1756652400,Aug 31 2025 - 3:00pm,complete,N/A,EPS II,Finnkurd,N/A,17,1.81,1.56,1.50,1.59,2,2,4,1,0,1,"54,78","49,24",-1,-1,-1,-1,-1,-1,-1,-1,-1,-1,-1,-1,-1,-1,-1,-1,-1,-1,-1,-1,1.45,1.13,0.00,0.00,5.57,72,97,94,76,66,57,72,63,72,6.42,-0.88,0.00,0.00,0.00,0.00,0.00,0.00,0.00,0.00,0.00,N/A
1756654200,Aug 31 2025 - 3:30pm,complete,N/A,VJS II,SexyPöxyt,N/A,17,2.00,1.63,2.00,1.45,3,0,3,2,2,0,"66,9,45'1","",-1,-1,-1,-1,-1,-1,-1,-1,-1,-1,-1,-1,-1,-1,-1,-1,-1,-1,-1,-1,1.67,2.02,0.00,0.00,4.57,60,88,75,69,53,57,82,66,72,12.28,-0.76,0.00,0.00,0.00,0.00,0.00,0.00,0.00,0.00,0.00,N/A
1756917000,Sep 03 2025 - 4:30pm,complete,N/A,TuPS,HJK / Kantsu,N/A,18,1.47,0.82,1.55,0.77,7,0,7,3,3,0,"5,45'2,47,75,60,90'1,13","",10,3,0,0,0,0,0,0,0,0,17,15,11,4,6,11,3,5,54,46,1.32,1.14,2.24,1.47,3.35,62,88,71,39,27,53,82,47,74,7.98,-0.70,1.34,4.50,6.94,0.00,1.36,2.15,0.00,0.00,0.00,N/A
1756917900,Sep 03 2025 - 4:45pm,complete,N/A,Finnkurd,FC Espoo,N/A,18,1.53,0.65,1.59,0.64,5,4,9,6,2,4,"25,27,66,67,71","29,37,7,22",-1,-1,-1,-1,-1,-1,-1,-1,-1,-1,-1,-1,-1,-1,-1,-1,-1,-1,-1,-1,1.13,1.60,0.00,0.00,5.56,74,94,94,85,68,50,82,85,88,6.16,-0.88,2.37,4.10,2.25,0.00,1.08,0.00,2.25,0.00,0.00,N/A
1756920600,Sep 03 2025 - 5:30pm,complete,N/A,GrIFK U23,EPS II,N/A,18,1.35,1.76,1.50,1.50,2,1,3,0,0,0,"78,90'6","63",8,3,0,0,0,0,0,0,0,0,14,9,6,2,8,7,8,9,55,45,1.28,1.45,1.95,1.21,4.06,74,91,80,56,38,53,71,47,74,8.07,-0.88,2.49,3.80,2.24,0.00,1.36,0.00,0.00,0.00,0.00,N/A
1756999800,Sep 04 2025 - 3:30pm,complete,N/A,Atlantis / PM,Kontu,N/A,N/A,1.06,1.35,1.18,1.23,5,2,7,3,3,0,"18,42,56,77,25","52,62",8,4,0,0,0,0,0,0,0,0,16,11,6,7,10,4,3,10,52,48,1.54,1.56,2.04,1.67,3.41,47,85,64,40,31,37,58,58,88,8.35,-0.97,1.25,6.40,7.80,0.00,1.20,2.15,0.00,0.00,0.00,Pukinmäki liikuntapuisto
1757006100,Sep 04 2025 - 5:15pm,complete,40,Töölön Taisto,PKKU II,N/A,18,1.35,0.65,1.41,0.64,3,4,7,4,1,3,"36,57,85","12,20,35,59",8,3,0,0,0,0,0,0,0,0,14,13,9,8,5,5,10,4,56,44,1.60,1.17,2.11,1.69,3.36,65,88,79,38,21,41,76,47,82,9.75,-0.82,1.45,4.70,4.47,0.00,1.22,1.65,2.20,0.00,0.00,N/A
1757006100,Sep 04 2025 - 5:15pm,complete,N/A,Espoon Tikka,VJS II,N/A,18,1.06,2.06,0.95,2.00,0,6,6,2,0,2,"","23,80,54,74,85,39",3,7,0,0,0,0,0,0,0,0,7,29,1,19,6,10,13,5,45,55,1.24,1.67,0.84,3.61,4.77,62,94,82,71,56,65,85,80,91,8.19,-0.53,8.00,6.50,1.20,0.00,1.12,0.00,0.00,0.00,0.00,N/A
1757006100,Sep 04 2025 - 5:15pm,complete,N/A,EsPa / Renat,EIF II,N/A,18,0.24,1.76,0.18,1.82,0,9,9,5,0,5,"","6,7,25,3,33,62,52,47,76",1,9,0,0,0,0,0,0,0,0,-1,-1,-1,-1,-1,-1,3,6,50,50,0.84,1.76,0.00,0.00,6.06,77,100,88,85,74,62,80,82,88,7.17,-0.41,0.00,0.00,0.00,0.00,0.00,0.00,0.00,0.00,0.00,N/A
1757006100,Sep 04 2025 - 5:15pm,complete,N/A,PPJ / Ruoholahti,Futura,N/A,N/A,1.82,2.18,1.45,2.09,1,1,2,0,0,0,"62","51",-1,-1,-1,-1,-1,-1,-1,-1,-1,-1,-1,-1,-1,-1,-1,-1,-1,-1,-1,-1,1.81,1.51,0.00,0.00,3.77,50,80,71,50,41,44,77,62,77,5.69,-1.94,0.00,0.00,0.00,0.00,0.00,0.00,0.00,0.00,0.00,N/A
1757084400,Sep 05 2025 - 3:00pm,complete,N/A,NuPS,EBK,N/A,18,1.24,2.13,1.41,2.36,0,4,4,3,0,3,"","15,56,2,10",0,4,0,0,0,0,0,0,0,0,15,15,6,10,9,5,12,7,51,49,1.63,1.89,1.77,2.02,4.83,77,91,88,74,52,68,85,70,85,11.35,-0.78,7.30,6.00,1.23,0.00,1.14,1.65,2.25,0.00,0.00,Kuoppanummi Nurmi
1757085300,Sep 05 2025 - 3:15pm,complete,N/A,MPS Atletico Malmi,RiPS,N/A,18,1.94,1.24,1.81,1.27,5,2,7,2,2,0,"4,42,52,62,77","81,83",4,4,0,0,0,0,0,0,0,0,27,11,10,4,17,7,12,15,45,55,1.58,1.41,2.71,1.30,4.20,79,91,79,66,42,67,79,64,79,8.03,-0.73,1.45,4.70,5.20,0.00,1.30,1.85,0.00,0.00,0.00,Pukinmäki liikuntapuisto
1757085300,Sep 05 2025 - 3:15pm,complete,N/A,TiPS,LPS,N/A,18,1.35,1.12,1.09,1.55,1,3,4,2,1,1,"41","49,80,11",5,3,0,0,0,0,0,0,0,0,8,8,4,5,4,3,19,10,53,47,1.82,1.49,1.39,1.31,4.65,79,91,85,71,47,71,85,71,82,10.07,-0.64,1.88,4.20,3.05,0.00,1.20,0.00,0.00,0.00,0.00,N/A
1757085300,Sep 05 2025 - 3:15pm,complete,N/A,SexyPöxyt,HooGee,N/A,18,1.53,2.00,1.45,1.86,2,1,3,3,2,1,"9,45","28",5,0,0,0,0,0,0,0,0,0,18,16,8,7,10,9,9,5,52,48,2.02,1.84,2.01,1.78,5.20,55,88,79,70,58,55,85,64,80,11.14,-0.66,2.64,4.10,2.10,0.00,1.16,0.00,1.91,0.00,0.00,N/A
1757085300,Sep 05 2025 - 3:15pm,complete,N/A,Gnistan / Ogeli,Ponnistajat,N/A,N/A,0.88,0.24,1.00,0.18,5,2,7,7,5,2,"29,41,31,7,37","22,45",2,3,0,0,0,0,0,0,0,0,15,19,6,8,9,11,3,6,53,47,1.23,1.01,1.86,2.15,4.68,62,88,82,68,53,62,85,68,85,7.02,-0.88,1.23,6.60,8.25,0.00,1.12,1.65,1.93,0.00,0.00,Mustapekka Areena
1757089800,Sep 05 2025 - 4:30pm,complete,N/A,Lahti II,JäPS II,N/A,18,1.24,1.88,1.27,1.86,1,4,5,2,0,2,"48","29,20,87,90",-1,-1,-1,-1,-1,-1,-1,-1,-1,-1,-1,-1,-1,-1,-1,-1,-1,-1,-1,-1,1.42,1.86,0.00,0.00,3.67,66,88,76,52,28,40,79,58,77,9.77,-1.09,4.10,4.40,1.54,0.00,0.00,1.57,0.00,0.00,0.00,N/A
1757089800,Sep 05 2025 - 4:30pm,complete,N/A,Valtti,Ponnistus,N/A,N/A,2.41,1.24,2.41,1.18,4,0,4,1,1,0,"38,52,83,72","",11,1,0,0,0,0,0,0,0,0,11,8,7,2,4,6,14,14,57,43,1.67,1.23,1.82,0.95,3.77,56,85,74,56,35,50,80,53,80,6.60,-0.94,1.07,7.40,11.00,0.00,1.20,1.57,2.20,0.00,0.00,N/A
1757152800,Sep 06 2025 - 10:00am,complete,N/A,ToTe,EsPa,N/A,N/A,2.12,2.00,1.91,2.05,4,0,4,1,1,0,"40,51,68,89","",4,3,0,0,0,0,0,0,0,0,14,5,8,1,6,4,10,15,51,49,1.74,1.98,1.86,0.79,3.79,58,82,67,46,33,63,82,52,91,10.98,-0.91,2.18,3.78,2.88,0.00,1.36,1.95,0.00,0.00,0.00,N/A
1757160000,Sep 06 2025 - 12:00pm,complete,N/A,SibboV,MPS,N/A,N/A,1.47,0.53,1.64,0.77,5,2,7,3,3,0,"32,26,74,43,86","46,64",9,5,0,0,0,0,0,0,0,0,-1,-1,-1,-1,-1,-1,16,15,50,50,1.71,1.10,0.00,0.00,4.59,68,91,88,74,56,53,83,71,91,7.85,-1.12,1.02,9.40,15.00,0.00,1.12,1.58,1.74,0.00,0.00,N/A
1757164500,Sep 06 2025 - 1:15pm,complete,189,HIFK,PPJ / Lauttasaari,N/A,18,2.53,1.47,2.64,1.27,3,0,3,1,1,0,"69,9,80","",6,7,0,0,0,0,0,0,0,0,10,12,6,4,4,8,8,10,51,49,2.11,1.30,1.33,1.39,3.77,59,88,79,56,33,38,74,53,71,9.93,-0.76,1.15,8.25,13.20,0.00,1.25,1.70,2.25,0.00,0.00,N/A
1757520000,Sep 10 2025 - 4:00pm,complete,43,JäPS II,PKKU II,N/A,19,1.94,0.78,1.86,0.64,3,0,3,3,3,0,"5,11,18","",11,3,-1,-1,-1,-1,-1,-1,-1,-1,32,13,14,6,18,7,-1,-1,58,42,1.86,1.21,3.53,1.52,3.58,66,92,80,49,26,43,77,63,86,9.92,-0.92,1.20,7.40,10.34,0.00,1.30,1.95,1.87,0.00,0.00,N/A
1757521800,Sep 10 2025 - 4:30pm,complete,N/A,TuPS,HIFK,N/A,19,1.56,2.56,1.55,2.64,1,3,4,2,1,1,"6","28,60,90",0,5,0,0,0,0,0,0,0,0,9,10,6,7,3,3,11,11,33,67,1.38,2.06,1.16,1.57,3.53,50,86,72,48,28,42,75,45,64,9.91,-0.78,7.00,4.90,1.24,0.00,1.40,1.95,0.00,0.00,0.00,N/A
1757523600,Sep 10 2025 - 5:00pm,complete,N/A,GrIFK U23,Finnkurd,N/A,19,1.44,1.61,1.50,1.59,2,0,2,0,0,0,"","",-1,-1,-1,-1,-1,-1,-1,-1,-1,-1,-1,-1,-1,-1,-1,-1,-1,-1,-1,-1,1.32,1.13,0.00,0.00,4.94,67,95,86,67,53,47,73,67,83,6.47,-1.00,3.63,4.30,1.66,0.00,1.16,1.58,2.09,0.00,0.00,N/A
1757523600,Sep 10 2025 - 5:00pm,complete,N/A,VJS II,EIF II,N/A,19,2.11,1.83,2.00,1.82,4,1,5,3,2,1,"17,42,58,75","19",6,1,0,0,0,0,0,0,0,0,9,7,5,4,4,3,5,4,51,49,1.82,1.76,1.36,1.15,4.81,64,97,81,75,59,61,81,75,86,10.03,-0.50,2.02,4.25,2.71,0.00,1.20,0.00,1.87,0.00,0.00,N/A
1757610900,Sep 11 2025 - 5:15pm,complete,N/A,Töölön Taisto,Lahti II,N/A,19,1.28,1.17,1.41,1.27,2,0,2,1,1,0,"31,90'5","",2,4,0,0,0,0,0,0,0,0,10,4,5,3,5,1,15,10,42,58,1.63,1.42,1.49,0.93,3.72,70,86,78,47,31,44,81,47,75,9.70,-1.00,1.85,4.00,3.15,0.00,1.22,1.65,2.17,0.00,0.00,N/A
1757610900,Sep 11 2025 - 5:15pm,complete,N/A,EsPa / Renat,Espoon Tikka,N/A,19,0.22,1.00,0.18,0.95,3,6,9,4,0,4,"85,88,90","8,25,30,40,55,78",1,2,0,0,0,0,0,0,0,0,24,17,12,12,12,5,12,11,48,52,0.84,1.22,2.76,2.29,6.25,67,97,92,84,75,70,86,89,95,5.59,-0.39,18.74,12.00,1.00,0.00,1.02,1.50,1.80,0.00,0.00,N/A
1757610900,Sep 11 2025 - 5:15pm,complete,N/A,PPJ / Ruoholahti,Atlantis / PM,N/A,N/A,1.78,1.18,1.45,1.18,0,3,3,2,0,2,"","75,35,45'3",4,4,-1,-1,-1,-1,-1,-1,-1,-1,6,14,3,9,3,5,-1,-1,49,51,1.81,1.58,1.04,1.95,4.08,69,89,72,54,46,49,69,63,89,9.12,-1.47,1.89,4.45,2.00,0.00,1.20,1.63,2.20,0.00,0.00,N/A
1757689200,Sep 12 2025 - 3:00pm,complete,N/A,Gnistan / Ogeli,Valtti,N/A,N/A,1.00,2.44,1.00,2.41,2,3,5,2,1,1,"9,48","3,72,79",4,8,0,0,0,0,0,0,0,0,17,17,3,9,14,8,13,5,46,54,1.28,1.68,1.58,2.26,3.64,50,86,73,56,36,56,78,53,78,9.17,-0.78,15.00,8.30,1.06,0.00,1.14,0.00,2.00,0.00,0.00,Pukinmäki liikuntapuisto
1757689200,Sep 12 2025 - 3:00pm,complete,N/A,Ponnistajat,EsPa,N/A,N/A,0.22,1.88,0.18,2.05,1,6,7,3,1,2,"10","3,23,60,66,73,76",2,13,0,0,0,0,0,0,0,0,6,45,3,20,3,25,5,6,34,66,1.12,1.89,0.77,4.88,4.69,63,86,77,66,48,57,83,66,86,6.77,-0.91,46.00,26.00,1.00,0.00,1.05,0.00,0.00,0.00,0.00,N/A
1757692800,Sep 12 2025 - 4:00pm,complete,348,LPS,HJK / Kantsu,N/A,19,1.22,0.78,1.55,0.77,6,2,8,3,2,1,"39,81,83,32,67,74","43,89",-1,-1,-1,-1,-1,-1,-1,-1,-1,-1,-1,-1,-1,-1,-1,-1,-1,-1,-1,-1,1.48,1.16,0.00,0.00,4.25,73,92,83,62,44,70,92,70,86,8.06,-0.61,1.51,4.55,4.67,0.00,1.16,0.00,2.00,0.00,0.00,Hertta Areena
1757696400,Sep 12 2025 - 5:00pm,complete,N/A,FC Espoo,EBK,N/A,19,0.61,2.18,0.64,2.36,0,3,3,2,0,2,"","15,5,48",6,2,0,0,0,0,0,0,0,0,10,6,3,4,7,2,6,6,44,56,1.60,1.90,1.23,1.05,5.44,86,95,92,86,66,72,92,83,94,9.58,-0.57,8.00,6.50,1.27,0.00,1.08,0.00,1.78,0.00,0.00,N/A
1757763000,Sep 13 2025 - 11:30am,complete,N/A,SibboV,ToTe,N/A,N/A,1.56,2.17,1.64,1.91,2,2,4,2,1,1,"5,73","26,68",0,9,0,0,0,0,0,0,0,0,6,18,4,10,2,8,11,11,34,66,1.71,1.75,0.99,2.57,4.08,64,86,78,53,42,61,81,56,89,11.11,-0.78,2.80,4.46,1.81,0.00,1.25,1.70,0.00,0.00,0.00,N/A
1757764800,Sep 13 2025 - 12:00pm,complete,N/A,MPS Atletico Malmi,TiPS,N/A,19,2.00,1.28,1.81,1.09,4,0,4,1,1,0,"3,60,69,77","",3,6,0,0,0,0,0,0,0,0,13,4,6,0,7,4,4,10,47,53,1.65,1.79,1.82,0.74,4.39,83,94,83,69,40,69,77,74,83,10.04,-0.69,2.10,4.20,2.47,0.00,1.20,1.55,0.00,0.00,0.00,Pukinmäki liikuntapuisto
1757764800,Sep 13 2025 - 12:00pm,complete,N/A,RiPS,PPJ / Lauttasaari,N/A,19,1.17,1.39,1.27,1.27,2,1,3,1,0,1,"63,86","37",-1,-1,-1,-1,-1,-1,-1,-1,-1,-1,-1,-1,-1,-1,-1,-1,-1,-1,-1,-1,1.40,1.30,0.00,0.00,4.09,70,89,81,59,39,53,81,56,78,8.34,-0.61,2.10,3.95,2.85,0.00,0.00,1.85,0.00,0.00,0.00,N/A
1757764800,Sep 13 2025 - 12:00pm,complete,N/A,NuPS,SexyPöxyt,N/A,19,1.17,1.61,1.41,1.45,2,2,4,2,1,1,"6,74","19,82",2,0,0,0,0,0,0,0,0,0,10,11,7,4,3,7,12,18,39,61,1.64,2.02,1.35,1.32,4.11,53,83,81,61,39,50,78,56,70,11.84,-0.95,2.08,4.10,2.60,0.00,1.22,1.65,0.00,0.00,0.00,Kuoppanummi Nurmi
1757772000,Sep 13 2025 - 2:00pm,complete,N/A,Kontu,Futura,N/A,N/A,1.28,2.11,1.23,2.09,2,3,5,2,1,1,"76,45'1","74,41,90'3",-1,-1,-1,-1,-1,-1,-1,-1,-1,-1,-1,-1,-1,-1,-1,-1,-1,-1,-1,-1,1.56,1.51,0.00,0.00,3.20,33,78,61,36,28,33,64,62,78,5.19,-1.38,0.00,0.00,0.00,0.00,0.00,0.00,0.00,0.00,0.00,Talin jalkapallohalli
1757847600,Sep 14 2025 - 11:00am,complete,N/A,EPS II,HooGee,N/A,19,1.67,1.88,1.50,1.86,3,4,7,4,0,4,"86,73,87","12,33,16,27",5,3,0,0,0,0,0,0,0,0,16,14,9,7,7,7,8,4,60,40,1.44,1.83,2.19,1.79,5.11,74,94,86,66,52,61,81,58,78,8.06,-0.63,2.53,3.75,2.10,0.00,1.16,1.60,1.85,0.00,0.00,N/A
1757866500,Sep 14 2025 - 4:15pm,complete,N/A,Ponnistus,MPS,N/A,N/A,1.17,0.50,1.18,0.77,1,1,2,1,0,1,"47","21",5,6,-1,-1,-1,-1,-1,-1,-1,-1,10,7,3,4,7,3,-1,-1,63,37,1.21,1.10,1.17,0.99,4.70,64,92,89,78,53,53,92,73,92,5.79,-1.17,1.50,5.10,4.60,0.00,1.25,1.57,1.95,0.00,0.00,N/A
1758042600,Sep 16 2025 - 5:10pm,complete,N/A,HJK / Kantsu,JäPS II,N/A,20,0.74,2.00,0.77,1.86,2,1,3,1,1,0,"80,44","47",5,6,0,0,0,0,0,0,0,0,11,9,4,2,7,7,11,6,44,56,1.16,1.97,1.43,1.31,4.08,62,95,84,57,40,56,84,70,86,9.93,-0.88,5.50,5.20,1.40,0.00,1.16,1.70,2.14,0.00,0.00,N/A
1758127500,Sep 17 2025 - 4:45pm,complete,N/A,Finnkurd,NuPS,N/A,20,1.53,1.16,1.59,1.41,0,2,2,1,0,1,"","16,70",-1,-1,-1,-1,-1,-1,-1,-1,-1,-1,-1,-1,-1,-1,-1,-1,-1,-1,-1,-1,1.13,1.62,0.00,0.00,4.98,61,92,90,74,50,50,77,69,79,7.23,-1.11,0.00,0.00,0.00,0.00,0.00,0.00,0.00,0.00,0.00,N/A
1758209400,Sep 18 2025 - 3:30pm,complete,501,EIF II,FC Espoo,N/A,20,1.74,0.58,1.82,0.64,8,1,9,5,4,1,"3,20,25,36,52,83,82,84","27",6,2,0,0,0,0,0,0,0,0,15,5,11,3,4,2,10,9,55,45,1.72,1.57,2.43,0.96,5.06,74,95,87,82,63,56,82,84,92,8.32,-0.48,1.08,8.80,13.00,0.00,1.12,0.00,1.79,0.00,0.00,N/A
1758215700,Sep 18 2025 - 5:15pm,complete,N/A,PPJ / Lauttasaari,Töölön Taisto,N/A,20,1.32,1.37,1.27,1.41,1,3,4,2,1,1,"41","72,33,58",6,3,0,0,0,0,0,0,0,0,12,5,6,4,6,1,4,9,68,32,1.30,1.62,1.77,0.87,3.56,61,89,79,40,27,37,79,53,82,10.28,-0.74,2.30,3.48,2.60,0.00,1.44,2.15,0.00,0.00,0.00,N/A
1758215700,Sep 18 2025 - 5:15pm,complete,N/A,Espoon Tikka,EPS II,N/A,20,1.11,1.58,0.95,1.50,2,3,5,2,0,2,"68,90","39,41,90'6",2,14,0,0,0,0,0,0,0,0,6,18,3,7,3,11,10,9,31,69,1.28,1.48,0.93,2.29,5.05,71,95,89,71,58,61,76,74,84,6.86,-0.48,5.04,4.75,1.45,0.00,1.16,1.46,1.95,0.00,0.00,N/A
1758215700,Sep 18 2025 - 5:15pm,complete,N/A,HooGee,EsPa / Renat,N/A,20,1.94,0.21,1.86,0.18,4,1,5,3,3,0,"27,19,14,80","73",6,2,0,0,0,0,0,0,0,0,-1,-1,-1,-1,-1,-1,9,8,50,50,1.83,1.01,0.00,0.00,6.55,73,97,89,81,73,73,92,76,89,6.65,-0.48,0.00,0.00,0.00,0.00,0.00,0.00,0.00,0.00,0.00,N/A
1758215700,Sep 18 2025 - 5:15pm,complete,N/A,Atlantis / PM,Ponnistajat,N/A,N/A,1.28,0.21,1.18,0.18,8,0,8,5,5,0,"8,2,13,33,41,73,86,86","",5,3,0,0,0,0,0,0,0,0,37,4,19,3,18,1,4,6,61,39,1.61,1.09,4.26,0.62,4.79,70,89,81,62,54,59,75,59,84,6.69,-0.92,1.01,13.00,23.00,0.00,1.14,0.00,1.90,0.00,0.00,N/A
1758294900,Sep 19 2025 - 3:15pm,complete,N/A,SexyPöxyt,GrIFK U23,N/A,20,1.58,1.53,1.45,1.50,3,3,6,4,2,2,"21,38,75","7,41,53",4,1,-1,-1,-1,-1,-1,-1,-1,-1,22,9,8,6,14,3,-1,-1,54,46,1.97,1.32,2.36,1.24,3.92,58,87,74,53,37,48,71,53,71,10.45,-0.84,1.78,3.90,3.40,0.00,1.40,2.05,0.00,0.00,0.00,N/A
1758297600,Sep 19 2025 - 4:00pm,complete,N/A,MPS,Kontu,N/A,N/A,0.53,1.21,0.77,1.23,2,1,3,1,1,0,"22,69","90",3,4,-1,-1,-1,-1,-1,-1,-1,-1,10,13,5,7,5,6,-1,-1,46,54,1.09,1.56,1.21,1.61,4.16,45,90,76,63,48,48,79,71,92,7.79,-1.15,8.40,5.55,1.25,0.00,1.25,1.60,1.92,0.00,0.00,Tapanilan nurmi
1758298500,Sep 19 2025 - 4:15pm,complete,N/A,EsPa,PPJ / Ruoholahti,N/A,N/A,1.94,1.68,2.05,1.45,3,1,4,1,1,0,"42,81,90'2","85",3,1,-1,-1,-1,-1,-1,-1,-1,-1,3,1,3,1,0,0,-1,-1,47,53,2.10,1.77,0.70,0.37,4.05,60,86,71,57,40,52,79,68,92,9.72,-1.44,1.70,4.20,3.95,0.00,1.24,2.05,0.00,0.00,0.00,Matinkylän urheilupuisto
1758299400,Sep 19 2025 - 4:30pm,complete,N/A,Lahti II,RiPS,N/A,20,1.11,1.26,1.27,1.27,2,2,4,2,1,1,"37,56","45,73",7,3,0,0,0,0,0,0,0,0,16,12,3,5,13,7,14,20,57,43,1.38,1.40,1.57,1.31,4.11,77,87,76,61,40,55,84,50,74,7.51,-0.90,2.15,4.30,2.65,0.00,1.30,1.80,0.00,0.00,0.00,N/A
1758299400,Sep 19 2025 - 4:30pm,complete,N/A,Valtti,SibboV,N/A,N/A,2.47,1.53,2.41,1.64,1,4,5,3,0,3,"79","26,34,45'1,59",4,1,0,0,0,0,0,0,0,0,9,15,6,10,3,5,14,10,58,42,1.72,1.66,1.38,1.84,3.85,61,87,76,58,40,53,74,58,82,9.34,-0.74,1.60,5.00,3.95,0.00,1.34,1.95,0.00,0.00,0.00,N/A
1758301200,Sep 19 2025 - 5:00pm,complete,N/A,EBK,VJS II,N/A,20,2.22,2.16,2.36,2.00,2,1,3,0,0,0,"60,73","83",8,2,0,0,0,0,0,0,0,0,9,6,4,2,5,4,18,12,52,48,1.84,1.79,1.43,0.87,5.07,73,98,87,76,60,82,92,70,89,11.03,-0.54,1.82,4.20,3.40,0.00,1.25,1.70,0.00,0.00,0.00,N/A
1758362400,Sep 20 2025 - 10:00am,complete,N/A,ToTe,Gnistan / Ogeli,N/A,N/A,2.11,0.95,1.91,1.00,3,3,6,1,0,1,"69,80,86","38,67,90",9,2,0,0,0,0,0,0,0,0,16,6,8,4,8,2,18,20,73,27,1.80,1.30,2.17,0.89,3.95,58,87,77,55,40,69,87,55,87,10.94,-0.74,1.04,13.00,27.00,0.00,0.00,1.70,1.76,0.00,0.00,N/A
1758366000,Sep 20 2025 - 11:00am,complete,N/A,TiPS,TuPS,N/A,20,1.21,1.47,1.09,1.55,0,2,2,1,0,1,"","44,48",2,7,0,0,0,0,0,0,0,0,6,12,0,4,6,8,12,8,51,49,1.72,1.36,0.77,1.43,3.92,66,90,76,56,29,58,79,56,74,9.91,-0.63,2.19,3.97,2.43,0.00,0.00,1.71,2.05,0.00,0.00,N/A
1758369600,Sep 20 2025 - 12:00pm,complete,N/A,Futura,Ponnistus,N/A,N/A,2.16,1.16,2.09,1.18,1,1,2,0,0,0,"60","54",-1,-1,-1,-1,-1,-1,-1,-1,-1,-1,-1,-1,-1,-1,-1,-1,-1,-1,-1,-1,1.51,1.20,0.00,0.00,3.69,58,82,71,50,35,40,79,61,79,3.53,-1.48,0.00,0.00,0.00,0.00,0.00,0.00,0.00,0.00,0.00,N/A
1758452400,Sep 21 2025 - 11:00am,complete,N/A,PKKU II,LPS,N/A,20,0.74,1.32,0.64,1.55,1,3,4,3,1,2,"28","4,30,83",1,4,0,0,0,0,0,0,0,0,9,14,6,10,3,4,5,2,46,54,1.22,1.48,1.27,1.92,3.92,74,89,82,53,32,61,87,61,82,8.33,-0.79,2.35,3.85,2.50,0.00,1.30,0.00,0.00,0.00,0.00,N/A
1758641400,Sep 23 2025 - 3:30pm,complete,311,HIFK,MPS Atletico Malmi,N/A,20,2.58,2.06,2.64,1.81,6,2,8,3,3,0,"7,37,40,58,61,66","53,77",3,4,0,0,0,0,0,0,0,0,17,14,9,7,8,7,6,5,57,43,2.03,1.66,2.22,1.85,4.00,66,92,81,65,35,52,76,68,76,9.70,-0.76,1.28,5.90,7.90,0.00,1.16,1.62,2.15,0.00,0.00,N/A
1758726900,Sep 24 2025 - 3:15pm,complete,N/A,Finnkurd,Espoon Tikka,N/A,21,1.45,1.05,1.59,0.95,4,2,6,2,1,1,"90'5,28,63,87","9,78",-1,-1,-1,-1,-1,-1,-1,-1,-1,-1,-1,-1,-1,-1,-1,-1,-1,-1,-1,-1,1.13,1.26,0.00,0.00,5.70,60,98,90,80,70,55,80,85,90,4.99,-0.70,2.08,4.05,2.62,0.00,1.14,0.00,0.00,0.00,0.00,N/A
1758733200,Sep 24 2025 - 5:00pm,complete,N/A,GrIFK U23,EsPa / Renat,N/A,21,1.50,0.20,1.50,0.18,13,0,13,7,7,0,"4,15,58,70,72,19,22,25,28,38,48,61,67","",5,5,-1,-1,-1,-1,-1,-1,-1,-1,-1,-1,-1,-1,-1,-1,-1,-1,-1,-1,1.32,1.01,0.00,0.00,5.38,73,95,83,68,58,63,78,68,85,6.67,-0.75,1.10,8.25,15.05,0.00,1.05,0.00,0.00,0.00,0.00,N/A
1758820500,Sep 25 2025 - 5:15pm,complete,N/A,HooGee,FC Espoo,N/A,21,2.00,0.55,1.86,0.64,2,1,3,0,0,0,"54,90'8","87",9,4,0,0,0,0,0,0,0,0,12,9,3,3,9,6,11,9,53,47,1.83,1.53,1.61,1.27,5.42,74,93,87,77,62,64,93,77,92,7.94,-0.56,1.20,7.20,10.00,0.00,1.12,1.65,1.87,0.00,0.00,N/A
1758903300,Sep 26 2025 - 4:15pm,complete,N/A,LPS,PPJ / Lauttasaari,N/A,21,1.40,1.25,1.55,1.27,2,1,3,0,0,0,"90'2,60","90",6,2,0,0,0,0,0,0,0,0,20,9,7,3,13,6,6,6,50,50,1.51,1.33,2.15,1.04,3.98,73,90,83,55,33,55,88,65,83,9.13,-0.70,1.90,4.33,2.75,0.00,1.20,1.65,0.00,0.00,0.00,Hertta Areena
1758903300,Sep 26 2025 - 4:15pm,complete,N/A,EsPa,Ponnistus,N/A,N/A,2.00,1.15,2.05,1.18,1,0,1,1,1,0,"20","",2,4,0,0,0,0,0,0,0,0,10,10,4,3,6,7,19,11,61,39,2.01,1.20,1.30,1.19,4.00,67,87,72,59,34,44,82,67,93,7.46,-1.02,1.08,10.00,18.50,0.00,1.16,1.58,0.00,0.00,0.00,Matinkylän urheilupuisto
1758904200,Sep 26 2025 - 4:30pm,complete,N/A,Valtti,Atlantis / PM,N/A,N/A,2.35,1.37,2.41,1.18,5,1,6,4,4,0,"15,22,25,33,86","66",-1,-1,-1,-1,-1,-1,-1,-1,-1,-1,-1,-1,-1,-1,-1,-1,-1,-1,-1,-1,1.70,1.80,0.00,0.00,3.78,57,87,72,51,39,54,69,52,82,9.20,-0.82,0.00,0.00,0.00,0.00,0.00,0.00,0.00,0.00,0.00,N/A
1758906900,Sep 26 2025 - 5:15pm,complete,N/A,Ponnistajat,MPS,N/A,N/A,0.20,0.65,0.18,0.77,0,1,1,0,0,0,"","59",3,3,-1,-1,-1,-1,-1,-1,-1,-1,-1,-1,-1,-1,-1,-1,-1,-1,-1,-1,1.05,1.10,0.00,0.00,5.33,65,93,90,80,65,63,93,73,88,5.89,-1.10,0.00,0.00,0.00,0.00,0.00,0.00,0.00,0.00,0.00,N/A
1758906900,Sep 26 2025 - 5:15pm,complete,N/A,Gnistan / Ogeli,PPJ / Ruoholahti,N/A,N/A,0.95,1.60,1.00,1.45,4,1,5,4,3,1,"83,21,32,37","23",5,6,-1,-1,-1,-1,-1,-1,-1,-1,23,10,10,5,13,5,-1,-1,40,60,1.27,1.69,2.51,1.31,4.15,63,90,78,63,48,55,83,68,88,8.82,-1.35,2.95,4.80,1.87,0.00,1.20,1.70,1.80,0.00,0.00,Mustapekka Areena
1758967200,Sep 27 2025 - 10:00am,complete,N/A,ToTe,Futura,N/A,N/A,2.05,2.10,1.91,2.09,2,3,5,3,1,2,"36,83","13,31,74",-1,-1,-1,-1,-1,-1,-1,-1,-1,-1,-1,-1,-1,-1,-1,-1,-1,-1,-1,-1,1.82,1.51,0.00,0.00,3.55,53,80,68,43,33,53,78,55,80,7.56,-1.30,0.00,0.00,0.00,0.00,0.00,0.00,0.00,0.00,0.00,N/A
1758970800,Sep 27 2025 - 11:00am,complete,N/A,TiPS,Lahti II,N/A,21,1.15,1.10,1.09,1.27,2,3,5,1,0,1,"74,90","37,55,84",5,4,-1,-1,-1,-1,-1,-1,-1,-1,18,16,6,10,12,6,-1,-1,41,59,1.67,1.40,1.90,2.09,4.10,75,90,78,63,33,55,83,58,78,9.56,-0.80,2.10,3.55,2.84,0.00,1.44,1.98,0.00,0.00,0.00,Tikkurila urheilupuisto nurmi
1758974400,Sep 27 2025 - 12:00pm,complete,N/A,RiPS,HJK / Kantsu,N/A,21,1.25,0.85,1.27,0.77,5,0,5,0,0,0,"56,60,71,88,89","",-1,-1,-1,-1,-1,-1,-1,-1,-1,-1,-1,-1,-1,-1,-1,-1,-1,-1,-1,-1,1.39,1.18,0.00,0.00,4.45,75,93,85,65,48,68,88,65,85,7.37,-0.60,0.00,0.00,0.00,0.00,0.00,0.00,0.00,0.00,0.00,N/A
1758974400,Sep 27 2025 - 12:00pm,complete,N/A,MPS Atletico Malmi,Töölön Taisto,N/A,21,1.95,1.45,1.81,1.41,4,4,8,4,3,1,"16,27,90,24","90'2,65,90'3,21",-1,-1,-1,-1,-1,-1,-1,-1,-1,-1,-1,-1,-1,-1,-1,-1,-1,-1,-1,-1,1.67,1.58,0.00,0.00,3.96,70,93,80,54,34,54,80,65,85,9.71,-0.72,0.00,0.00,0.00,0.00,0.00,0.00,0.00,0.00,0.00,Pukinmäki liikuntapuisto
1758974400,Sep 27 2025 - 12:00pm,complete,N/A,SexyPöxyt,EIF II,N/A,21,1.55,1.80,1.45,1.82,3,3,6,2,1,1,"29,49,79","39,48,90",9,1,0,0,0,0,0,0,0,0,13,5,7,5,6,0,15,16,57,43,2.00,1.77,1.73,0.92,4.95,63,93,83,75,60,55,78,73,78,10.53,-0.50,3.60,4.10,2.22,0.00,1.25,1.68,0.00,0.00,0.00,N/A
1758974400,Sep 27 2025 - 12:00pm,complete,N/A,SibboV,Kontu,N/A,N/A,1.60,1.15,1.64,1.23,2,2,4,2,0,2,"86,90'1","12,20",-1,-1,-1,-1,-1,-1,-1,-1,-1,-1,-1,-1,-1,-1,-1,-1,-1,-1,-1,-1,1.67,1.56,0.00,0.00,3.85,55,88,75,53,40,45,70,70,90,8.49,-0.85,0.00,0.00,0.00,0.00,0.00,0.00,0.00,0.00,0.00,N/A
1758978000,Sep 27 2025 - 1:00pm,complete,N/A,NuPS,VJS II,N/A,21,1.25,2.05,1.41,2.00,3,1,4,0,0,0,"","",8,5,0,0,0,0,0,0,0,0,20,12,15,6,5,6,13,6,38,62,1.62,1.73,2.59,1.52,4.03,60,90,80,63,38,60,83,63,83,10.29,-0.90,5.29,5.55,1.37,0.00,1.20,0.00,1.95,0.00,0.00,Kuoppanummi Nurmi
1758978900,Sep 27 2025 - 1:15pm,complete,N/A,HIFK,PKKU II,N/A,21,2.60,0.70,2.64,0.64,4,0,4,0,0,0,"82,53,59,90'2","",-1,-1,-1,-1,-1,-1,-1,-1,-1,-1,-1,-1,-1,-1,-1,-1,-1,-1,-1,-1,2.04,1.23,0.00,0.00,3.78,63,90,83,55,28,48,78,53,75,9.05,-0.75,0.00,0.00,0.00,0.00,0.00,0.00,0.00,0.00,0.00,N/A
1758979800,Sep 27 2025 - 1:30pm,complete,N/A,TuPS,JäPS II,N/A,21,1.55,1.89,1.55,1.86,1,0,1,1,1,0,"1","",-1,-1,-1,-1,-1,-1,-1,-1,-1,-1,-1,-1,-1,-1,-1,-1,-1,-1,-1,-1,1.37,1.93,0.00,0.00,3.40,54,90,72,42,24,44,80,55,75,10.61,-0.88,0.00,0.00,0.00,0.00,0.00,0.00,0.00,0.00,0.00,N/A
1759057200,Sep 28 2025 - 11:00am,complete,N/A,EPS II,EBK,N/A,21,1.65,2.26,1.50,2.36,2,6,8,5,1,4,"79,15","5,6,37,41,64,62",6,5,0,0,0,0,0,0,0,0,-1,-1,-1,-1,-1,-1,8,13,50,50,1.53,1.81,0.00,0.00,5.12,85,98,93,72,57,72,80,65,83,10.30,-0.51,4.95,5.15,1.40,0.00,0.00,0.00,0.00,0.00,0.00,N/A
1759254300,Sep 30 2025 - 5:45pm,complete,N/A,Atlantis / PM,EsPa,N/A,N/A,1.30,2.05,1.18,2.05,0,2,2,2,0,2,"","5,37",4,2,0,0,0,0,0,0,0,0,6,6,2,2,4,4,2,3,41,59,1.80,1.96,0.72,0.77,4.00,65,85,70,53,38,50,73,60,90,9.19,-0.95,5.50,6.00,1.29,0.00,1.25,1.65,0.00,0.00,0.00,Pukinmäki liikuntapuisto
1759339200,Oct 01 2025 - 5:20pm,complete,N/A,EBK,HooGee,N/A,12,2.30,2.05,2.36,1.86,5,0,5,3,3,0,"20,25,44,78,90","",11,1,0,0,0,0,0,0,0,0,23,8,11,3,12,5,5,2,64,36,1.81,1.82,2.71,1.04,5.60,78,98,90,75,63,75,90,73,93,9.92,-0.35,1.48,5.20,5.82,0.00,1.20,1.80,1.90,0.00,0.00,N/A
1759509900,Oct 03 2025 - 4:45pm,complete,N/A,Ponnistus,Ponnistajat,N/A,N/A,1.10,0.19,1.18,0.18,8,0,8,5,5,0,"10,18,43,6,29,83,89,75","",1,0,0,0,0,0,0,0,0,0,23,9,13,2,10,7,6,8,61,39,1.20,1.05,2.79,0.96,4.74,65,86,79,67,50,53,86,65,84,5.01,-0.95,1.04,15.47,15.26,0.00,1.10,0.00,1.65,0.00,0.00,N/A
1759510800,Oct 03 2025 - 5:00pm,complete,N/A,MPS,ToTe,N/A,N/A,0.76,1.95,0.77,1.91,2,2,4,0,0,0,"","",5,9,0,0,0,0,0,0,0,0,3,3,3,3,0,0,11,6,37,63,1.10,1.82,0.57,0.74,4.34,60,88,81,64,48,62,90,62,93,10.09,-1.09,10.00,7.67,1.12,0.00,1.16,1.57,1.73,0.00,0.00,Tapanilan nurmi
1759510800,Oct 03 2025 - 5:00pm,complete,N/A,Kontu,Gnistan / Ogeli,N/A,N/A,1.14,1.05,1.23,1.00,4,0,4,1,1,0,"44,49,69,90'1","",11,2,0,0,0,0,0,0,0,0,31,2,17,0,14,2,6,1,67,33,1.56,1.34,3.75,0.29,3.79,50,88,74,55,41,50,77,67,88,8.59,-0.90,1.28,5.22,5.08,0.00,1.16,1.80,2.23,0.00,0.00,Talin jalkapallohalli
1759510800,Oct 03 2025 - 5:00pm,complete,N/A,Atlantis / PM,SibboV,N/A,N/A,1.24,1.57,1.18,1.64,2,6,8,4,1,3,"42,62","15,25,26,50,57,83",5,7,0,0,0,0,0,0,0,0,8,18,7,12,1,6,5,10,39,61,1.73,1.67,1.09,2.17,4.22,74,90,79,58,46,57,72,62,88,8.72,-0.86,3.20,4.45,2.60,0.00,1.16,1.77,1.90,0.00,0.00,N/A
1759510800,Oct 03 2025 - 5:00pm,complete,N/A,Futura,EsPa,N/A,N/A,2.14,2.10,2.09,2.05,1,1,2,2,1,1,"28","34",-1,-1,-1,-1,-1,-1,-1,-1,-1,-1,-1,-1,-1,-1,-1,-1,-1,-1,-1,-1,1.51,1.89,0.00,0.00,3.48,55,79,62,45,31,43,74,62,79,5.59,-1.38,0.00,0.00,0.00,0.00,0.00,0.00,0.00,0.00,0.00,N/A
1759511700,Oct 03 2025 - 5:15pm,complete,N/A,PPJ / Ruoholahti,Valtti,N/A,N/A,1.52,2.38,1.45,2.41,1,10,11,6,1,5,"24","15,14,24,34,37,57,69,66,82,89",2,8,-1,-1,-1,-1,-1,-1,-1,-1,9,31,4,23,5,8,-1,-1,50,50,1.67,1.70,1.07,3.93,3.88,55,88,74,60,43,55,79,60,83,9.29,-1.38,5.25,4.70,1.44,0.00,1.28,1.77,0.00,0.00,0.00,N/A
1759582800,Oct 04 2025 - 1:00pm,complete,N/A,Töölön Taisto,TiPS,N/A,22,1.43,1.10,1.41,1.09,0,0,0,0,0,0,"","",6,5,-1,-1,-1,-1,-1,-1,-1,-1,-1,-1,-1,-1,-1,-1,-1,-1,-1,-1,1.58,1.68,0.00,0.00,4.31,69,93,84,62,38,55,81,62,86,10.77,-0.67,0.00,0.00,0.00,0.00,0.00,0.00,0.00,0.00,0.00,N/A
1759582800,Oct 04 2025 - 1:00pm,complete,N/A,HJK / Kantsu,HIFK,N/A,22,0.81,2.62,0.77,2.64,1,10,11,5,0,5,"75","5,29,8,36,37,57,47,55,54,85",-1,-1,-1,-1,-1,-1,-1,-1,-1,-1,-1,-1,-1,-1,-1,-1,-1,-1,-1,-1,1.18,2.04,0.00,0.00,4.27,60,93,86,64,43,53,79,67,81,9.03,-0.71,0.00,0.00,0.00,0.00,0.00,0.00,0.00,0.00,0.00,N/A
1759582800,Oct 04 2025 - 1:00pm,complete,N/A,JäPS II,MPS Atletico Malmi,N/A,22,1.80,1.90,1.86,1.81,3,1,4,3,2,1,"21,38,52","32",-1,-1,-1,-1,-1,-1,-1,-1,-1,-1,-1,-1,-1,-1,-1,-1,-1,-1,-1,-1,1.93,1.67,0.00,0.00,4.00,68,93,80,58,35,53,80,75,83,10.52,-0.95,0.00,0.00,0.00,0.00,0.00,0.00,0.00,0.00,0.00,N/A
1759582800,Oct 04 2025 - 1:00pm,complete,N/A,Lahti II,TuPS,N/A,22,1.19,1.62,1.27,1.55,2,1,3,1,1,0,"45'1,90'4","86",-1,-1,-1,-1,-1,-1,-1,-1,-1,-1,-1,-1,-1,-1,-1,-1,-1,-1,-1,-1,1.45,1.37,0.00,0.00,3.26,62,84,64,41,22,43,84,41,67,8.56,-0.95,0.00,0.00,0.00,0.00,0.00,0.00,0.00,0.00,0.00,N/A
1759582800,Oct 04 2025 - 1:00pm,complete,N/A,PKKU II,PPJ / Lauttasaari,N/A,22,0.67,1.19,0.64,1.27,1,2,3,2,0,2,"78","40,18",4,9,0,0,0,0,0,0,0,0,-1,-1,-1,-1,-1,-1,5,4,50,50,1.23,1.31,0.00,0.00,3.36,67,90,81,41,17,41,76,55,81,8.50,-0.76,0.00,0.00,0.00,0.00,0.00,0.00,0.00,0.00,0.00,N/A
1759582800,Oct 04 2025 - 1:00pm,complete,N/A,LPS,RiPS,N/A,22,1.48,1.33,1.55,1.27,7,1,8,4,3,1,"6,10,45,50,80,66,69","21",-1,-1,-1,-1,-1,-1,-1,-1,-1,-1,-1,-1,-1,-1,-1,-1,-1,-1,-1,-1,1.55,1.39,0.00,0.00,4.58,79,90,86,72,48,69,86,67,84,7.97,-0.66,0.00,0.00,0.00,0.00,0.00,0.00,0.00,0.00,0.00,Hertta Areena
1759669200,Oct 05 2025 - 1:00pm,complete,N/A,NuPS,Espoon Tikka,N/A,22,1.33,1.00,1.41,0.95,4,0,4,2,2,0,"15,18,68,83","",-1,-1,-1,-1,-1,-1,-1,-1,-1,-1,-1,-1,-1,-1,-1,-1,-1,-1,-1,-1,1.68,1.26,0.00,0.00,4.55,60,91,86,72,48,58,81,74,88,7.82,-0.66,0.00,0.00,0.00,0.00,0.00,0.00,0.00,0.00,0.00,Kuoppanummi Nurmi
1759669200,Oct 05 2025 - 1:00pm,complete,N/A,EsPa / Renat,Finnkurd,N/A,22,0.19,1.52,0.18,1.59,1,8,9,2,0,2,"47","11,30,52,60,62,83,86,89",-1,-1,-1,-1,-1,-1,-1,-1,-1,-1,-1,-1,-1,-1,-1,-1,-1,-1,-1,-1,1.01,1.13,0.00,0.00,6.76,69,100,93,86,79,65,83,81,86,5.08,-0.91,0.00,0.00,0.00,0.00,0.00,0.00,0.00,0.00,0.00,N/A
1759669200,Oct 05 2025 - 1:00pm,complete,232,EBK,SexyPöxyt,N/A,22,2.33,1.52,2.36,1.45,3,2,5,2,1,1,"38,53,58","6,90'3",2,6,-1,-1,-1,-1,-1,-1,-1,-1,-1,-1,-1,-1,-1,-1,-1,-1,-1,-1,1.87,1.98,0.00,0.00,5.12,69,93,88,74,60,72,86,69,81,12.18,-0.52,0.00,0.00,0.00,0.00,0.00,0.00,0.00,0.00,0.00,N/A
1759669200,Oct 05 2025 - 1:00pm,complete,N/A,VJS II,GrIFK U23,N/A,22,1.95,1.57,2.00,1.50,4,1,5,1,1,0,"37,51,47,79","87",4,6,-1,-1,-1,-1,-1,-1,-1,-1,-1,-1,-1,-1,-1,-1,-1,-1,-1,-1,1.72,1.32,0.00,0.00,4.17,65,93,76,58,41,58,74,60,81,9.38,-0.85,0.00,0.00,0.00,0.00,0.00,0.00,0.00,0.00,0.00,N/A
1759669200,Oct 05 2025 - 1:00pm,complete,N/A,FC Espoo,EPS II,N/A,22,0.52,1.57,0.64,1.50,7,3,10,3,2,1,"37,31,60,69,83,86,89","30,66,90'1",5,11,-1,-1,-1,-1,-1,-1,-1,-1,-1,-1,-1,-1,-1,-1,-1,-1,-1,-1,1.52,1.53,0.00,0.00,4.96,84,93,90,72,55,60,79,72,83,8.63,-0.66,0.00,0.00,0.00,0.00,0.00,0.00,0.00,0.00,0.00,N/A
1759669200,Oct 05 2025 - 1:00pm,complete,N/A,EIF II,HooGee,N/A,22,1.76,1.95,1.82,1.86,6,3,9,4,2,2,"5,22,46,57,82,90'4","13,24,77",-1,-1,-1,-1,-1,-1,-1,-1,-1,-1,-1,-1,-1,-1,-1,-1,-1,-1,-1,-1,1.72,1.77,0.00,0.00,5.45,69,98,86,79,67,62,83,79,90,8.40,-0.29,0.00,0.00,0.00,0.00,0.00,0.00,0.00,0.00,0.00,N/A
