timestamp,date_GMT,status,attendance,home_team_name,away_team_name,referee,Game Week,Pre-Match PPG (Home),Pre-Match PPG (Away),home_ppg,away_ppg,home_team_goal_count,away_team_goal_count,total_goal_count,total_goals_at_half_time,home_team_goal_count_half_time,away_team_goal_count_half_time,home_team_goal_timings,away_team_goal_timings,home_team_corner_count,away_team_corner_count,home_team_yellow_cards,home_team_red_cards,away_team_yellow_cards,away_team_red_cards,home_team_first_half_cards,home_team_second_half_cards,away_team_first_half_cards,away_team_second_half_cards,home_team_shots,away_team_shots,home_team_shots_on_target,away_team_shots_on_target,home_team_shots_off_target,away_team_shots_off_target,home_team_fouls,away_team_fouls,home_team_possession,away_team_possession,Home Team Pre-Match xG,Away Team Pre-Match xG,team_a_xg,team_b_xg,average_goals_per_match_pre_match,btts_percentage_pre_match,over_15_percentage_pre_match,over_25_percentage_pre_match,over_35_percentage_pre_match,over_45_percentage_pre_match,over_15_HT_FHG_percentage_pre_match,over_05_HT_FHG_percentage_pre_match,over_15_2HG_percentage_pre_match,over_05_2HG_percentage_pre_match,average_corners_per_match_pre_match,average_cards_per_match_pre_match,odds_ft_home_team_win,odds_ft_draw,odds_ft_away_team_win,odds_ft_over15,odds_ft_over25,odds_ft_over35,odds_ft_over45,odds_btts_yes,odds_btts_no,stadium_name
1776272400,Apr 15 2026 - 5:00pm,complete,N/A,VJS II,LPS,N/A,N/A,0.00,0.00,1.43,1.79,1,2,3,0,0,0,"","",-1,-1,-1,-1,-1,-1,-1,-1,-1,-1,-1,-1,-1,-1,-1,-1,-1,-1,-1,-1,0.00,0.00,0.00,0.00,0.00,0,0,0,0,0,0,0,0,0,0.00,0.00,0.00,0.00,0.00,0.00,0.00,0.00,0.00,0.00,0.00,N/A
1776438000,Apr 17 2026 - 3:00pm,complete,N/A,NuPS,MPS,N/A,N/A,0.00,0.00,1.57,0.86,1,0,1,0,0,0,"75","",5,7,-1,-1,-1,-1,-1,-1,-1,-1,16,7,7,3,9,4,-1,-1,60,40,0.00,0.00,1.94,1.11,0.00,0,0,0,0,0,0,0,0,0,0.00,0.00,1.42,5.55,4.10,0.00,1.28,0.00,0.00,0.00,0.00,Kuoppanummi Nurmi
1776439800,Apr 17 2026 - 3:30pm,complete,N/A,EIF II,PPJ / Ruoholahti,N/A,N/A,0.00,0.00,2.43,1.07,10,2,12,6,5,1,"1,13,14,27,45,51,57,73,88,90","39,54",5,2,-1,-1,-1,-1,-1,-1,-1,-1,17,6,14,5,3,1,-1,-1,44,56,0.00,0.00,2.39,1.07,0.00,0,0,0,0,0,0,0,0,0,0.00,0.00,1.35,5.35,5.35,0.00,1.20,0.00,0.00,0.00,0.00,N/A
1776439800,Apr 17 2026 - 3:30pm,complete,N/A,RiPS,Futura,N/A,N/A,0.00,0.00,1.69,2.67,1,5,6,4,1,3,"38","8,20,31,49,55",-1,-1,-1,-1,-1,-1,-1,-1,-1,-1,-1,-1,-1,-1,-1,-1,-1,-1,-1,-1,0.00,0.00,0.00,0.00,0.00,0,0,0,0,0,0,0,0,0,0.00,0.00,0.00,0.00,0.00,0.00,0.00,0.00,0.00,0.00,0.00,N/A
1776442500,Apr 17 2026 - 4:15pm,complete,N/A,EsPa,LoPa,N/A,N/A,0.00,0.00,2.43,1.36,0,1,1,0,0,0,"","84",5,3,-1,-1,-1,-1,-1,-1,-1,-1,7,9,3,6,4,3,-1,-1,43,57,0.00,0.00,1.01,1.29,0.00,0,0,0,0,0,0,0,0,0,0.00,0.00,1.50,4.60,4.20,0.00,1.40,0.00,0.00,0.00,0.00,Matinkylän urheilupuisto
1776444300,Apr 17 2026 - 4:45pm,complete,N/A,PPS,MPS Atletico Malmi,N/A,N/A,0.00,0.00,0.43,2.07,1,2,3,1,0,1,"63","35,75",1,8,-1,-1,-1,-1,-1,-1,-1,-1,1,2,1,2,0,0,-1,-1,40,60,0.00,0.00,0.44,0.75,0.00,0,0,0,0,0,0,0,0,0,0.00,0.00,13.00,6.00,1.15,0.00,1.22,0.00,0.00,0.00,0.00,N/A
1776445200,Apr 17 2026 - 5:00pm,complete,N/A,MK-United,Lahti II,N/A,N/A,0.00,0.00,1.00,1.69,1,0,1,1,1,0,"13","",11,3,-1,-1,-1,-1,-1,-1,-1,-1,1,0,1,0,0,0,-1,-1,44,56,0.00,0.00,0.63,0.69,0.00,0,0,0,0,0,0,0,0,0,0.00,0.00,1.34,5.65,5.00,0.00,1.16,0.00,0.00,0.00,0.00,N/A
1776446100,Apr 17 2026 - 5:15pm,complete,N/A,SexyPöxyt,HooGee,N/A,N/A,0.00,0.00,1.79,0.71,3,1,4,0,0,0,"88,81,90'9","77",3,4,-1,-1,-1,-1,-1,-1,-1,-1,10,8,7,3,3,5,-1,-1,54,46,0.00,0.00,1.47,1.06,0.00,0,0,0,0,0,0,0,0,0,0.00,0.00,2.70,4.32,1.96,0.00,1.20,0.00,0.00,0.00,0.00,N/A
1776446100,Apr 17 2026 - 5:15pm,complete,N/A,Kontu,Atlantis / PM,N/A,N/A,0.00,0.00,1.00,1.21,2,2,4,1,0,1,"65,64","27,56",3,7,-1,-1,-1,-1,-1,-1,-1,-1,2,14,2,11,0,3,-1,-1,46,54,0.00,0.00,0.60,2.09,0.00,0,0,0,0,0,0,0,0,0,0.00,0.00,2.00,4.60,2.35,0.00,1.16,0.00,0.00,0.00,0.00,Talin jalkapallohalli
1776446100,Apr 17 2026 - 5:15pm,complete,N/A,Atlantis II,TiPS / 2,N/A,N/A,0.00,0.00,1.36,0.57,3,1,4,1,1,0,"23,70,78","59",-1,-1,-1,-1,-1,-1,-1,-1,-1,-1,-1,-1,-1,-1,-1,-1,-1,-1,-1,-1,0.00,0.00,0.00,0.00,0.00,0,0,0,0,0,0,0,0,0,0.00,0.00,0.00,0.00,0.00,0.00,0.00,0.00,0.00,0.00,0.00,N/A
1776446100,Apr 17 2026 - 5:15pm,complete,N/A,Gnistan / Ogeli,JäPS II,N/A,N/A,0.00,0.00,1.14,1.85,2,2,4,1,0,1,"59,83","10,64",4,10,-1,-1,-1,-1,-1,-1,-1,-1,8,15,5,6,3,9,-1,-1,52,48,0.00,0.00,1.34,2.00,0.00,0,0,0,0,0,0,0,0,0,0.00,0.00,8.75,6.25,1.08,0.00,1.20,0.00,0.00,0.00,0.00,Mustapekka Areena
1776506400,Apr 18 2026 - 10:00am,complete,N/A,SibboV,Ponnistus,N/A,N/A,0.00,0.00,2.08,0.85,3,1,4,2,2,0,"9,37,90'1","74",9,4,-1,-1,-1,-1,-1,-1,-1,-1,20,7,9,3,11,4,-1,-1,43,57,0.00,0.00,2.37,1.05,0.00,0,0,0,0,0,0,0,0,0,0.00,0.00,1.72,4.40,3.00,0.00,1.25,0.00,0.00,0.00,0.00,N/A
1776531600,Apr 18 2026 - 5:00pm,complete,N/A,TuPS,ToTe / Tapio,N/A,N/A,0.00,0.00,1.36,0.46,3,0,3,2,2,0,"82,23,45'2","",1,0,-1,-1,-1,-1,-1,-1,-1,-1,10,2,5,0,5,2,-1,-1,60,40,0.00,0.00,1.63,0.37,0.00,0,0,0,0,0,0,0,0,0,0.00,0.00,0.00,0.00,0.00,0.00,1.36,0.00,0.00,0.00,0.00,N/A
1776597300,Apr 19 2026 - 11:15am,complete,N/A,EPS II,GrIFK U23,N/A,N/A,0.00,0.00,0.86,1.00,2,2,4,2,1,1,"45,85","65,24",6,3,-1,-1,-1,-1,-1,-1,-1,-1,10,7,5,4,5,3,-1,-1,59,41,0.00,0.00,1.38,0.95,0.00,0,0,0,0,0,0,0,0,0,0.00,0.00,3.88,5.17,1.50,0.00,1.22,0.00,0.00,0.00,0.00,N/A
1776609000,Apr 19 2026 - 2:30pm,complete,N/A,Gilla,LePa,N/A,N/A,0.00,0.00,1.21,1.86,4,1,5,1,0,1,"90'3,52,71,47","23",4,4,-1,-1,-1,-1,-1,-1,-1,-1,9,7,5,3,4,4,-1,-1,63,37,0.00,0.00,1.42,1.10,0.00,0,0,0,0,0,0,0,0,0,0.00,0.00,1.65,4.25,3.75,0.00,1.30,0.00,0.00,0.00,0.00,N/A
1776878100,Apr 22 2026 - 5:15pm,complete,N/A,LePa,SexyPöxyt,N/A,N/A,0.00,3.00,1.86,1.79,1,1,2,2,1,1,"13","6",7,3,-1,-1,-1,-1,-1,-1,-1,-1,9,14,3,8,6,6,-1,-1,43,57,1.10,1.47,1.05,1.74,4.50,100,100,100,100,50,0,50,100,100,7.00,-2.00,3.22,5.05,1.71,0.00,1.22,0.00,0.00,0.00,0.00,N/A
1776956400,Apr 23 2026 - 3:00pm,complete,N/A,Gilla,MPS,N/A,N/A,3.00,0.00,1.21,0.86,1,1,2,2,1,1,"16","34",6,4,-1,-1,-1,-1,-1,-1,-1,-1,16,6,7,3,9,3,-1,-1,73,27,1.42,1.11,2.17,0.86,3.00,50,50,50,50,50,0,50,50,100,11.00,-2.00,1.11,8.00,17.00,0.00,1.20,0.00,0.00,0.00,0.00,N/A
1776960900,Apr 23 2026 - 4:15pm,complete,N/A,Atlantis / PM,VJS II,N/A,N/A,1.00,0.00,1.21,1.43,3,6,9,5,2,3,"19,45'2,68","38,3,36,71,59,82",6,11,-1,-1,-1,-1,-1,-1,-1,-1,12,30,10,20,2,10,-1,-1,46,54,2.09,0.00,1.92,3.82,3.50,100,100,100,50,0,0,50,50,50,7.00,-2.00,2.50,4.00,1.35,0.00,1.28,0.00,0.00,0.00,0.00,N/A
1776963600,Apr 23 2026 - 5:00pm,complete,N/A,Töölön Taisto,MPS Atletico Malmi,N/A,N/A,0.00,3.00,1.08,2.07,0,4,4,1,0,1,"","20,68,83,76",5,2,-1,-1,-1,-1,-1,-1,-1,-1,6,10,2,6,4,4,-1,-1,55,45,0.00,0.75,0.99,1.42,1.50,50,50,50,0,0,0,50,50,50,8.00,-1.00,2.50,4.00,2.18,0.00,1.25,0.00,0.00,0.00,0.00,N/A
1776963600,Apr 23 2026 - 5:00pm,complete,N/A,PPJ / Ruoholahti,EsPa,N/A,N/A,0.00,0.00,1.07,2.43,1,2,3,0,0,0,"78","51,79",2,5,-1,-1,-1,-1,-1,-1,-1,-1,10,12,4,9,6,3,-1,-1,49,51,1.07,1.01,1.13,1.80,6.50,50,50,50,50,50,50,50,50,100,7.00,-2.00,5.50,4.90,1.48,0.00,1.28,0.00,0.00,0.00,0.00,N/A
1776964500,Apr 23 2026 - 5:15pm,complete,N/A,TiPS / 2,Gnistan / Ogeli,N/A,N/A,0.00,1.00,0.57,1.14,1,1,2,0,0,0,"50","57",5,7,-1,-1,-1,-1,-1,-1,-1,-1,11,19,6,6,5,13,-1,-1,49,51,0.00,1.34,1.61,2.20,4.00,100,100,100,100,0,0,100,100,100,4.00,-2.00,2.25,3.75,2.50,0.00,1.40,0.00,0.00,0.00,0.00,N/A
1776964500,Apr 23 2026 - 5:15pm,complete,N/A,HooGee,NuPS,N/A,N/A,0.00,3.00,0.71,1.57,2,0,2,1,1,0,"3,50","",4,2,-1,-1,-1,-1,-1,-1,-1,-1,9,14,4,10,5,4,-1,-1,49,51,1.06,1.94,1.24,2.03,2.50,50,50,50,50,0,0,0,50,100,9.00,-2.00,1.80,4.50,3.15,0.00,1.20,0.00,0.00,0.00,0.00,N/A
1776964500,Apr 23 2026 - 5:15pm,complete,N/A,HPS II,Kontu,N/A,N/A,0.00,1.00,1.07,1.00,2,2,4,1,0,1,"50,59","1,61",6,2,-1,-1,-1,-1,-1,-1,-1,-1,10,10,6,4,4,6,-1,-1,55,45,0.00,0.60,1.44,1.29,2.00,50,50,50,50,0,0,50,50,50,3.00,-1.00,2.63,4.05,1.95,0.00,1.33,0.00,0.00,0.00,0.00,N/A
1777043700,Apr 24 2026 - 3:15pm,complete,N/A,LPS,PPJ / Lauttasaari,N/A,N/A,3.00,0.00,1.79,1.86,3,5,8,4,3,1,"4,36,39","89,26,66,67,90'4",1,11,-1,-1,-1,-1,-1,-1,-1,-1,5,18,4,10,1,8,-1,-1,41,59,0.00,0.00,0.85,2.56,1.50,50,50,50,0,0,0,0,0,0,0.00,-1.00,1.82,4.05,2.51,0.00,1.33,0.00,0.00,0.00,0.00,Hertta Areena
1777044600,Apr 24 2026 - 3:30pm,complete,N/A,Futura,TuPS,N/A,N/A,3.00,3.00,2.67,1.36,1,0,1,0,0,0,"90'4","",-1,-1,-1,-1,-1,-1,-1,-1,-1,-1,-1,-1,-1,-1,-1,-1,-1,-1,-1,-1,0.00,1.63,0.00,0.00,4.50,50,100,100,50,50,100,100,50,100,1.00,-2.00,0.00,0.00,0.00,0.00,0.00,0.00,0.00,0.00,0.00,N/A
1777048200,Apr 24 2026 - 4:30pm,complete,N/A,Valtti,TiPS,N/A,N/A,0.00,0.00,1.57,1.23,3,2,5,2,1,1,"79,80,13","87,20",3,5,-1,-1,-1,-1,-1,-1,-1,-1,9,10,6,7,3,3,-1,-1,48,52,0.00,0.00,1.24,1.38,0.00,0,0,0,0,0,0,0,0,0,0.00,0.00,1.61,4.20,3.80,0.00,1.22,0.00,0.00,0.00,0.00,N/A
1777049100,Apr 24 2026 - 4:45pm,complete,N/A,PPS,ToTe,N/A,N/A,0.00,0.00,0.43,2.07,0,2,2,0,0,0,"","63,80",1,8,-1,-1,-1,-1,-1,-1,-1,-1,2,9,1,5,1,4,-1,-1,34,66,0.44,0.00,0.53,1.72,1.50,50,50,50,0,0,0,50,50,50,1.00,-1.00,6.70,5.48,1.36,0.00,1.33,0.00,0.00,0.00,0.00,N/A
1777109400,Apr 25 2026 - 9:30am,complete,0,ToTe / Tapio,SibboV,N/A,N/A,0.00,3.00,0.46,2.08,1,4,5,2,0,2,"50","24,17,55,77",0,5,-1,-1,-1,-1,-1,-1,-1,-1,7,15,4,13,3,2,-1,-1,55,45,0.37,2.37,0.98,2.18,3.50,50,100,100,50,0,100,100,50,100,9.00,-2.00,8.00,6.50,1.20,0.00,1.22,0.00,0.00,0.00,0.00,N/A
1777133700,Apr 25 2026 - 4:15pm,complete,N/A,Ponnistus,RiPS,N/A,N/A,0.00,0.00,0.85,1.69,3,1,4,3,3,0,"44,24,28","71",2,5,-1,-1,-1,-1,-1,-1,-1,-1,8,9,7,5,1,4,-1,-1,40,60,1.05,0.00,1.14,1.07,5.00,100,100,100,100,50,100,100,100,100,4.00,-2.00,1.95,4.10,2.35,0.00,1.25,0.00,0.00,0.00,0.00,N/A
1777194000,Apr 26 2026 - 9:00am,complete,N/A,Lahti II,Atlantis II,N/A,N/A,0.00,3.00,1.69,1.36,1,0,1,1,1,0,"24","",7,4,-1,-1,-1,-1,-1,-1,-1,-1,10,11,4,5,6,6,-1,-1,54,46,0.69,0.00,1.42,1.49,2.50,50,50,50,50,0,0,100,50,50,3.00,-2.00,2.70,4.10,2.06,0.00,0.00,0.00,0.00,0.00,0.00,N/A
1777197600,Apr 26 2026 - 10:00am,complete,N/A,JäPS II,MK-United,N/A,N/A,1.00,3.00,1.85,1.00,2,1,3,1,0,1,"53,90'7","38",9,3,-1,-1,-1,-1,-1,-1,-1,-1,9,12,5,4,4,8,-1,-1,51,49,2.00,0.63,1.22,1.39,2.50,50,50,50,50,0,0,100,50,50,21.00,-2.00,1.41,4.90,4.70,0.00,1.33,0.00,0.00,0.00,0.00,N/A
1777204800,Apr 26 2026 - 12:00pm,complete,N/A,GrIFK U23,EIF II,N/A,N/A,1.00,3.00,1.00,2.43,1,3,4,2,1,1,"7","87,66,10",0,9,-1,-1,-1,-1,-1,-1,-1,-1,3,7,1,5,2,2,-1,-1,44,56,0.95,2.39,0.60,1.27,8.00,100,100,100,100,50,100,100,100,100,8.00,-2.00,0.00,0.00,0.00,0.00,0.00,0.00,0.00,0.00,0.00,N/A
1777212000,Apr 26 2026 - 2:00pm,complete,N/A,EPS II,LoPa,N/A,N/A,1.00,3.00,0.86,1.36,0,1,1,1,0,1,"","44",0,5,-1,-1,-1,-1,-1,-1,-1,-1,8,19,3,5,5,14,-1,-1,52,48,1.38,1.29,1.46,2.16,2.50,50,50,50,50,0,50,50,50,100,9.00,-2.00,0.00,0.00,0.00,0.00,0.00,0.00,0.00,0.00,0.00,N/A
1777392900,Apr 28 2026 - 4:15pm,complete,N/A,HooGee,PPJ / Ruoholahti,N/A,N/A,1.50,0.00,0.71,1.07,2,2,4,1,1,0,"72,16","53,61",4,2,-1,-1,-1,-1,-1,-1,-1,-1,9,6,5,5,4,1,-1,-1,51,49,1.15,1.10,1.23,1.03,5.25,75,100,75,50,25,25,50,75,100,6.00,-2.00,1.38,5.50,5.20,0.00,1.22,0.00,0.00,0.00,0.00,N/A
1777399200,Apr 28 2026 - 6:00pm,complete,N/A,HPS II,PPJ / Lauttasaari,N/A,N/A,1.00,3.00,1.07,1.86,2,6,8,4,1,3,"64,34","44,80,9,83,30,89",8,5,-1,-1,-1,-1,-1,-1,-1,-1,12,24,7,14,5,10,-1,-1,37,63,1.44,2.56,1.68,3.04,6.00,100,100,100,100,50,50,100,100,100,17.00,-2.00,3.38,3.80,1.85,0.00,1.33,1.95,0.00,0.00,0.00,N/A
1777474800,Apr 29 2026 - 3:00pm,complete,N/A,Gilla,SexyPöxyt,N/A,N/A,2.00,2.00,1.21,1.79,1,2,3,3,1,2,"19","41,8",5,4,-1,-1,-1,-1,-1,-1,-1,-1,11,14,6,4,5,10,-1,-1,51,49,1.79,1.61,1.51,1.52,3.25,100,100,50,50,25,50,75,50,50,8.00,-2.00,1.66,4.33,3.15,0.00,1.33,0.00,0.00,0.00,0.00,N/A
1777483800,Apr 29 2026 - 5:30pm,complete,N/A,MPS Atletico Malmi,Kontu,N/A,N/A,3.00,1.00,2.07,1.00,4,2,6,3,3,0,"4,26,28,52","90,65",3,10,-1,-1,-1,-1,-1,-1,-1,-1,15,14,12,5,3,9,-1,-1,41,59,1.08,0.95,2.05,1.78,3.75,75,100,100,75,0,0,100,100,100,7.50,-2.00,1.64,4.10,3.65,0.00,1.25,0.00,0.00,0.00,0.00,Pukinmäki liikuntapuisto
1777720500,May 02 2026 - 11:15am,complete,N/A,MK-United,SibboV,N/A,N/A,1.50,3.00,1.00,2.08,3,0,3,0,0,0,"51,49,62","",6,1,-1,-1,-1,-1,-1,-1,-1,-1,10,2,6,1,4,1,-1,-1,48,52,1.01,2.27,1.58,0.73,3.25,75,75,75,50,25,50,100,75,75,14.00,-2.00,2.43,4.20,2.16,0.00,1.22,0.00,0.00,0.00,0.00,N/A
1777724100,May 02 2026 - 12:15pm,complete,N/A,PPJ / Lauttasaari,ToTe,N/A,N/A,3.00,3.00,1.86,2.07,1,0,1,1,1,0,"16","",-1,-1,-1,-1,-1,-1,-1,-1,-1,-1,-1,-1,-1,-1,-1,-1,-1,-1,-1,-1,2.80,1.72,0.00,0.00,5.00,50,100,50,50,50,50,50,100,100,16.00,-2.00,0.00,0.00,0.00,0.00,0.00,0.00,0.00,0.00,0.00,N/A
1777727700,May 02 2026 - 1:15pm,complete,N/A,Atlantis II,TuPS,N/A,N/A,1.50,1.50,1.36,1.36,1,0,1,1,1,0,"6","",-1,-1,-1,-1,-1,-1,-1,-1,-1,-1,-1,-1,-1,-1,-1,-1,-1,-1,-1,-1,1.49,1.63,0.00,0.00,2.25,25,50,50,25,0,25,75,25,75,5.00,-2.00,0.00,0.00,0.00,0.00,0.00,0.00,0.00,0.00,0.00,N/A
1777731300,May 02 2026 - 2:15pm,complete,N/A,HPS II,Atlantis / PM,N/A,N/A,0.50,0.50,1.07,1.21,4,2,6,3,2,1,"6,19,59,82","27,77",-1,-1,-1,-1,-1,-1,-1,-1,-1,-1,-1,-1,-1,-1,-1,-1,-1,-1,-1,-1,1.56,2.01,0.00,0.00,6.25,100,100,100,100,50,50,100,100,100,13.50,-2.00,0.00,0.00,0.00,0.00,0.00,0.00,0.00,0.00,0.00,N/A
1777743000,May 02 2026 - 5:30pm,complete,N/A,Valtti,Töölön Taisto,N/A,N/A,3.00,0.00,1.57,1.08,2,0,2,1,1,0,"17,49","",11,5,-1,-1,-1,-1,-1,-1,-1,-1,5,8,3,1,2,7,-1,-1,56,44,1.24,0.99,0.94,1.16,4.50,50,100,100,100,50,50,100,100,100,8.00,-2.00,1.40,4.80,5.00,0.00,1.30,0.00,0.00,0.00,0.00,N/A
1777798800,May 03 2026 - 9:00am,complete,N/A,Gnistan / Ogeli,RiPS,N/A,N/A,1.00,0.00,1.14,1.69,1,2,3,1,0,1,"83","39,76",4,2,-1,-1,-1,-1,-1,-1,-1,-1,14,9,5,6,9,3,-1,-1,56,44,1.77,1.07,1.61,1.32,4.00,100,100,75,75,25,50,75,75,100,10.50,-2.00,1.67,4.20,3.61,0.00,0.00,0.00,0.00,0.00,0.00,Mustapekka Areena
1777809600,May 03 2026 - 12:00pm,complete,N/A,NuPS,EsPa,N/A,N/A,1.50,1.50,1.57,2.43,0,2,2,0,0,0,"","78,58",2,7,-1,-1,-1,-1,-1,-1,-1,-1,-1,-1,-1,-1,-1,-1,-1,-1,-1,-1,1.98,1.41,0.00,0.00,1.75,25,50,25,0,0,0,25,25,100,8.50,-2.00,0.00,0.00,0.00,0.00,0.00,0.00,0.00,0.00,0.00,Kuoppanummi Nurmi
1777809600,May 03 2026 - 12:00pm,complete,N/A,GrIFK U23,MPS,N/A,N/A,0.50,0.50,1.00,0.86,2,4,6,4,1,3,"47,15","82,26,22,11",2,4,-1,-1,-1,-1,-1,-1,-1,-1,21,12,7,7,14,5,-1,-1,42,58,0.77,0.98,2.58,1.79,2.75,75,75,50,50,0,75,75,50,75,7.00,-2.00,1.13,7.00,11.00,0.00,1.28,0.00,0.00,0.00,0.00,N/A
1777813200,May 03 2026 - 1:00pm,complete,N/A,JäPS II,Lahti II,N/A,N/A,2.00,1.50,1.85,1.69,0,0,0,0,0,0,"","",7,5,-1,-1,-1,-1,-1,-1,-1,-1,9,7,1,3,8,4,-1,-1,45,55,1.61,1.05,1.27,1.02,2.25,50,50,50,25,0,0,100,50,50,14.50,-2.00,1.30,5.00,5.86,0.00,1.33,0.00,0.00,0.00,0.00,N/A
1777816800,May 03 2026 - 2:00pm,complete,N/A,Futura,ToTe / Tapio,N/A,N/A,3.00,0.00,2.67,0.46,2,2,4,1,0,1,"78,87","45,48",-1,-1,-1,-1,-1,-1,-1,-1,-1,-1,-1,-1,-1,-1,-1,-1,-1,-1,-1,-1,0.00,0.67,0.00,0.00,3.75,50,75,75,50,50,75,75,50,100,0.00,-2.00,0.00,0.00,0.00,0.00,0.00,0.00,0.00,0.00,0.00,N/A
1777817700,May 03 2026 - 2:15pm,complete,N/A,Ponnistus,TiPS / 2,N/A,N/A,1.50,0.50,0.85,0.57,1,0,1,0,0,0,"48","",-1,-1,-1,-1,-1,-1,-1,-1,-1,-1,-1,-1,-1,-1,-1,-1,-1,-1,-1,-1,1.10,1.61,0.00,0.00,3.50,100,100,75,75,0,50,75,75,100,8.00,-2.00,0.00,0.00,0.00,0.00,0.00,0.00,0.00,0.00,0.00,N/A
1777820400,May 03 2026 - 3:00pm,complete,N/A,LPS,PPS,N/A,N/A,1.50,0.00,1.79,0.43,3,0,3,0,0,0,"","",6,7,-1,-1,-1,-1,-1,-1,-1,-1,-1,-1,-1,-1,-1,-1,-1,-1,-1,-1,0.85,0.48,0.00,0.00,4.00,75,100,75,25,25,25,50,75,75,2.00,-2.00,0.00,0.00,0.00,0.00,0.00,0.00,0.00,0.00,0.00,Hertta Areena
1777822200,May 03 2026 - 3:30pm,complete,N/A,LoPa,LePa,N/A,N/A,3.00,0.50,1.36,1.86,1,3,4,2,1,1,"38","20,56,71",-1,-1,-1,-1,-1,-1,-1,-1,-1,-1,-1,-1,-1,-1,-1,-1,-1,-1,-1,-1,1.72,1.07,0.00,0.00,2.25,50,50,25,25,25,25,75,25,50,9.50,-2.00,0.00,0.00,0.00,0.00,0.00,0.00,0.00,0.00,0.00,Harjun urheilukenttä
1777914900,May 04 2026 - 5:15pm,complete,N/A,TiPS,VJS II,N/A,N/A,0.00,1.50,1.23,1.43,5,2,7,4,2,2,"20,15,50,56,90'5","21,28",5,4,0,0,0,0,0,0,0,0,18,20,9,8,9,12,12,9,43,57,1.38,3.82,2.15,2.26,5.50,100,100,100,75,75,75,75,75,75,16.00,-2.00,3.40,4.46,1.78,0.00,1.22,0.00,0.00,0.00,0.00,Tikkurila urheilupuisto nurmi
1778085000,May 06 2026 - 4:30pm,complete,N/A,Lahti II,Ponnistus,N/A,N/A,1.33,2.00,1.69,0.85,2,1,3,1,1,0,"43,88","90'7",3,6,-1,-1,-1,-1,-1,-1,-1,-1,2,1,2,1,0,0,-1,-1,47,53,1.04,1.10,0.79,0.74,1.84,34,34,34,34,0,34,67,17,50,8.00,-2.00,1.92,3.72,3.15,0.00,1.33,0.00,0.00,0.00,0.00,N/A
1778087700,May 06 2026 - 5:15pm,complete,N/A,LePa,HooGee,N/A,N/A,1.33,1.33,1.86,0.71,3,1,4,1,1,0,"30,53,72","83",7,5,0,0,0,0,0,0,0,0,10,11,6,4,4,7,12,8,52,48,1.07,1.18,1.49,1.40,3.50,84,100,67,67,17,34,84,67,84,9.50,-2.00,2.50,3.96,2.17,0.00,1.28,0.00,0.00,0.00,0.00,N/A
1778166000,May 07 2026 - 3:00pm,complete,N/A,Töölön Taisto,LPS,N/A,N/A,0.00,2.00,1.08,1.79,2,2,4,3,2,1,"21,3","45'1,90'1",4,5,0,0,0,0,0,0,0,0,6,4,3,3,3,1,9,10,39,61,1.08,0.85,0.93,0.87,3.84,34,100,75,42,17,17,67,42,67,8.50,-2.00,2.36,3.80,2.24,0.00,1.28,0.00,0.00,0.00,0.00,N/A
1778169600,May 07 2026 - 4:00pm,complete,N/A,EIF II,NuPS,N/A,N/A,3.00,1.00,2.43,1.57,0,2,2,1,0,1,"","57,5",3,6,-1,-1,-1,-1,-1,-1,-1,-1,1,6,0,2,1,4,-1,-1,56,44,1.83,1.98,0.15,0.60,4.84,50,84,50,50,25,50,67,67,100,10.00,-2.00,1.26,7.10,6.02,0.00,1.14,0.00,0.00,0.00,0.00,N/A
1778170500,May 07 2026 - 4:15pm,complete,N/A,Kontu,PPJ / Lauttasaari,N/A,N/A,0.67,3.00,1.00,1.86,0,0,0,0,0,0,"","",4,8,0,0,0,0,0,0,0,0,5,10,1,5,4,5,9,6,41,59,1.23,2.80,0.80,1.58,5.17,84,84,84,84,50,50,100,84,84,13.00,-2.00,3.30,3.80,1.75,0.00,1.20,0.00,0.00,0.00,0.00,Talin jalkapallohalli
1778173200,May 07 2026 - 5:00pm,complete,N/A,PPJ / Ruoholahti,GrIFK U23,N/A,N/A,0.33,0.33,1.07,1.00,1,1,2,2,1,1,"15","4",4,9,-1,-1,-1,-1,-1,-1,-1,-1,17,18,6,8,11,10,-1,-1,53,47,1.08,1.37,1.87,2.15,5.50,100,100,100,84,33,67,84,100,100,3.67,-2.00,2.43,4.00,2.05,0.00,1.36,0.00,0.00,0.00,0.00,N/A
1778174100,May 07 2026 - 5:15pm,complete,N/A,TiPS / 2,Futura,N/A,N/A,0.33,2.33,0.57,2.67,2,3,5,1,1,0,"65,19","54,77,79",-1,-1,-1,-1,-1,-1,-1,-1,-1,-1,-1,-1,-1,-1,-1,-1,-1,-1,-1,-1,1.61,0.00,0.00,0.00,3.00,67,67,50,50,17,17,50,67,100,5.00,-2.00,0.00,0.00,0.00,0.00,0.00,0.00,0.00,0.00,0.00,N/A
1778252400,May 08 2026 - 3:00pm,complete,N/A,ToTe / Tapio,JäPS II,N/A,N/A,0.33,1.67,0.46,1.85,1,3,4,4,1,3,"11","3,13,32",3,14,0,0,0,0,0,0,0,0,2,16,1,8,1,8,5,11,43,57,0.67,1.50,0.62,2.35,3.17,67,84,84,50,17,34,84,67,84,8.67,-2.00,6.00,5.00,1.33,0.00,1.30,0.00,0.00,0.00,0.00,N/A
1778256000,May 08 2026 - 4:00pm,complete,N/A,MPS,LoPa,N/A,N/A,1.33,2.00,0.86,1.36,0,2,2,2,0,2,"","1,45",-1,-1,-1,-1,-1,-1,-1,-1,-1,-1,-1,-1,-1,-1,-1,-1,-1,-1,-1,-1,1.25,1.72,0.00,0.00,2.50,50,50,33,33,17,50,67,33,67,9.00,-2.00,0.00,0.00,0.00,0.00,0.00,0.00,0.00,0.00,0.00,N/A
1778256900,May 08 2026 - 4:15pm,complete,N/A,EsPa,Gilla,N/A,N/A,2.00,1.33,2.43,1.21,6,1,7,2,2,0,"13,42,52,62,66,76","71",3,6,0,0,0,0,0,0,0,0,14,10,11,3,3,7,16,10,61,39,1.41,1.70,2.04,1.27,2.67,67,84,50,17,17,34,50,50,67,10.67,-2.00,1.56,4.20,4.10,0.00,1.36,0.00,0.00,0.00,0.00,Matinkylän urheilupuisto
1778258700,May 08 2026 - 4:45pm,complete,N/A,PPS,HPS II,N/A,N/A,0.00,1.33,0.43,1.07,2,3,5,0,0,0,"","",-1,-1,-1,-1,-1,-1,-1,-1,-1,-1,-1,-1,-1,-1,-1,-1,-1,-1,-1,-1,0.48,1.56,0.00,0.00,4.34,67,100,84,50,34,34,67,84,84,10.00,-2.00,0.00,0.00,0.00,0.00,0.00,0.00,0.00,0.00,0.00,N/A
1778259600,May 08 2026 - 5:00pm,complete,N/A,ToTe,TiPS,N/A,N/A,1.50,1.50,2.07,1.23,2,0,2,0,0,0,"47,70","",-1,-1,0,0,0,0,0,0,0,0,-1,-1,-1,-1,-1,-1,9,6,50,50,1.72,1.77,0.00,0.00,3.75,50,75,50,50,50,50,75,75,75,13.00,-1.50,2.05,4.00,2.70,0.00,1.12,0.00,0.00,0.00,0.00,N/A
1778260500,May 08 2026 - 5:15pm,complete,N/A,Gnistan / Ogeli,MK-United,N/A,N/A,0.67,2.00,1.14,1.00,2,2,4,4,2,2,"33,37","10,3",2,5,0,0,0,0,0,0,0,0,7,9,2,4,5,5,19,10,54,46,1.72,1.20,0.98,1.39,2.67,67,84,67,17,0,0,67,84,84,11.67,-2.00,5.75,5.60,1.30,0.00,1.20,0.00,0.00,0.00,0.00,Mustapekka Areena
1778320800,May 09 2026 - 10:00am,complete,N/A,SibboV,Atlantis II,N/A,N/A,2.00,2.00,2.08,1.36,1,2,3,0,0,0,"50","81,89",2,9,0,0,0,0,0,0,0,0,8,15,1,5,7,10,8,8,43,57,1.76,1.49,1.18,1.92,3.00,50,67,67,50,17,34,84,67,67,9.00,-2.00,1.62,4.33,3.93,0.00,1.28,0.00,0.00,0.00,0.00,N/A
1778328000,May 09 2026 - 12:00pm,complete,N/A,SexyPöxyt,EPS II,N/A,N/A,2.33,0.50,1.79,0.86,5,0,5,2,2,0,"18,20,75,56,72","",-1,-1,-1,-1,-1,-1,-1,-1,-1,-1,-1,-1,-1,-1,-1,-1,-1,-1,-1,-1,1.58,1.42,0.00,0.00,2.75,75,75,59,42,0,59,84,42,42,6.33,-2.00,0.00,0.00,0.00,0.00,0.00,0.00,0.00,0.00,0.00,N/A
1778332500,May 09 2026 - 1:15pm,complete,N/A,Atlantis / PM,Valtti,N/A,N/A,0.33,3.00,1.21,1.57,2,1,3,1,1,0,"62,43","83",-1,-1,-1,-1,-1,-1,-1,-1,-1,-1,-1,-1,-1,-1,-1,-1,-1,-1,-1,-1,2.01,1.09,0.00,0.00,4.92,75,100,75,75,59,59,100,75,100,13.50,-2.00,0.00,0.00,0.00,0.00,0.00,0.00,0.00,0.00,0.00,N/A
1778340600,May 09 2026 - 3:30pm,complete,N/A,TuPS,RiPS,N/A,N/A,1.00,1.00,1.36,1.69,0,1,1,1,0,1,"","29",14,3,0,0,0,0,0,0,0,0,10,9,5,5,5,4,9,10,45,55,1.63,1.19,1.51,1.20,3.00,50,67,67,34,17,50,84,34,84,4.50,-2.00,1.38,4.70,5.50,0.00,1.33,0.00,0.00,0.00,0.00,N/A
1778421600,May 10 2026 - 2:00pm,complete,N/A,VJS II,MPS Atletico Malmi,N/A,N/A,1.00,3.00,1.43,2.07,1,2,3,1,1,0,"29","74,90'5",7,1,0,0,0,0,0,0,0,0,10,8,3,5,7,3,16,15,44,56,3.04,1.41,1.31,1.30,5.33,84,100,100,67,50,50,84,84,84,11.83,-1.67,2.26,4.10,2.20,0.00,1.22,0.00,0.00,0.00,0.00,N/A
1778691600,May 13 2026 - 5:00pm,complete,N/A,Gilla,PPJ / Ruoholahti,N/A,N/A,1.00,0.50,1.21,1.07,1,2,3,3,1,2,"9","40,45'41",-1,-1,-1,-1,-1,-1,-1,-1,-1,-1,-1,-1,-1,-1,-1,-1,-1,-1,-1,-1,1.59,1.27,0.00,0.00,4.75,100,100,75,50,38,63,88,63,63,7.75,-1.75,0.00,0.00,0.00,0.00,0.00,0.00,0.00,0.00,0.00,N/A
1778692500,May 13 2026 - 5:15pm,complete,N/A,GrIFK U23,SexyPöxyt,N/A,N/A,0.50,2.50,1.00,1.79,2,4,6,3,2,1,"12,16","4,54,77,90'5",-1,-1,-1,-1,-1,-1,-1,-1,-1,-1,-1,-1,-1,-1,-1,-1,-1,-1,-1,-1,1.57,1.58,0.00,0.00,3.75,88,100,75,63,25,88,88,63,63,6.83,-2.00,0.00,0.00,0.00,0.00,0.00,0.00,0.00,0.00,0.00,N/A
1778692500,May 13 2026 - 5:15pm,complete,N/A,LePa,NuPS,N/A,N/A,1.75,1.50,1.86,1.57,3,3,6,1,0,1,"52,65,78","10,63,81",-1,-1,-1,-1,-1,-1,-1,-1,-1,-1,-1,-1,-1,-1,-1,-1,-1,-1,-1,-1,1.21,1.52,0.00,0.00,2.75,50,88,38,38,13,25,75,50,88,9.75,-1.75,2.36,4.10,2.29,0.00,1.33,0.00,0.00,0.00,0.00,Urheilupuiston Yläkenttä
1778778300,May 14 2026 - 5:05pm,complete,N/A,TiPS / 2,MK-United,N/A,N/A,0.25,1.75,0.57,1.00,2,1,3,1,1,0,"51,1","89",2,6,0,0,0,0,0,0,0,0,7,13,3,5,4,8,21,10,41,59,1.61,1.25,0.94,1.75,2.88,63,75,63,38,13,13,63,63,75,11.25,-1.75,6.50,6.80,1.17,0.00,1.25,0.00,0.00,0.00,0.00,N/A
1778778900,May 14 2026 - 5:15pm,complete,N/A,HPS II,VJS II,N/A,N/A,1.75,0.75,1.07,1.43,1,2,3,2,1,1,"23","40,53",11,6,0,0,0,0,0,0,0,0,23,5,10,4,13,1,7,6,45,55,1.56,2.46,2.71,1.03,5.63,100,100,100,75,63,50,75,75,75,14.33,-1.50,4.80,5.20,1.47,0.00,1.25,0.00,0.00,0.00,0.00,N/A
1778859000,May 15 2026 - 3:30pm,complete,N/A,Futura,SibboV,N/A,N/A,2.50,1.50,2.67,2.08,5,1,6,4,3,1,"31,37,43,65,90","40",-1,-1,-1,-1,-1,-1,-1,-1,-1,-1,-1,-1,-1,-1,-1,-1,-1,-1,-1,-1,0.00,1.61,0.00,0.00,3.88,75,88,88,63,38,38,63,88,100,4.25,-1.75,0.00,0.00,0.00,0.00,0.00,0.00,0.00,0.00,0.00,N/A
1778859000,May 15 2026 - 3:30pm,complete,N/A,LoPa,EIF II,N/A,N/A,2.25,2.00,1.36,2.43,2,3,5,3,0,3,"63,69","4,9,38",5,3,0,0,0,0,0,0,0,0,10,11,4,6,6,5,13,5,51,49,1.72,1.27,1.75,1.75,4.00,46,75,46,46,17,59,88,46,75,9.67,-2.00,3.52,4.90,1.63,0.00,1.20,0.00,0.00,0.00,0.00,Harjun urheilukenttä
1778861700,May 15 2026 - 4:15pm,complete,N/A,EsPa,MPS,N/A,N/A,2.25,1.00,2.43,0.86,4,0,4,4,4,0,"23,45,26,30","",11,2,-1,-1,-1,-1,-1,-1,-1,-1,14,3,8,1,6,2,-1,-1,60,40,1.62,1.25,1.86,0.53,3.00,50,75,38,25,25,50,50,50,75,10.00,-1.75,1.10,7.10,16.00,0.00,1.25,0.00,0.00,0.00,0.00,Matinkylän urheilupuisto
1778862600,May 15 2026 - 4:30pm,complete,N/A,Valtti,Kontu,N/A,N/A,2.00,0.75,1.57,1.00,1,0,1,0,0,0,"87","",7,7,0,0,0,0,0,0,0,0,14,9,7,2,7,7,16,16,59,41,1.09,1.12,1.69,1.20,3.42,71,88,71,54,29,29,88,71,88,11.75,-1.75,1.39,4.70,5.69,0.00,1.30,0.00,0.00,0.00,0.00,N/A
1778863500,May 15 2026 - 4:45pm,complete,N/A,PPS,TiPS,N/A,N/A,0.00,1.00,0.43,1.23,1,3,4,0,0,0,"81","57,83,86",4,2,-1,-1,-1,-1,-1,-1,-1,-1,6,15,4,8,2,7,-1,-1,42,58,0.48,1.77,0.88,1.85,3.96,59,100,71,46,46,34,46,75,75,8.00,-1.33,6.25,4.80,1.34,0.00,1.33,1.85,0.00,0.00,0.00,N/A
1778864400,May 15 2026 - 5:00pm,complete,N/A,PPJ / Lauttasaari,Töölön Taisto,N/A,N/A,2.50,0.33,1.86,1.08,2,2,4,2,0,2,"53,65","40,36",6,2,-1,-1,-1,-1,-1,-1,-1,-1,17,7,10,2,7,5,-1,-1,52,48,2.39,1.03,2.24,0.88,3.79,42,75,59,59,25,42,88,42,75,12.67,-1.42,1.50,4.33,4.98,0.00,1.40,0.00,0.00,0.00,0.00,N/A
1778864400,May 15 2026 - 5:00pm,complete,N/A,Gnistan / Ogeli,ToTe / Tapio,N/A,N/A,0.75,0.25,1.14,0.46,5,1,6,3,2,1,"27,44,82,90,79","29",6,1,0,0,0,0,0,0,0,0,25,10,13,5,12,5,6,9,60,40,1.53,0.66,3.02,1.30,3.63,88,100,88,63,13,50,88,63,75,5.25,-1.50,1.53,4.80,4.30,0.00,1.16,0.00,0.00,0.00,0.00,Mustapekka Areena
1778864400,May 15 2026 - 5:00pm,complete,N/A,ToTe,Atlantis / PM,N/A,N/A,2.00,1.00,2.07,1.21,2,3,5,1,0,1,"87,9005","32,63,9002",3,8,1,0,3,0,1,0,1,2,8,12,5,11,3,1,13,13,50,50,1.72,2.01,1.31,1.97,3.59,50,84,50,38,25,25,67,84,84,14.50,-1.67,1.50,4.75,4.21,0.00,1.20,0.00,0.00,0.00,0.00,N/A
1778864400,May 15 2026 - 5:00pm,complete,N/A,Atlantis II,Ponnistus,N/A,N/A,2.25,1.50,1.36,0.85,5,3,8,4,4,0,"22,23,26,33,73","75,90,59",-1,-1,-1,-1,-1,-1,-1,-1,-1,-1,-1,-1,-1,-1,-1,-1,-1,-1,-1,-1,1.71,0.98,0.00,0.00,2.63,63,63,63,38,0,25,75,50,75,10.50,-1.75,0.00,0.00,0.00,0.00,0.00,0.00,0.00,0.00,0.00,N/A
1778932800,May 16 2026 - 12:00pm,complete,N/A,MPS Atletico Malmi,LPS,N/A,N/A,3.00,1.75,2.07,1.79,3,1,4,2,1,1,"2,62,70","19",-1,-1,-1,-1,-1,-1,-1,-1,-1,-1,-1,-1,-1,-1,-1,-1,-1,-1,-1,-1,1.38,0.86,0.00,0.00,4.25,75,100,100,50,25,38,75,63,75,7.50,-1.50,0.00,0.00,0.00,0.00,0.00,0.00,0.00,0.00,0.00,Pukinmäki liikuntapuisto
1778932800,May 16 2026 - 12:00pm,complete,N/A,RiPS,Lahti II,N/A,N/A,1.50,1.75,1.69,1.69,3,2,5,3,2,1,"36,38,90'2","11,47",-1,-1,-1,-1,-1,-1,-1,-1,-1,-1,-1,-1,-1,-1,-1,-1,-1,-1,-1,-1,1.19,0.98,0.00,0.00,2.38,50,50,50,25,13,25,88,38,50,7.83,-1.75,0.00,0.00,0.00,0.00,0.00,0.00,0.00,0.00,0.00,N/A
1779026400,May 17 2026 - 2:00pm,complete,N/A,EPS II,HooGee,N/A,N/A,0.33,1.00,0.86,0.71,6,2,8,3,3,0,"76,2,5,85,65,23","68,82",5,8,0,0,0,0,0,0,0,0,15,17,7,7,8,10,10,9,63,37,1.42,1.23,2.08,2.24,3.42,54,84,71,71,17,34,88,71,84,7.25,-1.75,2.45,4.33,2.10,0.00,1.25,0.00,0.00,0.00,0.00,N/A
1779030000,May 17 2026 - 3:00pm,complete,N/A,JäPS II,TuPS,N/A,N/A,2.00,0.75,1.85,1.36,2,3,5,1,1,0,"38,63","81,71,75",2,3,0,0,0,0,0,0,0,0,8,16,3,9,5,7,12,9,42,58,1.71,1.57,1.15,2.14,2.13,38,50,50,25,0,25,75,25,50,17.50,-1.50,1.57,4.60,4.22,0.00,1.40,0.00,0.00,0.00,0.00,N/A
1779296400,May 20 2026 - 5:00pm,complete,N/A,VJS II,PPS,N/A,N/A,1.20,0.00,1.43,0.43,11,0,11,4,4,0,"9,23,31,25,58,57,75,80,89,74,82","",6,5,0,0,0,0,0,0,0,0,19,5,13,2,6,3,6,6,61,39,2.11,0.61,2.65,0.85,4.20,80,100,90,40,30,30,50,60,70,10.25,-1.40,1.20,7.00,6.10,0.00,1.22,0.00,0.00,0.00,0.00,N/A
1779379200,May 21 2026 - 4:00pm,complete,N/A,EIF II,EsPa,N/A,N/A,2.25,2.40,2.43,2.43,1,1,2,1,1,0,"37","71",4,10,-1,-1,-1,-1,-1,-1,-1,-1,1,2,1,2,0,0,-1,-1,49,51,1.39,1.68,0.64,0.89,4.58,58,90,68,58,35,58,70,68,90,11.20,-1.55,2.09,3.95,2.63,0.00,1.30,0.00,0.00,0.00,0.00,N/A
1779379200,May 21 2026 - 4:00pm,complete,N/A,Atlantis / PM,Töölön Taisto,N/A,N/A,1.40,0.50,1.21,1.08,2,2,4,3,1,2,"11,78","14,38",4,4,0,0,0,0,0,0,0,0,9,3,4,3,5,0,14,4,54,46,2.00,0.99,1.20,0.68,4.45,75,100,88,78,30,45,100,75,100,11.00,-0.95,1.77,4.40,3.40,0.00,1.22,0.00,0.00,0.00,0.00,N/A
1779380100,May 21 2026 - 4:15pm,complete,N/A,Kontu,ToTe,N/A,N/A,0.60,1.50,1.00,2.07,2,7,9,5,1,4,"37,57","16,7,20,44,48,52,60",2,5,0,0,0,0,0,0,0,0,6,13,2,10,4,3,9,11,44,56,1.14,1.52,0.87,2.06,2.75,43,68,43,43,23,10,55,68,78,10.70,-0.85,2.80,3.60,2.05,0.00,1.33,0.00,0.00,0.00,0.00,Talin jalkapallohalli
1779382800,May 21 2026 - 5:00pm,complete,N/A,PPJ / Lauttasaari,Valtti,N/A,N/A,2.20,2.25,1.86,1.57,7,3,10,4,3,1,"36,23,28,61,75,62,65","21,79,77",8,4,0,0,0,0,0,0,0,0,20,11,10,6,10,5,12,10,56,44,2.36,1.29,2.42,1.45,3.48,55,68,55,43,33,43,78,55,80,14.50,-1.55,1.90,3.34,2.55,0.00,1.36,0.00,0.00,0.00,0.00,N/A
1779383700,May 21 2026 - 5:15pm,complete,N/A,HooGee,GrIFK U23,N/A,N/A,0.80,0.40,0.71,1.00,2,1,3,2,1,1,"17,90'1","44",2,8,-1,-1,-1,-1,-1,-1,-1,-1,9,11,2,5,7,6,-1,-1,37,63,1.43,1.57,1.01,1.45,4.40,90,100,80,80,30,60,90,80,90,8.50,-1.60,2.13,3.95,2.60,0.00,1.28,0.00,0.00,0.00,0.00,N/A
1779462000,May 22 2026 - 3:00pm,complete,N/A,NuPS,LoPa,N/A,N/A,1.40,1.80,1.57,1.36,2,2,4,2,1,1,"28,46","3,86",4,5,-1,-1,-1,-1,-1,-1,-1,-1,13,10,4,6,9,4,-1,-1,48,52,1.52,1.73,1.39,1.41,2.60,30,70,30,30,20,30,70,40,80,8.08,-1.80,2.20,3.75,2.77,0.00,1.36,0.00,0.00,0.00,0.00,Kuoppanummi Nurmi
1779462000,May 22 2026 - 3:00pm,complete,N/A,Ponnistus,Futura,N/A,N/A,1.20,2.60,0.85,2.67,1,12,13,7,1,6,"18","19,1,22,10,31,39,51,73,75,88,82,83",-1,-1,-1,-1,-1,-1,-1,-1,-1,-1,-1,-1,-1,-1,-1,-1,-1,-1,-1,-1,0.98,0.00,0.00,0.00,4.20,80,80,80,70,40,50,80,70,100,4.00,-2.00,0.00,0.00,0.00,0.00,0.00,0.00,0.00,0.00,0.00,N/A
1779462900,May 22 2026 - 3:15pm,complete,N/A,SexyPöxyt,PPJ / Ruoholahti,N/A,N/A,2.60,1.00,1.79,1.07,3,0,3,0,0,0,"63,70,79","",5,4,-1,-1,-1,-1,-1,-1,-1,-1,5,0,3,0,2,0,-1,-1,53,47,1.58,1.27,0.81,0.20,4.40,90,100,80,50,30,70,80,60,60,5.83,-2.00,1.50,4.96,4.90,0.00,1.22,0.00,0.00,0.00,0.00,N/A
1779462900,May 22 2026 - 3:15pm,complete,N/A,LPS,HPS II,N/A,N/A,1.40,1.40,1.79,1.07,3,4,7,5,3,2,"21,27,41","13,7,75,63",8,8,-1,-1,-1,-1,-1,-1,-1,-1,6,9,5,7,1,2,-1,-1,59,41,0.86,1.95,0.95,1.31,4.80,90,100,100,70,40,60,70,50,70,12.33,-1.60,1.44,5.00,5.00,0.00,1.16,0.00,0.00,0.00,0.00,Hertta Areena
1779463800,May 22 2026 - 3:30pm,complete,N/A,RiPS,JäPS II,N/A,N/A,1.80,1.60,1.69,1.85,4,2,6,3,1,2,"17,68,62,90'3","7,42",4,8,0,0,0,0,0,0,0,0,12,15,8,10,4,5,4,11,56,44,1.19,1.60,1.68,2.03,3.50,80,80,80,60,30,40,90,60,70,11.73,-1.40,3.75,4.10,1.68,0.00,1.28,0.00,0.00,0.00,0.00,N/A
1779465600,May 22 2026 - 4:00pm,complete,N/A,MPS,LePa,N/A,N/A,0.80,1.60,0.86,1.86,0,1,1,1,0,1,"","6",3,4,-1,-1,-1,-1,-1,-1,-1,-1,7,12,1,2,6,10,-1,-1,48,52,1.07,1.21,0.95,1.30,3.60,70,90,60,60,30,60,90,50,60,10.25,-1.80,3.65,3.80,1.68,0.00,1.28,0.00,0.00,0.00,0.00,N/A
1779468300,May 22 2026 - 4:45pm,complete,N/A,TiPS,MPS Atletico Malmi,N/A,N/A,1.50,3.00,1.23,2.07,2,3,5,2,0,2,"78,58","18,36,90'2",3,6,-1,-1,-1,-1,-1,-1,-1,-1,5,7,4,4,1,3,-1,-1,53,47,1.79,1.38,0.96,1.02,4.25,78,100,88,68,35,45,75,100,100,7.50,-1.30,3.49,4.70,1.66,0.00,1.20,0.00,0.00,0.00,0.00,Tikkurila urheilupuisto nurmi
1779469200,May 22 2026 - 5:00pm,complete,N/A,MK-United,Atlantis II,N/A,N/A,1.40,2.40,1.00,1.36,2,2,4,1,0,1,"81,87","22,74",8,3,0,0,0,0,0,0,0,0,11,7,4,3,7,4,14,12,46,54,1.35,1.71,1.65,1.08,3.10,60,70,70,30,10,20,80,60,60,12.70,-1.40,1.73,4.40,3.39,0.00,1.28,0.00,0.00,0.00,0.00,N/A
1779530400,May 23 2026 - 10:00am,complete,N/A,SibboV,TiPS / 2,N/A,N/A,1.20,0.80,2.08,0.57,4,2,6,6,4,2,"45,43,21,18","26,29",1,13,0,0,0,0,0,0,0,0,14,18,8,7,6,11,11,9,39,61,1.61,1.28,1.78,2.19,3.60,80,90,80,50,30,30,60,90,100,7.75,-1.60,1.30,5.35,6.15,0.00,1.20,0.00,0.00,0.00,0.00,N/A
1779548400,May 23 2026 - 3:00pm,complete,N/A,TuPS,Gnistan / Ogeli,N/A,N/A,1.20,1.20,1.36,1.14,5,0,5,2,2,0,"40,53,38,88,89","",13,3,0,0,0,0,0,0,0,0,9,5,5,2,4,3,7,10,62,38,1.76,1.83,1.36,0.76,3.00,60,70,60,40,20,30,80,50,70,10.60,-1.20,1.73,3.95,3.40,0.00,1.28,0.00,0.00,0.00,0.00,N/A
1779620400,May 24 2026 - 11:00am,complete,N/A,ToTe,Valtti,N/A,N/A,1.80,1.80,2.07,1.57,3,1,4,1,1,0,"45'1,46,54","63",3,1,0,0,0,0,0,0,0,0,9,6,6,3,3,3,11,12,52,48,1.70,1.33,1.41,0.89,4.00,50,80,50,40,40,30,70,70,90,11.58,-0.80,1.85,3.82,3.34,0.00,1.33,0.00,0.00,0.00,0.00,N/A
1779623100,May 24 2026 - 11:45am,complete,N/A,ToTe / Tapio,Lahti II,N/A,N/A,0.20,1.40,0.46,1.69,0,1,1,1,0,1,"","16",5,4,0,0,0,0,0,0,0,0,7,14,3,3,4,11,11,18,55,45,0.82,0.98,0.90,1.43,3.20,60,70,70,50,30,50,90,50,60,5.50,-1.60,5.00,4.80,1.40,0.00,1.28,0.00,0.00,0.00,0.00,N/A
1779642000,May 24 2026 - 5:00pm,complete,N/A,Gilla,EPS II,N/A,N/A,0.80,1.00,1.21,0.86,5,1,6,2,2,0,"28,50,45'1,54,61","68",7,4,0,0,0,0,0,0,0,0,18,6,8,4,10,2,13,11,52,48,1.59,1.64,2.18,1.12,4.25,75,88,78,58,45,78,100,58,58,8.92,-1.55,1.94,4.35,2.62,0.00,1.20,0.00,0.00,0.00,0.00,N/A
1779895800,May 27 2026 - 3:30pm,complete,30,PPS,Atlantis / PM,N/A,N/A,0.00,1.33,0.43,1.21,3,2,5,2,1,1,"41,69,79","12,58",7,6,0,0,0,0,0,0,0,0,10,9,4,4,6,5,4,8,56,44,0.67,1.80,1.28,1.17,4.92,75,100,92,67,42,34,67,75,84,9.85,-1.00,8.50,7.50,1.17,0.00,1.11,0.00,0.00,0.00,0.00,N/A
1779902100,May 27 2026 - 5:15pm,complete,N/A,LePa,EIF II,N/A,N/A,1.83,2.00,1.86,2.43,3,2,5,2,1,1,"45,81,90'1","41,52",6,6,-1,-1,-1,-1,-1,-1,-1,-1,16,12,13,4,3,8,-1,-1,57,43,1.23,1.24,2.20,1.50,4.34,82,92,64,64,37,47,100,64,84,10.30,-1.63,3.57,4.30,1.70,0.00,1.28,0.00,0.00,0.00,0.00,N/A
1779902100,May 27 2026 - 5:15pm,complete,N/A,GrIFK U23,Gilla,N/A,N/A,0.33,1.17,1.00,1.21,1,2,3,2,0,2,"71","24,28",9,3,0,0,0,0,0,0,0,0,16,14,7,9,9,5,11,9,54,46,1.54,1.71,2.00,1.86,4.25,100,100,83,59,42,92,100,59,67,10.00,-1.67,3.27,3.95,1.83,0.00,1.30,0.00,0.00,0.00,0.00,N/A
1779980400,May 28 2026 - 3:00pm,complete,N/A,Töölön Taisto,Kontu,N/A,N/A,0.60,0.50,1.08,1.00,3,3,6,2,2,0,"21,13,66","77,65,90'2",2,6,0,0,0,0,0,0,0,0,8,7,5,5,3,2,3,12,37,63,0.93,1.09,1.13,1.24,3.80,64,84,74,74,17,47,84,54,92,8.67,-1.10,1.75,4.33,3.65,0.00,1.30,0.00,0.00,0.00,0.00,N/A
1779982200,May 28 2026 - 3:30pm,complete,N/A,Futura,MK-United,N/A,N/A,2.67,1.33,2.67,1.00,3,2,5,3,1,2,"9,72,77","10,45",-1,-1,-1,-1,-1,-1,-1,-1,-1,-1,-1,-1,-1,-1,-1,-1,-1,-1,-1,-1,0.00,1.40,0.00,0.00,4.42,75,83,83,58,34,34,83,75,84,6.50,-1.50,0.00,0.00,0.00,0.00,0.00,0.00,0.00,0.00,0.00,N/A
1779984900,May 28 2026 - 4:15pm,complete,60,Atlantis II,RiPS,N/A,N/A,2.17,2.00,1.36,1.69,2,2,4,1,0,1,"61,89","33,50",6,4,0,0,0,0,0,0,0,0,22,10,11,8,11,2,10,12,45,55,1.50,1.32,2.64,1.58,3.84,75,75,75,59,34,42,92,67,75,8.83,-1.34,1.71,4.20,4.00,0.00,1.30,0.00,0.00,0.00,0.00,N/A
1779986700,May 28 2026 - 4:45pm,complete,N/A,TiPS / 2,ToTe / Tapio,N/A,N/A,0.67,0.17,0.57,0.46,1,1,2,2,1,1,"43","13",3,2,0,0,0,0,0,0,0,0,12,11,6,3,6,8,14,9,55,45,1.58,0.84,1.88,1.32,3.67,75,83,75,59,33,42,84,59,75,8.47,-1.17,1.63,4.00,3.95,0.00,1.36,0.00,0.00,0.00,0.00,N/A
1779987600,May 28 2026 - 5:00pm,complete,N/A,PPJ / Ruoholahti,MPS,N/A,N/A,0.83,0.67,1.07,0.86,0,0,0,0,0,0,"","",4,10,-1,-1,-1,-1,-1,-1,-1,-1,9,17,3,9,6,8,-1,-1,52,48,1.06,1.05,1.04,1.96,3.59,58,84,58,33,17,59,75,42,50,6.80,-2.00,1.74,4.20,3.39,0.00,1.30,0.00,0.00,0.00,0.00,N/A
1779988500,May 28 2026 - 5:15pm,complete,N/A,HPS II,TiPS,N/A,N/A,1.67,1.20,1.07,1.23,5,1,6,3,2,1,"12,14,66,81,89","42",5,4,0,0,0,0,0,0,0,0,18,10,8,5,10,5,8,8,48,52,1.79,1.59,2.19,1.48,5.05,90,100,90,82,64,64,72,84,92,12.00,-1.43,2.25,4.33,2.30,0.00,1.14,0.00,0.00,0.00,0.00,N/A
1780068600,May 29 2026 - 3:30pm,complete,N/A,LoPa,HooGee,N/A,N/A,1.67,1.17,1.36,0.71,1,2,3,1,0,1,"59","45'1,53",4,5,-1,-1,-1,-1,-1,-1,-1,-1,12,16,3,11,9,5,-1,-1,61,39,1.65,1.36,1.41,2.14,3.50,67,84,67,59,17,50,83,59,84,9.00,-1.50,1.75,3.80,3.40,0.00,1.28,0.00,0.00,0.00,0.00,Harjun urheilukenttä
1780070400,May 29 2026 - 4:00pm,complete,N/A,MPS Atletico Malmi,PPJ / Lauttasaari,N/A,N/A,3.00,2.33,2.07,1.86,0,4,4,2,0,2,"","21,10,52,73",0,1,0,0,0,0,0,0,0,0,2,13,0,5,2,8,9,12,48,52,1.31,2.37,0.64,1.82,4.67,75,84,84,67,42,59,92,84,84,11.60,-1.50,1.95,3.90,2.87,0.00,1.25,0.00,0.00,0.00,0.00,Pukinmäki liikuntapuisto
1780071300,May 29 2026 - 4:15pm,complete,N/A,EsPa,SexyPöxyt,N/A,N/A,2.17,2.67,2.43,1.79,4,1,5,2,2,0,"37,17,83,79","54",11,2,-1,-1,-1,-1,-1,-1,-1,-1,13,11,9,4,4,7,-1,-1,53,47,1.52,1.39,1.95,1.32,3.50,59,92,67,42,25,50,59,59,75,10.58,-1.83,1.91,3.80,3.00,0.00,1.33,0.00,0.00,0.00,0.00,Matinkylän urheilupuisto
1780072200,May 29 2026 - 4:30pm,complete,N/A,Valtti,LPS,N/A,N/A,1.50,1.17,1.57,1.79,2,3,5,2,0,2,"50,86","6,29,66",8,2,-1,-1,-1,-1,-1,-1,-1,-1,9,13,4,8,5,5,-1,-1,57,43,1.24,0.89,1.25,1.62,4.50,75,92,84,59,33,50,75,59,84,10.20,-1.33,1.80,4.20,3.10,0.00,1.16,0.00,0.00,0.00,0.00,N/A
1780072200,May 29 2026 - 4:30pm,complete,N/A,Lahti II,TuPS,N/A,N/A,1.67,1.50,1.69,1.36,2,1,3,2,1,1,"19,62","40",4,3,-1,-1,-1,-1,-1,-1,-1,-1,7,3,5,2,2,1,-1,-1,47,53,1.07,1.66,1.01,0.56,2.25,25,42,42,25,25,25,83,33,50,12.15,-1.33,3.10,3.70,1.91,0.00,1.40,0.00,0.00,0.00,0.00,N/A
1780135200,May 30 2026 - 10:00am,complete,N/A,ToTe,VJS II,N/A,N/A,2.00,1.50,2.07,1.43,1,1,2,1,1,0,"3","85",8,2,0,0,0,0,0,0,0,0,11,3,3,1,8,2,10,8,46,54,1.63,2.21,1.36,0.58,4.92,67,92,75,50,42,42,75,75,83,11.55,-0.50,2.33,3.95,2.32,0.00,1.30,0.00,0.00,0.00,0.00,N/A
1780160400,May 30 2026 - 5:00pm,complete,N/A,Gnistan / Ogeli,SibboV,N/A,N/A,1.00,1.50,1.14,2.08,1,3,4,1,0,1,"87","10,90'3,89",6,7,0,0,0,0,0,0,0,0,14,20,5,11,9,9,9,11,52,48,1.65,1.65,1.64,2.57,4.25,83,100,92,67,42,59,75,83,83,7.93,-1.17,3.25,4.30,1.79,0.00,1.22,0.00,0.00,0.00,0.00,Mustapekka Areena
1780225200,May 31 2026 - 11:00am,complete,N/A,EPS II,NuPS,N/A,N/A,0.80,1.33,0.86,1.57,1,1,2,1,1,0,"31","78",10,5,0,0,0,0,0,0,0,0,7,6,4,4,3,2,7,11,60,40,1.51,1.49,1.39,1.18,3.82,47,82,57,57,39,49,84,65,90,7.55,-1.60,2.50,4.05,1.96,0.00,1.20,0.00,0.00,0.00,0.00,N/A
1780239600,May 31 2026 - 3:00pm,complete,N/A,JäPS II,Ponnistus,N/A,N/A,1.33,1.00,1.85,0.85,4,1,5,1,1,0,"42,90'3,81,84","56",-1,-1,-1,-1,-1,-1,-1,-1,-1,-1,-1,-1,-1,-1,-1,-1,-1,-1,-1,-1,1.67,0.98,0.00,0.00,4.59,83,83,83,67,33,50,83,67,84,12.33,-1.50,0.00,0.00,0.00,0.00,0.00,0.00,0.00,0.00,0.00,N/A
1780506000,Jun 03 2026 - 5:00pm,complete,N/A,JäPS II,Futura,N/A,N/A,1.57,2.71,1.85,2.67,0,1,1,1,0,1,"","17",-1,-1,-1,-1,-1,-1,-1,-1,-1,-1,-1,-1,-1,-1,-1,-1,-1,-1,-1,-1,1.67,0.00,0.00,0.00,4.79,86,86,86,79,57,43,86,79,86,8.33,-1.57,0.00,0.00,0.00,0.00,0.00,0.00,0.00,0.00,0.00,N/A
1780506000,Jun 03 2026 - 5:00pm,complete,N/A,Ponnistus,ToTe / Tapio,N/A,N/A,0.86,0.29,0.85,0.46,2,2,4,1,1,0,"4,49","56,59",2,6,-1,-1,-1,-1,-1,-1,-1,-1,9,6,6,5,3,1,-1,-1,48,52,0.98,0.92,1.23,1.07,4.50,79,86,79,64,36,64,93,57,79,5.83,-1.43,1.90,3.90,3.20,0.00,1.33,0.00,0.00,0.00,0.00,N/A
1780592400,Jun 04 2026 - 5:00pm,complete,N/A,PPJ / Ruoholahti,LoPa,N/A,N/A,0.86,1.43,1.07,1.36,3,0,3,0,0,0,"68,78,90'4","",4,1,0,0,0,0,0,0,0,0,12,3,5,0,7,3,5,13,62,38,1.06,1.60,1.72,0.57,3.36,64,79,64,36,14,50,72,57,64,7.40,-1.86,2.75,4.15,2.03,0.00,1.40,0.00,0.00,0.00,0.00,N/A
1780672500,Jun 05 2026 - 3:15pm,complete,N/A,LPS,Atlantis / PM,N/A,N/A,1.43,1.14,1.79,1.21,4,1,5,4,3,1,"6,11,13,90'2","27",5,4,0,0,0,0,0,0,0,0,10,17,7,3,3,14,6,6,53,47,1.07,1.67,1.47,1.81,5.00,93,100,100,79,50,64,86,72,86,10.60,-1.00,1.53,4.80,4.00,0.00,1.11,0.00,0.00,0.00,0.00,Hertta Areena
1780673400,Jun 05 2026 - 3:30pm,complete,N/A,TiPS,Kontu,N/A,N/A,1.00,0.57,1.23,1.00,2,0,2,2,2,0,"44,45'4","",2,8,-1,-1,-1,-1,-1,-1,-1,-1,8,8,6,3,2,5,-1,-1,45,55,1.57,1.11,1.22,1.22,4.56,77,86,77,77,55,55,69,86,93,8.66,-0.93,1.95,4.00,2.80,0.00,1.16,0.00,0.00,0.00,0.00,Tikkurila urheilupuisto nurmi
1780675200,Jun 05 2026 - 4:00pm,complete,N/A,EIF II,SexyPöxyt,N/A,N/A,1.67,2.29,2.43,1.79,7,3,10,6,4,2,"13,16,21,33,46,69,72","27,36,77",3,1,-1,-1,-1,-1,-1,-1,-1,-1,13,6,11,4,2,2,-1,-1,46,54,1.28,1.37,2.03,1.12,4.50,77,100,77,62,47,69,86,69,86,8.40,-1.83,1.50,5.75,3.60,0.00,1.20,0.00,0.00,0.00,0.00,N/A
1780675200,Jun 05 2026 - 4:00pm,complete,N/A,MPS Atletico Malmi,ToTe,N/A,N/A,2.57,1.86,2.07,2.07,0,3,3,0,0,0,"","51,61,70",9,8,0,0,0,0,0,0,0,0,8,13,5,7,3,6,11,4,45,55,1.20,1.57,1.25,1.71,3.86,64,93,72,57,29,36,86,86,93,8.73,-0.85,2.70,3.75,2.10,0.00,1.36,0.00,0.00,0.00,0.00,Pukinmäki liikuntapuisto
1780675200,Jun 05 2026 - 4:00pm,complete,N/A,MK-United,TuPS,N/A,N/A,1.14,1.29,1.00,1.36,1,5,6,1,0,1,"49","25,51,62,76,90'2",2,7,0,0,0,0,0,0,0,0,7,10,2,5,5,5,8,4,43,57,1.40,1.44,1.00,1.58,3.00,50,72,72,36,22,36,86,50,71,13.30,-1.14,2.45,3.50,2.30,0.00,1.44,0.00,0.00,0.00,0.00,N/A
1780675200,Jun 05 2026 - 4:00pm,complete,N/A,MPS,HooGee,N/A,N/A,0.71,1.43,0.86,0.71,2,0,2,1,1,0,"37,60","",5,5,-1,-1,-1,-1,-1,-1,-1,-1,12,3,4,2,8,1,-1,-1,51,49,1.20,1.47,1.28,0.46,3.15,58,79,58,43,14,43,79,43,65,9.57,-1.71,2.45,4.00,2.15,0.00,1.28,0.00,0.00,0.00,0.00,N/A
1780677000,Jun 05 2026 - 4:30pm,complete,N/A,Valtti,HPS II,N/A,N/A,1.29,1.86,1.57,1.07,3,1,4,1,0,1,"57,75,90'4","27",4,8,-1,-1,-1,-1,-1,-1,-1,-1,13,21,7,6,6,15,-1,-1,47,53,1.24,1.87,1.56,2.27,4.93,86,93,86,72,57,57,86,71,93,13.27,-1.28,2.00,4.20,2.74,0.00,1.16,0.00,0.00,0.00,0.00,N/A
1780677000,Jun 05 2026 - 4:30pm,complete,N/A,Lahti II,TiPS / 2,N/A,N/A,1.86,0.71,1.69,0.57,4,0,4,2,2,0,"28,33,82,83","",7,2,-1,-1,-1,-1,-1,-1,-1,-1,24,5,13,1,11,4,-1,-1,66,34,1.06,1.66,2.79,0.57,2.65,65,65,50,29,22,29,79,43,57,10.08,-1.43,1.33,4.65,7.40,0.00,1.33,0.00,0.00,0.00,0.00,N/A
1780678800,Jun 05 2026 - 5:00pm,complete,N/A,EPS II,EsPa,N/A,N/A,0.83,2.29,0.86,2.43,2,4,6,2,1,1,"16,70","37,47,67,90'4",-1,-1,-1,-1,-1,-1,-1,-1,-1,-1,-1,-1,-1,-1,-1,-1,-1,-1,-1,-1,1.49,1.59,0.00,0.00,3.88,62,85,62,55,40,55,79,62,85,12.43,-1.36,0.00,0.00,0.00,0.00,0.00,0.00,0.00,0.00,0.00,N/A
1780740000,Jun 06 2026 - 10:00am,complete,N/A,SibboV,RiPS,N/A,N/A,1.71,1.86,2.08,1.69,3,2,5,2,1,1,"23,90,90'2","45,76",3,3,0,0,0,0,0,0,0,0,18,8,6,5,12,3,12,10,51,49,1.80,1.37,2.02,1.24,4.29,86,93,93,71,43,57,86,79,86,7.77,-1.14,2.15,3.75,2.70,0.00,1.25,0.00,0.00,0.00,0.00,N/A
1780833600,Jun 07 2026 - 12:00pm,complete,N/A,NuPS,Gilla,N/A,N/A,1.29,1.43,1.57,1.21,1,1,2,2,1,1,"12","21",9,4,0,0,0,0,0,0,0,0,15,15,7,3,8,12,14,13,49,51,1.43,1.73,1.84,1.58,3.43,72,93,58,36,29,50,86,43,79,9.17,-1.43,2.50,3.50,2.30,0.00,0.00,0.00,0.00,0.00,0.00,Kuoppanummi Nurmi
1780833600,Jun 07 2026 - 12:00pm,complete,N/A,GrIFK U23,LePa,N/A,N/A,0.29,2.00,1.00,1.86,4,0,4,2,2,0,"2,6,47,73","",4,2,0,0,0,0,0,0,0,0,19,4,9,2,10,2,9,10,64,36,1.62,1.43,2.28,0.56,3.93,93,93,79,64,36,72,100,64,79,10.77,-1.72,1.57,4.50,3.90,0.00,0.00,0.00,0.00,0.00,0.00,Kauniaisten Keskuskenttä
1780833600,Jun 07 2026 - 12:00pm,complete,N/A,Atlantis II,Gnistan / Ogeli,N/A,N/A,2.00,0.86,1.36,1.14,1,1,2,1,1,0,"34","90'1",5,7,0,0,0,0,0,0,0,0,7,8,1,2,6,6,6,8,45,55,1.78,1.65,1.02,1.39,3.79,79,86,79,64,22,29,86,79,79,10.07,-1.00,1.36,4.80,5.75,0.00,0.00,0.00,0.00,0.00,0.00,Pukinmäki liikuntapuisto
1780844400,Jun 07 2026 - 3:00pm,complete,N/A,VJS II,PPJ / Lauttasaari,N/A,N/A,1.43,2.43,1.43,1.86,2,2,4,3,1,2,"39,60","12,41",6,7,0,0,0,0,0,0,0,0,9,8,9,4,0,4,8,7,47,53,1.94,2.28,1.65,1.26,5.22,72,86,79,57,43,64,86,64,79,12.50,-0.86,2.84,3.96,1.90,0.00,1.25,0.00,0.00,0.00,0.00,N/A
1780845300,Jun 07 2026 - 3:15pm,complete,N/A,Töölön Taisto,PPS,N/A,N/A,0.67,0.43,1.08,0.43,5,0,5,2,2,0,"4,25,60,62,63","",7,0,0,0,0,0,0,0,0,0,13,2,8,0,5,2,4,13,53,47,0.96,0.79,1.91,0.29,4.36,62,100,85,70,30,48,72,61,86,7.84,-1.21,1.20,6.00,8.50,0.00,1.20,0.00,0.00,0.00,0.00,N/A
1781110800,Jun 10 2026 - 5:00pm,complete,N/A,Gilla,EIF II,N/A,N/A,1.38,1.86,1.21,2.43,1,3,4,1,1,0,"30","68,74,90'1",4,9,0,0,0,0,0,0,0,0,6,13,2,9,4,4,9,5,49,51,1.71,1.39,0.97,2.11,4.80,93,100,73,55,48,80,100,55,75,9.71,-1.36,4.43,4.80,1.77,0.00,1.16,0.00,0.00,0.00,0.00,N/A
1781111700,Jun 10 2026 - 5:15pm,complete,N/A,SexyPöxyt,NuPS,N/A,N/A,2.00,1.25,1.79,1.57,2,1,3,0,0,0,"82,86","59",4,7,0,0,0,0,0,0,0,0,6,10,5,5,1,5,14,4,52,48,1.33,1.50,1.07,1.42,3.69,63,94,57,44,32,50,75,57,82,7.71,-1.75,1.75,4.10,3.40,0.00,1.22,0.00,0.00,0.00,0.00,N/A
1781111700,Jun 10 2026 - 5:15pm,complete,N/A,LePa,PPJ / Ruoholahti,N/A,N/A,1.75,1.13,1.86,1.07,3,1,4,1,1,0,"31,62,84","90",7,10,0,0,0,0,0,0,0,0,13,8,9,3,4,5,9,6,52,48,1.28,1.15,1.86,1.15,3.82,69,88,75,50,26,44,75,69,69,8.14,-1.63,2.03,3.70,2.97,0.00,1.33,0.00,0.00,0.00,0.00,N/A
1781196300,Jun 11 2026 - 4:45pm,complete,N/A,TiPS / 2,JäPS II,N/A,N/A,0.63,1.38,0.57,1.85,0,4,4,3,0,3,"","9,27,41,75",2,6,0,0,0,0,0,0,0,0,6,14,4,6,2,8,10,11,54,46,1.44,1.67,1.23,1.93,3.44,75,82,69,57,32,32,82,63,69,13.33,-1.26,5.00,4.50,1.52,0.00,1.30,0.00,0.00,0.00,0.00,N/A
1781198100,Jun 11 2026 - 5:15pm,complete,N/A,HPS II,Töölön Taisto,N/A,N/A,1.63,1.00,1.07,1.08,2,2,4,2,2,0,"31,44","87,90'5",4,3,0,0,0,0,0,0,0,0,7,14,3,7,4,7,10,11,51,49,1.93,1.10,1.13,1.73,4.76,79,100,93,87,46,67,94,66,94,11.81,-1.18,2.18,4.00,2.52,0.00,1.22,0.00,0.00,0.00,0.00,N/A
1781278200,Jun 12 2026 - 3:30pm,complete,N/A,LoPa,GrIFK U23,N/A,N/A,1.25,0.63,1.36,1.00,1,2,3,1,0,1,"57","3,90'3",2,8,-1,-1,-1,-1,-1,-1,-1,-1,7,12,5,8,2,4,-1,-1,37,63,1.43,1.71,1.04,1.78,3.44,69,88,76,51,19,75,88,63,82,8.83,-1.50,2.70,3.70,2.10,0.00,1.40,0.00,0.00,0.00,0.00,Harjun urheilukenttä
1781278200,Jun 12 2026 - 3:30pm,suspended,N/A,RiPS,MK-United,N/A,N/A,1.63,1.00,1.69,1.00,0,0,0,0,0,0,"","",-1,-1,-1,-1,-1,-1,-1,-1,-1,-1,-1,-1,-1,-1,-1,-1,-1,-1,-1,-1,1.35,1.34,0.00,0.00,3.94,82,88,88,63,38,44,94,75,82,9.36,-1.00,2.07,3.80,2.30,0.00,1.20,0.00,0.00,0.00,0.00,N/A
1781278200,Jun 12 2026 - 3:30pm,complete,N/A,Futura,Lahti II,N/A,N/A,2.75,2.00,2.67,1.69,4,1,5,2,2,0,"18,40,56,58","83",-1,-1,-1,-1,-1,-1,-1,-1,-1,-1,-1,-1,-1,-1,-1,-1,-1,-1,-1,-1,0.00,1.31,0.00,0.00,3.69,57,63,63,50,38,44,88,57,69,4.71,-1.88,0.00,0.00,0.00,0.00,0.00,0.00,0.00,0.00,0.00,N/A
1781278200,Jun 12 2026 - 3:30pm,complete,N/A,ToTe / Tapio,Atlantis II,N/A,N/A,0.38,1.88,0.46,1.36,1,6,7,1,0,1,"78","10,48,68,85,89,90'2",5,4,-1,-1,-1,-1,-1,-1,-1,-1,4,24,3,15,1,9,-1,-1,49,51,0.94,1.63,0.56,2.76,3.51,75,82,69,57,19,38,94,57,69,7.83,-1.00,8.00,5.50,1.25,0.00,1.22,0.00,0.00,0.00,0.00,N/A
1781280000,Jun 12 2026 - 4:00pm,complete,N/A,Atlantis / PM,MPS Atletico Malmi,N/A,N/A,1.00,2.25,1.21,2.07,1,6,7,2,0,2,"70","20,45,56,75,89,90",-1,-1,-1,-1,-1,-1,-1,-1,-1,-1,-1,-1,-1,-1,-1,-1,-1,-1,-1,-1,1.69,1.21,0.00,0.00,4.57,82,100,100,76,44,57,94,88,100,9.97,-0.76,4.33,5.00,1.48,0.00,1.07,0.00,0.00,0.00,0.00,Pukinmäki liikuntapuisto
1781280000,Jun 12 2026 - 4:00pm,complete,N/A,Kontu,VJS II,N/A,N/A,0.50,1.38,1.00,1.43,1,0,1,1,1,0,"22","",3,7,-1,-1,-1,-1,-1,-1,-1,-1,16,7,8,3,8,4,-1,-1,48,52,1.13,1.90,1.96,1.10,4.63,76,88,76,57,38,57,82,57,82,11.25,-0.75,4.33,4.80,1.48,0.00,1.25,0.00,0.00,0.00,0.00,Talin jalkapallohalli
1781280900,Jun 12 2026 - 4:15pm,complete,N/A,EsPa,HooGee,N/A,N/A,2.38,1.25,2.43,0.71,3,0,3,3,3,0,"17,33,37","",6,1,-1,-1,-1,-1,-1,-1,-1,-1,4,0,4,0,0,0,-1,-1,67,33,1.59,1.35,0.88,0.12,3.75,69,94,69,50,26,38,76,63,94,12.06,-1.63,1.11,8.00,13.00,0.00,1.22,0.00,0.00,0.00,0.00,Matinkylän urheilupuisto
1781282700,Jun 12 2026 - 4:45pm,complete,N/A,PPS,Valtti,N/A,N/A,0.38,1.50,0.43,1.57,0,3,3,2,0,2,"","6,31,78",5,8,0,0,0,0,0,0,0,0,7,11,1,4,6,7,3,7,40,60,0.71,1.29,1.05,1.57,4.50,63,94,82,63,44,38,69,75,88,9.00,-1.26,16.30,8.90,1.08,0.00,1.22,0.00,0.00,0.00,0.00,N/A
1781283600,Jun 12 2026 - 5:00pm,complete,N/A,PPJ / Lauttasaari,TiPS,N/A,N/A,2.25,1.29,1.86,1.23,1,2,3,2,1,1,"11","21,78",-1,-1,-1,-1,-1,-1,-1,-1,-1,-1,-1,-1,-1,-1,-1,-1,-1,-1,-1,-1,2.13,1.51,0.00,0.00,4.66,67,88,73,73,48,73,80,75,81,10.07,-1.07,1.38,5.05,5.58,0.00,1.14,0.00,0.00,0.00,0.00,N/A
1781283600,Jun 12 2026 - 5:00pm,complete,N/A,Gnistan / Ogeli,Ponnistus,N/A,N/A,0.88,0.88,1.14,0.85,3,1,4,1,0,1,"55,88,90'1","31",-1,-1,-1,-1,-1,-1,-1,-1,-1,-1,-1,-1,-1,-1,-1,-1,-1,-1,-1,-1,1.62,1.04,0.00,0.00,4.50,88,94,82,69,32,44,88,75,94,8.38,-1.38,0.00,0.00,0.00,0.00,0.00,0.00,0.00,0.00,0.00,Mustapekka Areena
1781344800,Jun 13 2026 - 10:00am,complete,N/A,ToTe,LPS,N/A,N/A,2.00,1.63,2.07,1.79,1,3,4,1,0,1,"53","7,49,81",6,2,-1,-1,-1,-1,-1,-1,-1,-1,17,5,7,3,10,2,-1,-1,64,36,1.60,1.15,2.20,0.72,4.19,69,94,75,57,38,44,69,63,82,10.33,-0.88,1.57,4.33,4.00,0.00,1.22,0.00,0.00,0.00,0.00,N/A
1781422200,Jun 14 2026 - 7:30am,complete,N/A,EPS II,MPS,N/A,N/A,0.71,1.00,0.86,0.86,0,0,0,0,0,0,"","",2,2,0,0,0,0,0,0,0,0,6,8,3,4,3,4,12,9,46,54,1.49,1.21,0.89,1.12,3.41,48,75,48,48,35,61,88,42,62,10.00,-1.57,1.78,3.75,3.25,0.00,1.30,0.00,0.00,0.00,0.00,N/A
1781625600,Jun 16 2026 - 4:00pm,complete,N/A,MPS Atletico Malmi,HPS II,N/A,N/A,2.33,1.56,2.07,1.07,2,1,3,2,2,0,"35,40","55",1,3,0,0,0,0,0,0,0,0,9,12,4,2,5,10,11,6,44,56,1.21,1.82,1.24,1.40,4.78,84,100,100,78,45,62,89,89,95,11.28,-1.34,1.76,4.80,3.08,0.00,1.20,0.00,0.00,0.00,0.00,Pukinmäki liikuntapuisto
1781630100,Jun 16 2026 - 5:15pm,complete,N/A,SexyPöxyt,LoPa,N/A,N/A,2.11,1.11,1.79,1.36,0,2,2,1,0,1,"","21,80",0,1,0,0,0,0,0,0,0,0,11,9,4,5,7,4,8,7,58,42,1.29,1.37,1.73,1.40,3.73,67,89,78,45,28,56,73,73,78,6.71,-1.67,1.39,4.60,5.90,0.00,1.28,0.00,0.00,0.00,0.00,N/A
1781708400,Jun 17 2026 - 3:00pm,complete,N/A,TiPS,LPS,N/A,N/A,1.50,1.78,1.23,1.79,4,7,11,5,2,3,"39,41,55,71","10,15,32,47,49,51,90",6,2,0,0,0,0,0,0,0,0,8,17,6,9,2,8,4,8,58,42,1.51,1.08,1.32,2.02,4.52,82,100,88,71,47,71,77,66,83,7.64,-1.41,2.33,4.10,2.20,0.00,1.16,0.00,0.00,0.00,0.00,Tikkurila urheilupuisto nurmi
1781712000,Jun 17 2026 - 4:00pm,complete,N/A,TuPS,SibboV,N/A,N/A,1.50,1.88,1.36,2.08,3,6,9,4,1,3,"8,69,84","16,26,41,54,56,72",7,6,0,0,0,0,0,0,0,0,14,21,7,16,7,5,11,8,52,48,1.46,1.83,1.78,2.75,3.82,63,82,82,57,44,51,82,63,82,10.83,-1.00,1.44,4.80,4.50,0.00,1.25,0.00,0.00,0.00,0.00,N/A
1781714700,Jun 17 2026 - 4:45pm,complete,N/A,MPS,NuPS,N/A,N/A,1.00,1.11,0.86,1.57,0,2,2,1,0,1,"","1,74",2,4,0,0,0,0,0,0,0,0,6,12,1,4,5,8,12,11,47,53,1.20,1.48,0.85,1.41,2.34,39,73,28,22,11,33,67,28,61,9.63,-1.56,3.26,3.54,1.95,0.00,1.50,0.00,0.00,0.00,0.00,N/A
1781715600,Jun 17 2026 - 5:00pm,complete,N/A,TiPS / 2,RiPS,N/A,N/A,0.56,1.63,0.57,1.69,1,4,5,4,1,3,"34","4,19,26,57",1,7,-1,-1,-1,-1,-1,-1,-1,-1,1,4,1,4,0,0,-1,-1,50,50,1.40,1.35,0.34,0.81,3.85,78,89,78,66,36,54,89,66,83,8.00,-1.06,6.00,5.55,1.32,0.00,1.25,0.00,0.00,0.00,0.00,N/A
1781716500,Jun 17 2026 - 5:15pm,complete,N/A,EPS II,EIF II,N/A,N/A,0.75,2.00,0.86,2.43,2,9,11,5,2,3,"36,41","5,18,20,60,66,72,74,81,83",0,11,0,0,0,0,0,0,0,0,8,23,5,13,3,10,2,6,49,51,1.39,1.48,1.29,3.02,4.75,76,88,69,69,50,63,94,69,88,9.75,-1.25,8.90,7.50,1.16,0.00,1.10,0.00,0.00,0.00,0.00,N/A
1782228600,Jun 23 2026 - 3:30pm,complete,N/A,LoPa,Gilla,N/A,N/A,1.30,1.22,1.36,1.21,3,2,5,1,0,1,"65,68,90'1","13,59",4,1,0,0,0,0,0,0,0,0,13,5,6,4,7,1,9,11,52,48,1.38,1.62,1.97,1.17,3.35,75,90,69,37,22,59,90,52,68,8.13,-1.14,2.30,3.60,2.50,0.00,1.36,0.00,0.00,0.00,0.00,Harjun urheilukenttä
1782318600,Jun 24 2026 - 4:30pm,complete,N/A,Lahti II,SibboV,N/A,N/A,1.78,2.00,1.69,2.08,2,2,4,1,0,1,"48,64","31,76",6,6,-1,-1,-1,-1,-1,-1,-1,-1,9,13,4,11,5,2,-1,-1,60,40,1.31,1.95,1.30,1.99,3.78,67,78,78,56,39,56,84,67,73,8.96,-1.33,2.46,4.25,2.13,0.00,1.12,0.00,0.00,0.00,0.00,N/A
1782320400,Jun 24 2026 - 5:00pm,complete,N/A,Töölön Taisto,VJS II,N/A,N/A,1.00,1.22,1.08,1.43,3,1,4,3,3,0,"11,16,35","62",9,6,0,0,0,0,0,0,0,0,13,14,6,5,7,9,20,11,43,57,1.18,1.80,1.59,1.75,4.46,71,95,83,66,29,66,95,54,89,10.13,-0.71,3.35,4.25,1.76,0.00,1.25,0.00,0.00,0.00,0.00,N/A
1782320400,Jun 24 2026 - 5:00pm,complete,N/A,JäPS II,Atlantis II,N/A,N/A,1.56,2.00,1.85,1.36,3,2,5,2,2,0,"32,39,53","77,87",5,2,0,0,0,0,0,0,0,0,16,12,9,5,7,7,13,12,44,56,1.71,1.82,2.18,1.51,3.67,73,78,73,62,28,22,89,62,73,13.17,-1.12,1.54,4.45,4.45,0.00,1.28,0.00,0.00,0.00,0.00,N/A
1782321300,Jun 24 2026 - 5:15pm,complete,N/A,LePa,EPS II,N/A,N/A,1.89,0.67,1.86,0.86,1,2,3,0,0,0,"55","49,81",4,4,0,0,0,0,0,0,0,0,14,9,8,6,6,3,6,15,38,62,1.36,1.37,2.46,1.61,4.34,73,84,73,73,45,56,95,73,78,9.15,-1.11,1.73,4.10,3.32,0.00,1.20,0.00,0.00,0.00,0.00,N/A
1782403200,Jun 25 2026 - 4:00pm,complete,N/A,Atlantis / PM,TiPS,N/A,N/A,0.89,1.33,1.21,1.23,4,2,6,4,4,0,"8,11,26,37","49,69",8,6,0,0,0,0,0,0,0,0,18,14,8,5,10,9,10,7,50,50,1.69,1.48,2.12,1.54,5.17,89,100,89,78,62,73,89,78,95,9.69,-0.78,2.50,5.45,3.62,0.00,1.08,0.00,0.00,0.00,0.00,Pukinmäki liikuntapuisto
1782406800,Jun 25 2026 - 5:00pm,complete,N/A,PPJ / Ruoholahti,NuPS,N/A,N/A,1.00,1.30,1.07,1.57,1,6,7,4,1,3,"18","18,23,43,54,68,84",2,7,0,0,0,0,0,0,0,0,3,12,2,9,1,3,7,8,51,49,1.15,1.48,0.64,1.80,3.19,59,90,54,27,11,27,63,54,79,8.89,-1.38,2.70,3.75,2.15,0.00,1.40,0.00,0.00,0.00,0.00,N/A
1782407700,Jun 25 2026 - 5:15pm,complete,N/A,HooGee,EIF II,N/A,N/A,1.11,2.11,0.71,2.43,2,4,6,3,1,2,"31,79","17,41,9002,9003",4,3,1,0,0,0,0,1,0,0,16,15,8,8,8,7,7,11,45,55,1.21,1.65,2.11,2.02,4.89,78,100,78,61,34,50,95,67,95,10.11,-1.45,12.50,7.40,1.13,0.00,1.10,0.00,0.00,0.00,0.00,N/A
1782407700,Jun 25 2026 - 5:15pm,complete,N/A,HPS II,ToTe,N/A,N/A,1.40,1.78,1.07,2.07,2,3,5,4,1,3,"1,61","28,42,45",5,5,0,0,0,0,0,0,0,0,13,10,6,7,7,3,9,5,47,53,1.77,1.68,1.83,1.65,4.28,78,95,78,62,36,41,79,74,90,12.49,-0.82,4.31,4.30,1.57,0.00,1.28,0.00,0.00,0.00,0.00,N/A
1782486000,Jun 26 2026 - 3:00pm,canceled,N/A,ToTe / Tapio,MK-United,N/A,N/A,0.33,1.00,0.46,1.00,0,0,0,0,0,0,"","",-1,-1,-1,-1,-1,-1,-1,-1,-1,-1,-1,-1,-1,-1,-1,-1,-1,-1,-1,-1,0.89,1.34,0.00,0.00,3.82,77,89,83,59,29,41,94,66,71,8.61,-1.06,0.00,0.00,0.00,0.00,0.00,0.00,0.00,0.00,0.00,N/A
1782486900,Jun 26 2026 - 3:15pm,complete,N/A,LPS,Kontu,N/A,N/A,1.90,0.78,1.79,1.00,4,3,7,3,3,0,"32,42,44,52","55,58,67",0,5,-1,-1,-1,-1,-1,-1,-1,-1,8,10,5,6,3,4,-1,-1,50,50,1.21,1.22,1.04,1.41,4.54,73,84,78,68,42,57,79,58,74,8.88,-1.26,1.53,4.80,3.90,0.00,1.10,0.00,0.00,0.00,0.00,Hertta Areena
1782487800,Jun 26 2026 - 3:30pm,complete,N/A,PPS,PPJ / Lauttasaari,N/A,N/A,0.33,2.00,0.43,1.86,0,9,9,3,0,3,"","22,23,42,49,60,67,68,74,90'1",8,5,0,0,0,0,0,0,0,0,14,24,4,15,10,9,5,4,43,57,0.76,2.13,1.42,3.05,4.62,56,89,84,62,39,61,73,62,78,10.32,-1.12,17.00,10.00,1.05,0.00,1.08,0.00,0.00,0.00,0.00,N/A
1782491400,Jun 26 2026 - 4:30pm,complete,N/A,Valtti,MPS Atletico Malmi,N/A,N/A,1.67,2.40,1.57,2.07,2,1,3,3,2,1,"10,19","42",2,7,0,0,0,0,0,0,0,0,8,18,5,4,3,14,19,15,37,63,1.32,1.21,1.09,2.02,4.16,69,95,89,58,32,52,90,79,100,9.50,-1.16,2.45,3.75,2.23,0.00,1.25,0.00,0.00,0.00,0.00,N/A
1782561600,Jun 27 2026 - 12:00pm,complete,N/A,Futura,Gnistan / Ogeli,N/A,N/A,2.78,1.11,2.67,1.14,8,0,8,6,6,0,"15,19,23,27,42,45'1,88,90'1","",-1,-1,-1,-1,-1,-1,-1,-1,-1,-1,-1,-1,-1,-1,-1,-1,-1,-1,-1,-1,0.00,1.62,0.00,0.00,4.45,84,89,78,73,45,45,89,78,89,4.88,-1.44,1.11,7.90,10.50,0.00,0.00,0.00,0.00,0.00,0.00,N/A
1782565200,Jun 27 2026 - 1:00pm,complete,N/A,Ponnistus,TuPS,N/A,N/A,0.78,1.33,0.85,1.36,0,0,0,0,0,0,"","",4,6,-1,-1,-1,-1,-1,-1,-1,-1,7,9,2,5,5,4,-1,-1,43,57,1.04,1.51,0.88,1.47,4.45,67,78,78,61,39,44,89,61,89,10.36,-1.44,4.75,5.00,1.33,0.00,1.22,0.00,0.00,0.00,0.00,N/A
1782644400,Jun 28 2026 - 11:00am,complete,N/A,SexyPöxyt,MPS,N/A,N/A,1.90,0.90,1.79,0.86,2,3,5,3,2,1,"7,11","31,47,54",2,6,0,0,0,0,0,0,0,0,14,12,6,8,8,4,8,8,58,42,1.35,1.16,1.80,1.74,3.15,45,80,50,35,25,50,70,40,60,7.08,-1.60,1.46,4.70,4.30,0.00,1.28,0.00,0.00,0.00,0.00,N/A
1782648000,Jun 28 2026 - 12:00pm,complete,N/A,GrIFK U23,EsPa,N/A,N/A,0.89,2.44,1.00,2.43,4,2,6,1,1,0,"22,55,59,90'3","82,85",5,9,0,0,0,0,0,0,0,0,8,16,4,7,4,9,7,13,41,59,1.72,1.49,1.31,2.25,3.78,73,95,78,50,28,73,84,62,84,12.63,-1.67,6.27,5.05,1.35,0.00,1.28,0.00,0.00,0.00,0.00,Kauniaisten Keskuskenttä
1782838800,Jun 30 2026 - 5:00pm,complete,N/A,PPJ / Lauttasaari,Atlantis / PM,N/A,N/A,2.10,1.10,1.86,1.21,6,2,8,4,3,1,"10,34,35,49,61,84","45,90'1",7,3,0,0,0,0,0,0,0,0,26,9,12,4,14,5,6,8,50,50,2.25,1.75,2.85,1.12,5.25,80,90,90,80,55,75,95,70,90,12.52,-0.70,1.25,5.50,5.50,0.00,1.12,0.00,0.00,0.00,0.00,N/A
1782921600,Jul 01 2026 - 4:00pm,complete,N/A,Gilla,HooGee,N/A,N/A,1.10,1.00,1.21,0.71,6,3,9,5,3,2,"12,39,43,61,81,88","24,32,90'3",6,7,0,0,0,0,0,0,0,0,12,12,8,6,4,6,5,5,57,43,1.57,1.30,1.71,1.61,3.95,85,100,80,50,30,55,95,55,75,8.64,-1.00,1.50,4.80,3.72,0.00,1.20,0.00,0.00,0.00,0.00,N/A
1782927900,Jul 01 2026 - 5:45pm,complete,N/A,MPS,EIF II,N/A,N/A,1.09,2.20,0.86,2.43,0,4,4,2,0,2,"","4,35,51,58",5,3,0,0,0,0,0,0,0,0,5,9,1,5,4,4,4,14,45,55,1.22,1.69,0.88,1.45,4.19,59,82,54,54,39,58,87,49,73,10.10,-1.33,5.25,6.00,1.29,0.00,1.20,0.00,0.00,0.00,0.00,N/A
1783008000,Jul 02 2026 - 4:00pm,complete,N/A,TuPS,TiPS / 2,N/A,N/A,1.30,0.50,1.36,0.57,4,0,4,2,2,0,"13,44,59,76","",3,2,0,0,0,0,0,0,0,0,23,5,10,1,13,4,4,9,45,55,1.50,1.25,2.69,0.62,3.50,55,75,65,50,35,45,80,45,75,10.75,-1.10,1.14,7.60,9.50,0.00,1.20,0.00,0.00,0.00,0.00,N/A
1783008900,Jul 02 2026 - 4:15pm,complete,N/A,Kontu,PPS,N/A,N/A,0.70,0.30,1.00,0.43,4,3,7,2,1,1,"45'1,55,57,65","24,66,67",14,2,0,0,0,0,0,0,0,0,14,9,7,4,7,5,8,13,62,38,1.24,0.84,1.97,1.20,4.50,50,85,75,60,45,50,70,65,75,9.22,-1.10,1.02,12.00,21.00,0.00,1.11,0.00,0.00,0.00,0.00,Talin jalkapallohalli
1783008900,Jul 02 2026 - 4:15pm,complete,N/A,Gnistan / Ogeli,Lahti II,N/A,N/A,1.00,1.70,1.14,1.69,0,2,2,1,0,1,"","38,84",3,6,0,0,0,0,0,0,0,0,4,25,3,11,1,14,10,6,46,54,1.62,1.31,0.66,2.87,3.45,65,80,70,55,25,40,90,65,75,9.76,-1.40,2.32,4.20,2.26,0.00,1.20,0.00,0.00,0.00,0.00,N/A
1783090800,Jul 03 2026 - 3:00pm,complete,N/A,NuPS,GrIFK U23,N/A,N/A,1.45,1.10,1.57,1.00,3,0,3,2,2,0,"29,45'1,58","",-1,-1,-1,-1,-1,-1,-1,-1,-1,-1,-1,-1,-1,-1,-1,-1,-1,-1,-1,-1,1.51,1.68,0.00,0.00,3.55,73,96,63,44,24,54,87,58,91,10.43,-1.25,1.72,4.05,3.24,0.00,1.36,0.00,0.00,0.00,0.00,Kuoppanummi Nurmi
1783095300,Jul 03 2026 - 4:15pm,complete,N/A,EsPa,LePa,N/A,N/A,2.20,1.70,2.43,1.86,2,0,2,1,1,0,"41,89","",6,3,0,0,0,0,0,0,0,0,8,5,4,2,4,3,14,5,51,49,1.59,1.50,1.17,0.69,3.85,70,90,75,60,35,45,80,70,80,12.57,-1.40,1.07,8.80,7.54,0.00,1.20,0.00,0.00,0.00,0.00,Matinkylän urheilupuisto
1783096200,Jul 03 2026 - 4:30pm,complete,N/A,ToTe,Töölön Taisto,N/A,N/A,1.90,1.22,2.07,1.08,4,1,5,3,2,1,"27,31,78,90'2","38",0,5,0,0,0,0,0,0,0,0,12,13,6,4,6,9,4,5,52,48,1.68,1.22,1.48,1.40,3.91,64,95,75,70,26,49,85,63,95,10.31,-0.53,1.44,4.60,4.75,0.00,1.25,0.00,0.00,0.00,0.00,N/A
1783098000,Jul 03 2026 - 5:00pm,complete,N/A,EPS II,PPJ / Ruoholahti,N/A,N/A,0.90,0.90,0.86,1.07,1,5,6,2,1,1,"2","21,64,73,78,86",3,4,0,0,0,0,0,0,0,0,10,24,6,13,4,11,5,10,51,49,1.40,1.09,1.45,2.86,4.35,70,85,75,50,35,50,70,70,75,7.66,-1.10,2.40,4.05,2.26,0.00,1.25,0.00,0.00,0.00,0.00,N/A
1783098000,Jul 03 2026 - 5:00pm,canceled,N/A,MK-United,Ponnistus,N/A,N/A,1.00,0.80,1.00,0.85,0,0,0,0,0,0,"","",-1,-1,-1,-1,-1,-1,-1,-1,-1,-1,-1,-1,-1,-1,-1,-1,-1,-1,-1,-1,1.34,1.01,0.00,0.00,4.12,78,84,84,60,28,33,84,73,83,9.46,-1.50,0.00,0.00,0.00,0.00,0.00,0.00,0.00,0.00,0.00,N/A
1783159200,Jul 04 2026 - 10:00am,complete,412,RiPS,ToTe / Tapio,N/A,N/A,1.78,0.33,1.69,0.46,5,1,6,3,2,1,"22,38,75,83,86","24",10,8,0,0,0,0,0,0,0,0,32,12,13,4,19,8,10,12,58,42,1.27,0.89,3.57,1.40,4.17,84,89,84,73,45,62,100,62,78,6.75,-1.12,1.11,8.70,9.80,0.00,1.14,0.00,1.85,0.00,0.00,N/A
1783170000,Jul 04 2026 - 1:00pm,complete,N/A,Atlantis II,Futura,N/A,N/A,1.80,2.80,1.36,2.67,0,1,1,0,0,0,"","46",-1,-1,-1,-1,-1,-1,-1,-1,-1,-1,-1,-1,-1,-1,-1,-1,-1,-1,-1,-1,1.77,0.00,0.00,0.00,4.65,75,80,75,70,50,40,90,75,85,4.71,-1.50,3.21,4.86,1.69,0.00,0.00,0.00,0.00,0.00,0.00,N/A
1783263600,Jul 05 2026 - 3:00pm,complete,N/A,VJS II,Valtti,N/A,N/A,1.10,1.80,1.43,1.57,3,4,7,3,2,1,"25,37,59","20,54,80,90",14,5,0,0,0,0,0,0,0,0,12,10,6,6,6,4,12,5,53,47,1.79,1.30,1.88,1.45,4.35,75,90,80,50,30,55,90,50,85,11.44,-0.80,1.99,4.05,2.84,0.00,1.25,0.00,0.00,0.00,0.00,N/A
1784736000,Jul 22 2026 - 4:00pm,complete,N/A,LePa,Gilla,N/A,N/A,1.55,1.27,1.86,1.21,2,0,2,0,0,0,"84,90'3","",1,8,-1,-1,-1,-1,-1,-1,-1,-1,5,20,2,6,3,14,-1,-1,48,52,1.41,1.58,0.76,2.18,4.05,87,96,78,60,36,55,96,64,73,9.49,-0.91,2.20,3.90,2.45,0.00,1.25,0.00,0.00,0.00,0.00,N/A
1784739600,Jul 22 2026 - 5:00pm,complete,N/A,JäPS II,Gnistan / Ogeli,N/A,N/A,1.70,0.91,1.85,1.14,3,1,4,1,0,1,"52,58,63","4",13,3,0,0,0,0,0,0,0,0,16,11,6,5,10,6,4,11,57,43,1.77,1.51,2.05,1.29,3.85,72,90,77,67,34,38,91,67,81,12.30,-0.95,1.25,6.10,8.20,0.00,1.22,0.00,0.00,0.00,0.00,N/A
1784818800,Jul 23 2026 - 3:00pm,complete,N/A,Töölön Taisto,TiPS,N/A,N/A,1.10,1.20,1.08,1.23,1,1,2,0,0,0,"84","73",2,2,-1,-1,-1,-1,-1,-1,-1,-1,6,5,4,3,2,2,-1,-1,61,39,1.24,1.49,0.74,0.58,4.65,75,100,85,80,45,80,90,70,95,8.73,-0.80,1.85,4.25,3.07,0.00,1.14,0.00,0.00,0.00,0.00,N/A
1784822400,Jul 23 2026 - 4:00pm,complete,N/A,Atlantis / PM,Kontu,N/A,N/A,1.00,0.91,1.21,1.00,3,2,5,2,1,1,"39,82,83","45'1,64",1,1,-1,-1,-1,-1,-1,-1,-1,-1,12,10,8,5,4,5,-1,-1,50,50,1.67,1.30,1.93,1.42,4.96,82,87,82,78,59,64,91,73,87,11.57,-0.73,1.36,5.15,5.79,0.00,1.16,0.00,0.00,0.00,0.00,Pukinmäki liikuntapuisto
1784823300,Jul 23 2026 - 4:15pm,complete,N/A,TiPS / 2,Atlantis II,N/A,N/A,0.45,1.64,0.57,1.36,3,2,5,1,1,0,"37,74,90'3","50,54",11,0,0,0,0,0,0,0,0,0,23,8,11,5,12,3,14,4,55,45,1.17,1.77,2.83,1.17,3.64,69,82,69,60,27,37,82,60,82,8.46,-1.10,9.35,5.70,1.22,0.00,0.00,0.00,0.00,0.00,0.00,N/A
1784826000,Jul 23 2026 - 5:00pm,complete,N/A,Ponnistus,SibboV,N/A,N/A,0.80,1.90,0.85,2.08,0,2,2,1,0,1,"","45,81",2,9,-1,-1,-1,-1,-1,-1,-1,-1,3,21,1,8,2,13,-1,-1,44,56,1.01,1.95,0.47,2.22,4.75,85,90,90,75,40,50,80,80,90,8.04,-1.50,5.53,4.85,1.40,0.00,1.22,0.00,0.00,0.00,0.00,N/A
1784826900,Jul 23 2026 - 5:15pm,complete,N/A,HooGee,SexyPöxyt,N/A,N/A,0.91,1.73,0.71,1.79,1,2,3,1,1,0,"38","63,73",6,5,0,0,0,0,0,0,0,0,15,13,8,5,7,8,11,10,52,48,1.33,1.40,2.00,1.57,4.36,73,100,82,55,36,55,82,69,87,7.12,-1.28,3.33,4.10,1.80,0.00,1.20,0.00,0.00,0.00,0.00,N/A
1784906100,Jul 24 2026 - 3:15pm,complete,N/A,LPS,VJS II,N/A,N/A,2.00,1.00,1.79,1.43,0,3,3,1,0,1,"","17,55,89",4,4,0,0,0,0,0,0,0,0,11,11,3,5,8,6,7,14,43,57,1.19,1.80,1.25,1.51,5.23,87,96,91,69,46,69,87,55,82,10.34,-1.00,2.60,4.20,2.03,0.00,1.14,0.00,0.00,0.00,0.00,Hertta Areena
1784908800,Jul 24 2026 - 4:00pm,complete,N/A,MPS Atletico Malmi,PPS,N/A,N/A,2.18,0.27,2.07,0.43,2,1,3,2,2,0,"24,42","73",9,9,0,0,0,0,0,0,0,0,17,12,10,5,7,7,9,11,58,42,1.30,0.88,2.11,1.42,4.64,59,100,96,60,41,60,78,78,87,8.11,-1.00,1.02,17.50,34.00,0.00,1.08,0.00,0.00,0.00,0.00,Pukinmäki liikuntapuisto
1784908800,Jul 24 2026 - 4:00pm,complete,N/A,ToTe / Tapio,TuPS,N/A,N/A,0.30,1.45,0.46,1.36,3,1,4,3,3,0,"16,21,45'1","58",3,3,0,0,0,0,0,0,0,0,11,12,5,3,6,9,8,4,38,62,0.95,1.64,1.32,1.53,3.83,58,77,72,58,38,53,91,53,72,9.66,-0.95,11.00,7.40,1.17,0.00,1.16,0.00,0.00,0.00,0.00,N/A
1784910600,Jul 24 2026 - 4:30pm,complete,N/A,Valtti,ToTe,N/A,N/A,1.91,2.00,1.57,2.07,0,2,2,2,0,2,"","10,30",7,3,0,0,0,0,0,0,0,0,11,9,4,6,7,3,7,11,51,49,1.31,1.66,1.67,1.48,4.05,69,91,73,55,36,41,82,69,91,10.41,-0.63,2.40,3.90,2.10,0.00,1.28,0.00,0.00,0.00,0.00,N/A
1784910600,Jul 24 2026 - 4:30pm,canceled,N/A,Lahti II,MK-United,N/A,N/A,1.82,1.00,1.69,1.00,0,0,0,0,0,0,"","",-1,-1,-1,-1,-1,-1,-1,-1,-1,-1,-1,-1,-1,-1,-1,-1,-1,-1,-1,-1,1.48,1.34,0.00,0.00,3.14,60,76,72,43,22,31,90,60,70,10.86,-1.32,0.00,0.00,0.00,0.00,0.00,0.00,0.00,0.00,0.00,N/A
1785067200,Jul 26 2026 - 12:00pm,complete,N/A,GrIFK U23,EPS II,N/A,N/A,1.00,0.82,1.00,0.86,0,2,2,1,0,1,"","17,85",8,6,0,0,0,0,0,0,0,0,8,9,5,4,3,5,11,7,42,58,1.68,1.41,1.29,1.17,4.37,78,91,82,60,41,73,91,69,87,9.11,-1.09,2.06,4.70,2.48,0.00,1.16,0.00,0.00,0.00,0.00,Kauniaisten Keskuskenttä
1785074400,Jul 26 2026 - 2:00pm,complete,N/A,Futura,RiPS,N/A,N/A,2.82,1.90,2.67,1.69,2,0,2,1,1,0,"2,80","",-1,-1,-1,-1,-1,-1,-1,-1,-1,-1,-1,-1,-1,-1,-1,-1,-1,-1,-1,-1,0.00,1.56,0.00,0.00,4.75,77,82,82,77,62,63,91,72,91,4.75,-1.50,0.00,0.00,0.00,0.00,0.00,0.00,0.00,0.00,0.00,N/A
1785085200,Jul 26 2026 - 5:00pm,complete,N/A,PPJ / Lauttasaari,HPS II,N/A,N/A,2.18,1.27,1.86,1.07,3,3,6,5,2,3,"2,6,65","11,19,33",9,7,0,0,0,0,0,0,0,0,13,12,9,8,4,4,8,9,63,37,2.31,1.77,1.96,1.67,5.18,82,91,91,78,50,78,91,64,87,12.88,-1.00,1.30,5.75,5.88,0.00,1.12,0.00,0.00,0.00,0.00,N/A
1785168000,Jul 27 2026 - 4:00pm,complete,N/A,LoPa,EsPa,N/A,N/A,1.45,2.27,1.36,2.43,0,2,2,0,0,0,"","82,90'1",3,5,0,0,0,0,0,0,0,0,10,19,4,10,6,9,14,11,42,58,1.44,1.54,1.24,2.40,3.37,55,87,64,41,27,41,78,60,82,10.63,-1.37,4.40,4.33,1.53,0.00,1.33,0.00,0.00,0.00,0.00,Harjun urheilukenttä
1785171600,Jul 27 2026 - 5:00pm,complete,N/A,PPJ / Ruoholahti,EIF II,N/A,N/A,1.09,2.27,1.07,2.43,0,4,4,2,0,2,"","18,39,64,80",5,4,0,0,0,0,0,0,0,0,8,9,5,5,3,4,3,11,57,43,1.27,1.67,1.43,1.46,5.09,78,96,82,64,41,59,82,78,87,9.16,-1.19,7.65,5.85,1.25,0.00,1.14,0.00,0.00,0.00,0.00,N/A
1785339000,Jul 29 2026 - 3:30pm,complete,N/A,TiPS,Valtti,N/A,N/A,1.18,1.75,1.23,1.57,3,2,5,2,2,0,"32,34,90'3","47,73",5,6,0,0,0,0,0,0,0,0,11,11,5,7,6,4,10,12,47,53,1.39,1.35,1.58,1.86,4.45,75,96,74,57,44,66,83,70,87,9.34,-0.97,2.80,4.25,2.10,0.00,1.16,0.00,0.00,0.00,0.00,Tikkurila urheilupuisto nurmi
1785427200,Jul 30 2026 - 4:00pm,complete,N/A,EIF II,GrIFK U23,N/A,N/A,2.33,0.92,2.43,1.00,2,1,3,0,0,0,"76,84","56",5,3,0,0,0,0,0,0,0,0,11,11,4,5,7,6,15,12,47,53,1.65,1.64,1.33,1.44,4.79,75,100,83,67,38,75,100,71,96,10.85,-1.17,1.18,6.50,11.00,0.00,1.20,0.00,0.00,0.00,0.00,N/A
1785429000,Jul 30 2026 - 4:30pm,complete,N/A,TuPS,Futura,N/A,N/A,1.33,2.83,1.36,2.67,0,1,1,1,0,1,"","31",-1,-1,-1,-1,-1,-1,-1,-1,-1,-1,-1,-1,-1,-1,-1,-1,-1,-1,-1,-1,1.62,0.00,0.00,0.00,4.13,50,71,67,59,46,50,83,55,84,6.00,-1.42,0.00,0.00,0.00,0.00,0.00,0.00,0.00,0.00,0.00,N/A
1785430800,Jul 30 2026 - 5:00pm,complete,N/A,PPJ / Lauttasaari,LPS,N/A,N/A,2.08,1.83,1.86,1.79,0,1,1,1,0,1,"","36",5,4,0,0,0,0,0,0,0,0,16,15,3,5,13,10,11,7,56,44,2.28,1.20,2.16,1.83,5.38,75,92,92,75,50,75,88,63,83,10.20,-1.09,1.39,5.10,5.37,0.00,1.14,0.00,0.00,0.00,0.00,N/A
1785510000,Jul 31 2026 - 3:00pm,complete,N/A,NuPS,HooGee,N/A,N/A,1.58,0.83,1.57,0.71,4,3,7,2,1,1,"40,63,69,90'2","30,79,87",4,1,-1,-1,-1,-1,-1,-1,-1,-1,19,12,8,7,11,5,-1,-1,56,44,1.51,1.38,2.24,1.60,3.63,63,96,63,38,21,38,84,55,92,9.68,-1.08,1.30,6.00,6.25,0.00,1.25,0.00,0.00,0.00,0.00,Kuoppanummi Nurmi
1785511800,Jul 31 2026 - 3:30pm,complete,N/A,LoPa,EPS II,N/A,N/A,1.33,1.00,1.36,0.86,4,1,5,4,4,0,"10,18,44,45'2","68",2,4,-1,-1,-1,-1,-1,-1,-1,-1,4,2,4,2,0,0,-1,-1,55,45,1.42,1.38,0.88,0.58,3.71,59,83,63,46,34,46,79,67,83,7.30,-0.91,1.47,4.60,5.25,0.00,1.28,0.00,0.00,0.00,0.00,Harjun urheilukenttä
1785511800,Jul 31 2026 - 3:30pm,complete,N/A,RiPS,Ponnistus,N/A,N/A,1.73,0.73,1.69,0.85,1,0,1,1,1,0,"45","",3,9,-1,-1,-1,-1,-1,-1,-1,-1,13,13,4,5,9,8,-1,-1,47,53,1.56,0.92,1.47,1.57,4.32,78,87,78,69,41,50,91,64,91,8.08,-1.55,1.33,5.75,5.25,0.00,1.20,0.00,0.00,0.00,0.00,N/A
1785513600,Jul 31 2026 - 4:00pm,complete,N/A,Kontu,HPS II,N/A,N/A,0.83,1.25,1.00,1.07,3,2,5,1,1,0,"45,79,85","49,90",1,6,-1,-1,-1,-1,-1,-1,-1,-1,10,11,9,4,1,7,-1,-1,47,53,1.31,1.76,1.58,1.36,4.71,84,88,84,75,54,67,88,63,84,11.92,-1.08,2.57,3.70,2.05,0.00,1.16,0.00,0.00,0.00,0.00,Talin jalkapallohalli
1785513600,Jul 31 2026 - 4:00pm,canceled,N/A,MK-United,JäPS II,N/A,N/A,1.00,1.82,1.00,1.85,0,0,0,0,0,0,"","",-1,-1,-1,-1,-1,-1,-1,-1,-1,-1,-1,-1,-1,-1,-1,-1,-1,-1,-1,-1,1.34,1.80,0.00,0.00,3.68,74,85,85,62,31,31,90,70,74,14.08,-0.95,0.00,0.00,0.00,0.00,0.00,0.00,0.00,0.00,0.00,N/A
1785513600,Jul 31 2026 - 4:00pm,complete,N/A,MPS,Gilla,N/A,N/A,1.00,1.17,0.86,1.21,2,3,5,4,1,3,"43,65","15,27,33",8,4,0,0,0,0,0,0,0,0,12,13,5,7,7,6,12,11,47,53,1.19,1.64,1.45,1.63,3.34,59,84,54,42,30,59,84,42,59,9.46,-1.09,3.55,3.50,1.75,0.00,1.40,0.00,0.00,0.00,0.00,N/A
1785514500,Jul 31 2026 - 4:15pm,complete,N/A,EsPa,PPJ / Ruoholahti,N/A,N/A,2.33,1.00,2.43,1.07,1,0,1,0,0,0,"78","",2,1,0,0,0,0,0,0,0,0,10,9,4,0,6,9,12,11,54,46,1.63,1.29,1.65,1.02,3.92,59,92,71,46,29,46,67,67,79,11.00,-1.25,1.12,8.50,14.00,0.00,1.20,0.00,0.00,0.00,0.00,Matinkylän urheilupuisto
1785518100,Jul 31 2026 - 5:15pm,complete,N/A,SexyPöxyt,LePa,N/A,N/A,1.83,1.67,1.79,1.86,1,5,6,2,0,2,"49","44,45'1,56,69,77",2,4,-1,-1,-1,-1,-1,-1,-1,-1,7,16,2,15,5,1,-1,-1,42,58,1.42,1.35,0.94,2.34,3.88,71,96,75,54,34,46,79,75,83,7.40,-1.25,1.59,4.20,3.70,0.00,1.22,0.00,0.00,0.00,0.00,N/A
1785574800,Aug 01 2026 - 9:00am,complete,N/A,Gnistan / Ogeli,TiPS / 2,N/A,N/A,0.83,0.67,1.14,0.57,2,0,2,1,1,0,"39,50","",5,4,0,0,0,0,0,0,0,0,13,8,6,3,7,5,14,3,53,47,1.49,1.36,1.85,1.19,3.88,71,96,75,67,29,42,88,67,88,9.06,-0.92,1.61,4.20,3.70,0.00,1.20,0.00,0.00,0.00,0.00,Mustapekka Areena
1785578400,Aug 01 2026 - 10:00am,complete,N/A,SibboV,ToTe / Tapio,N/A,N/A,2.00,0.55,2.08,0.46,4,2,6,2,1,1,"19,67,83,84","26,81",10,5,0,0,0,0,0,0,0,0,15,9,7,3,8,6,13,6,51,49,1.98,0.99,1.91,1.09,4.41,82,96,87,73,41,60,91,69,82,8.20,-1.00,1.14,7.00,10.00,0.00,1.12,0.00,0.00,0.00,0.00,N/A
1785578400,Aug 01 2026 - 10:00am,complete,N/A,ToTe,PPS,N/A,N/A,2.08,0.25,2.07,0.43,3,1,4,2,2,0,"11,43,54","78",8,4,0,0,0,0,0,0,0,0,11,7,5,2,6,5,8,8,65,35,1.64,0.93,1.72,1.01,4.34,54,96,75,54,42,46,71,67,83,9.35,-0.59,1.05,12.00,35.00,0.00,1.07,0.00,0.00,0.00,0.00,N/A
1785585600,Aug 01 2026 - 12:00pm,complete,N/A,MPS Atletico Malmi,Töölön Taisto,N/A,N/A,2.25,1.09,2.07,1.08,2,2,4,0,0,0,"72,90","56,63",10,8,0,0,0,0,0,0,0,0,11,14,5,4,6,10,11,11,53,47,1.38,1.19,1.66,1.73,4.00,74,100,91,66,26,70,92,70,96,8.96,-0.86,1.62,4.33,3.70,0.00,1.22,0.00,0.00,0.00,0.00,Pukinmäki liikuntapuisto
1785589200,Aug 01 2026 - 1:00pm,complete,N/A,Atlantis II,Lahti II,N/A,N/A,1.50,1.82,1.36,1.69,1,1,2,1,1,0,"36","61",6,9,0,0,0,0,0,0,0,0,4,10,2,1,2,9,5,12,48,52,1.70,1.48,0.93,1.35,3.20,60,70,61,47,26,27,87,56,74,9.13,-1.32,2.31,3.80,2.25,0.00,1.36,0.00,0.00,0.00,0.00,N/A
1785601800,Aug 01 2026 - 4:30pm,complete,N/A,VJS II,Atlantis / PM,N/A,N/A,1.17,1.17,1.43,1.21,10,1,11,4,4,0,"10,30,42,45,52,54,60,83,85,88","76",7,1,0,0,0,0,0,0,0,0,22,6,13,4,9,2,7,6,56,44,1.78,1.70,3.15,1.22,5.17,88,96,92,71,54,67,96,67,92,11.86,-0.50,1.25,6.00,7.00,0.00,1.08,0.00,0.00,0.00,0.00,N/A
1785772800,Aug 03 2026 - 4:00pm,complete,N/A,Futura,JäPS II,N/A,N/A,2.85,1.82,2.67,1.85,1,2,3,2,0,2,"56","10,29",-1,-1,-1,-1,-1,-1,-1,-1,-1,-1,-1,-1,-1,-1,-1,-1,-1,-1,-1,-1,0.00,1.80,0.00,0.00,4.10,64,76,72,68,45,41,88,63,79,8.22,-1.45,0.00,0.00,0.00,0.00,0.00,0.00,0.00,0.00,0.00,N/A
1785942900,Aug 05 2026 - 3:15pm,complete,N/A,TuPS,Atlantis II,N/A,N/A,1.23,1.46,1.36,1.36,7,2,9,2,2,0,"29,40,48,64,65,67,71","76,89",7,3,-1,-1,-1,-1,-1,-1,-1,-1,41,5,23,3,18,2,-1,-1,62,38,1.62,1.61,4.91,0.82,3.47,58,70,62,50,31,31,85,50,77,10.33,-0.92,1.42,4.65,5.48,0.00,1.28,0.00,0.00,0.00,0.00,N/A
1785950100,Aug 05 2026 - 5:15pm,complete,N/A,LePa,LoPa,N/A,N/A,1.77,1.46,1.86,1.36,3,2,5,3,2,1,"8,11,52","33,50",3,6,-1,-1,-1,-1,-1,-1,-1,-1,4,12,4,9,0,3,-1,-1,40,60,1.44,1.37,0.91,2.15,3.39,62,89,66,50,27,38,81,70,85,7.63,-1.24,1.66,4.10,3.82,0.00,1.33,0.00,0.00,0.00,0.00,N/A
1786028400,Aug 06 2026 - 3:00pm,complete,N/A,Töölön Taisto,Valtti,N/A,N/A,1.08,1.62,1.08,1.57,1,1,2,0,0,0,"54","87",8,2,0,0,0,0,0,0,0,0,15,9,8,2,7,7,12,10,46,54,1.24,1.39,2.06,1.31,4.08,72,96,80,69,32,65,88,65,93,10.17,-0.71,2.50,3.55,2.10,0.00,1.28,0.00,0.00,0.00,0.00,N/A
1786032000,Aug 06 2026 - 4:00pm,complete,N/A,Atlantis / PM,HPS II,N/A,N/A,1.08,1.15,1.21,1.07,4,3,7,4,3,1,"3,25,43,84","7,75,78",2,8,0,0,0,0,0,0,0,0,7,14,5,8,2,6,4,8,41,59,1.65,1.73,0.98,1.66,5.54,100,100,100,89,70,73,96,74,96,11.25,-0.77,2.55,4.30,2.35,0.00,1.10,0.00,0.00,0.00,0.00,Pukinmäki liikuntapuisto
1786032000,Aug 06 2026 - 4:00pm,complete,N/A,TiPS / 2,Ponnistus,N/A,N/A,0.62,0.67,0.57,0.85,1,4,5,2,0,2,"68","21,32,46,77",5,1,-1,-1,-1,-1,-1,-1,-1,-1,3,6,2,4,1,2,-1,-1,37,63,1.34,1.01,0.76,0.91,3.85,65,84,68,60,28,40,84,56,84,8.64,-1.46,2.40,3.68,2.25,0.00,1.33,0.00,0.00,0.00,0.00,N/A
1786032000,Aug 06 2026 - 4:00pm,complete,N/A,EIF II,EPS II,N/A,N/A,2.38,0.92,2.43,0.86,3,0,3,1,1,0,"21,61,64","",7,1,-1,-1,-1,-1,-1,-1,-1,-1,18,10,8,3,10,7,-1,-1,52,48,1.62,1.31,2.25,1.17,5.04,73,93,77,70,50,66,89,74,93,9.23,-0.84,1.06,9.10,10.00,0.00,1.07,0.00,0.00,0.00,0.00,N/A
1786035600,Aug 06 2026 - 5:00pm,complete,N/A,PPJ / Ruoholahti,HooGee,N/A,N/A,0.92,0.77,1.07,0.71,3,2,5,2,1,1,"33,69,90'1","45,64",9,2,0,0,0,0,0,0,0,0,13,19,4,5,9,14,14,8,58,42,1.26,1.40,1.63,2.05,4.23,70,93,81,50,27,46,77,69,85,7.98,-1.08,2.15,4.00,2.60,0.00,1.22,0.00,0.00,0.00,0.00,N/A
1786037400,Aug 06 2026 - 5:30pm,complete,N/A,MPS,GrIFK U23,N/A,N/A,0.92,0.85,0.86,1.00,0,3,3,1,0,1,"","45,70,90'2",2,5,0,0,0,0,0,0,0,0,3,15,1,4,2,11,15,6,39,61,1.21,1.62,0.67,2.11,3.20,54,85,62,42,23,62,85,43,73,10.19,-1.24,2.30,3.55,2.25,0.00,1.44,0.00,0.00,0.00,0.00,N/A
1786116600,Aug 07 2026 - 3:30pm,complete,N/A,RiPS,Gnistan / Ogeli,N/A,N/A,1.83,1.00,1.69,1.14,1,2,3,3,1,2,"26","14,20",7,4,0,0,0,0,0,0,0,0,12,12,3,8,9,4,9,9,43,57,1.55,1.52,1.49,1.62,3.93,72,92,72,65,37,45,96,64,88,9.11,-0.96,1.40,5.00,4.60,0.00,1.20,0.00,0.00,0.00,0.00,N/A
1786118400,Aug 07 2026 - 4:00pm,complete,N/A,ToTe / Tapio,Futura,N/A,N/A,0.50,2.64,0.46,2.67,1,2,3,1,1,0,"1","55,80",-1,-1,-1,-1,-1,-1,-1,-1,-1,-1,-1,-1,-1,-1,-1,-1,-1,-1,-1,-1,1.00,0.00,0.00,0.00,4.35,70,82,74,66,46,59,93,58,81,3.45,-1.42,0.00,0.00,0.00,0.00,0.00,0.00,0.00,0.00,0.00,N/A
1786118400,Aug 07 2026 - 4:00pm,complete,N/A,Kontu,MPS Atletico Malmi,N/A,N/A,1.00,2.15,1.00,2.07,1,1,2,1,1,0,"16","85",3,5,0,0,0,0,0,0,0,0,10,13,5,7,5,6,11,7,44,56,1.33,1.41,1.31,1.83,4.19,73,89,85,62,39,58,85,73,85,10.17,-1.08,3.75,4.33,1.60,0.00,1.25,0.00,0.00,0.00,0.00,Talin jalkapallohalli
1786119300,Aug 07 2026 - 4:15pm,complete,N/A,EsPa,NuPS,N/A,N/A,2.38,1.69,2.43,1.57,2,0,2,0,0,0,"56,68","",6,3,0,0,0,0,0,0,0,0,22,13,8,7,14,6,12,8,58,42,1.63,1.58,2.54,1.79,3.35,50,89,50,35,27,38,70,50,89,11.67,-1.24,1.40,4.50,5.80,0.00,1.36,0.00,0.00,0.00,0.00,Matinkylän urheilupuisto
1786120200,Aug 07 2026 - 4:30pm,complete,N/A,Lahti II,JäPS II,N/A,N/A,1.75,1.92,1.69,1.85,3,3,6,5,2,3,"10,24,86","2,18,45",-1,-1,-1,-1,-1,-1,-1,-1,-1,-1,-1,-1,-1,-1,-1,-1,-1,-1,-1,-1,1.47,1.80,0.00,0.00,3.13,63,75,67,50,25,38,92,50,71,13.62,-1.25,0.00,0.00,0.00,0.00,0.00,0.00,0.00,0.00,0.00,N/A
1786121100,Aug 07 2026 - 4:45pm,complete,N/A,PPS,LPS,N/A,N/A,0.23,1.92,0.43,1.79,2,1,3,2,1,1,"8,64","25",4,8,0,0,0,0,0,0,0,0,7,9,3,3,4,6,11,6,40,60,0.94,1.26,1.18,1.53,4.96,66,96,92,66,46,62,77,66,81,7.97,-1.00,9.50,7.00,1.14,0.00,1.10,0.00,0.00,0.00,0.00,N/A
1786183200,Aug 08 2026 - 10:00am,complete,N/A,ToTe,PPJ / Lauttasaari,N/A,N/A,2.15,1.92,2.07,1.86,1,1,2,1,1,0,"18","59",6,7,0,0,0,0,0,0,0,0,3,10,1,4,2,6,6,14,41,59,1.65,2.27,0.75,1.53,4.39,62,85,70,62,39,58,85,62,81,11.73,-0.53,2.12,4.10,2.60,0.00,0.00,0.00,0.00,0.00,0.00,N/A
1786183200,Aug 08 2026 - 10:00am,canceled,N/A,SibboV,MK-United,N/A,N/A,2.08,1.00,2.08,1.00,0,0,0,0,0,0,"","",-1,-1,-1,-1,-1,-1,-1,-1,-1,-1,-1,-1,-1,-1,-1,-1,-1,-1,-1,-1,1.97,1.34,0.00,0.00,4.19,79,94,90,63,38,42,86,79,84,11.22,-1.00,0.00,0.00,0.00,0.00,0.00,0.00,0.00,0.00,0.00,N/A
1786194000,Aug 08 2026 - 1:00pm,complete,N/A,SexyPöxyt,Gilla,N/A,N/A,1.69,1.31,1.79,1.21,3,1,4,3,2,1,"34,42,48","19",-1,-1,-1,-1,-1,-1,-1,-1,-1,-1,-1,-1,-1,-1,-1,-1,-1,-1,-1,-1,1.37,1.64,0.00,0.00,4.35,85,100,81,54,46,66,85,66,77,7.65,-1.07,0.00,0.00,0.00,0.00,0.00,0.00,0.00,0.00,0.00,N/A
1786287600,Aug 09 2026 - 3:00pm,complete,N/A,VJS II,TiPS,N/A,N/A,1.31,1.33,1.43,1.23,4,1,5,2,2,0,"6,35,50,65","68",1,3,0,0,0,0,0,0,0,0,9,8,6,6,3,2,12,4,54,46,1.89,1.41,1.42,1.22,5.03,80,96,80,61,48,69,84,69,89,10.67,-0.73,2.37,4.25,2.35,0.00,1.16,0.00,0.00,0.00,0.00,N/A
1786548600,Aug 12 2026 - 3:30pm,incomplete,N/A,LoPa,MPS,N/A,N/A,1.36,0.86,1.36,0.86,0,0,0,0,0,0,"","",-1,-1,-1,-1,-1,-1,-1,-1,-1,-1,-1,-1,-1,-1,-1,-1,-1,-1,-1,-1,1.44,1.17,0.00,0.00,2.93,43,79,54,40,25,47,79,47,72,8.04,-1.21,1.41,4.60,5.80,0.00,1.36,0.00,0.00,0.00,0.00,Harjun urheilukenttä
1786554000,Aug 12 2026 - 5:00pm,incomplete,N/A,Gilla,EsPa,N/A,N/A,1.21,2.43,1.21,2.43,0,0,0,0,0,0,"","",-1,-1,-1,-1,-1,-1,-1,-1,-1,-1,-1,-1,-1,-1,-1,-1,-1,-1,-1,-1,1.64,1.70,0.00,0.00,3.79,68,93,65,47,36,54,75,54,79,11.45,-1.00,3.99,4.30,1.70,0.00,1.30,0.00,0.00,0.00,0.00,N/A
1786636800,Aug 13 2026 - 4:00pm,incomplete,N/A,MPS Atletico Malmi,VJS II,N/A,N/A,2.07,1.43,2.07,1.43,0,0,0,0,0,0,"","",-1,-1,-1,-1,-1,-1,-1,-1,-1,-1,-1,-1,-1,-1,-1,-1,-1,-1,-1,-1,1.44,1.85,0.00,0.00,4.54,79,97,90,54,32,61,90,64,90,11.31,-0.64,2.14,4.20,2.55,0.00,1.28,0.00,0.00,0.00,0.00,Pukinmäki liikuntapuisto
1786641300,Aug 13 2026 - 5:15pm,incomplete,N/A,HooGee,LePa,N/A,N/A,0.71,1.86,0.71,1.86,0,0,0,0,0,0,"","",-1,-1,-1,-1,-1,-1,-1,-1,-1,-1,-1,-1,-1,-1,-1,-1,-1,-1,-1,-1,1.45,1.39,0.00,0.00,4.15,75,97,79,61,36,47,90,75,90,8.47,-1.14,3.00,4.20,1.88,0.00,1.20,0.00,0.00,0.00,0.00,N/A
1786641300,Aug 13 2026 - 5:15pm,incomplete,N/A,HPS II,PPS,N/A,N/A,1.07,0.43,1.07,0.43,0,0,0,0,0,0,"","",-1,-1,-1,-1,-1,-1,-1,-1,-1,-1,-1,-1,-1,-1,-1,-1,-1,-1,-1,-1,1.72,0.96,0.00,0.00,5.00,79,100,97,72,54,68,82,64,90,10.96,-0.86,1.13,7.30,13.00,0.00,1.11,0.00,0.00,0.00,0.00,N/A
1786719600,Aug 14 2026 - 3:00pm,incomplete,N/A,NuPS,EIF II,N/A,N/A,1.57,2.43,1.57,2.43,0,0,0,0,0,0,"","",-1,-1,-1,-1,-1,-1,-1,-1,-1,-1,-1,-1,-1,-1,-1,-1,-1,-1,-1,-1,1.60,1.67,0.00,0.00,4.29,61,97,65,50,32,50,82,68,97,10.19,-1.07,0.00,0.00,0.00,0.00,0.00,0.00,0.00,0.00,0.00,Kuoppanummi Nurmi
1786720500,Aug 14 2026 - 3:15pm,incomplete,N/A,LPS,Töölön Taisto,N/A,N/A,1.79,1.08,1.79,1.08,0,0,0,0,0,0,"","",-1,-1,-1,-1,-1,-1,-1,-1,-1,-1,-1,-1,-1,-1,-1,-1,-1,-1,-1,-1,1.29,1.30,0.00,0.00,4.36,78,97,85,71,33,63,82,63,90,8.84,-0.88,0.00,0.00,0.00,0.00,0.00,0.00,0.00,0.00,0.00,Hertta Areena
1786721400,Aug 14 2026 - 3:30pm,incomplete,N/A,RiPS,TuPS,N/A,N/A,1.69,1.36,1.69,1.36,0,0,0,0,0,0,"","",-1,-1,-1,-1,-1,-1,-1,-1,-1,-1,-1,-1,-1,-1,-1,-1,-1,-1,-1,-1,1.54,1.92,0.00,0.00,3.82,60,75,71,56,41,56,93,49,74,10.89,-1.04,0.00,0.00,0.00,0.00,0.00,0.00,0.00,0.00,0.00,N/A
1786721400,Aug 14 2026 - 3:30pm,incomplete,N/A,Futura,TiPS / 2,N/A,N/A,2.67,0.57,2.67,0.57,0,0,0,0,0,0,"","",-1,-1,-1,-1,-1,-1,-1,-1,-1,-1,-1,-1,-1,-1,-1,-1,-1,-1,-1,-1,0.00,1.29,0.00,0.00,3.99,62,83,69,59,42,49,87,59,87,4.55,-1.50,0.00,0.00,0.00,0.00,0.00,0.00,0.00,0.00,0.00,N/A
1786721400,Aug 14 2026 - 3:30pm,incomplete,N/A,TiPS,ToTe,N/A,N/A,1.23,2.07,1.23,2.07,0,0,0,0,0,0,"","",-1,-1,-1,-1,-1,-1,-1,-1,-1,-1,-1,-1,-1,-1,-1,-1,-1,-1,-1,-1,1.39,1.57,0.00,0.00,4.21,75,97,67,60,46,57,78,75,89,9.16,-0.60,0.00,0.00,0.00,0.00,0.00,0.00,0.00,0.00,0.00,Tikkurila urheilupuisto nurmi
1786725000,Aug 14 2026 - 4:30pm,incomplete,N/A,Valtti,Atlantis / PM,N/A,N/A,1.57,1.21,1.57,1.21,0,0,0,0,0,0,"","",-1,-1,-1,-1,-1,-1,-1,-1,-1,-1,-1,-1,-1,-1,-1,-1,-1,-1,-1,-1,1.38,1.59,0.00,0.00,5.04,86,97,86,72,58,68,93,75,93,9.78,-0.57,0.00,0.00,0.00,0.00,0.00,0.00,0.00,0.00,0.00,N/A
1786726800,Aug 14 2026 - 5:00pm,incomplete,N/A,PPJ / Lauttasaari,Kontu,N/A,N/A,1.86,1.00,1.86,1.00,0,0,0,0,0,0,"","",-1,-1,-1,-1,-1,-1,-1,-1,-1,-1,-1,-1,-1,-1,-1,-1,-1,-1,-1,-1,2.21,1.33,0.00,0.00,4.54,68,79,68,64,47,61,90,57,79,11.51,-0.93,0.00,0.00,0.00,0.00,0.00,0.00,0.00,0.00,0.00,N/A
1786726800,Aug 14 2026 - 5:00pm,canceled,N/A,MK-United,Gnistan / Ogeli,N/A,N/A,1.00,1.14,1.00,1.14,0,0,0,0,0,0,"","",-1,-1,-1,-1,-1,-1,-1,-1,-1,-1,-1,-1,-1,-1,-1,-1,-1,-1,-1,-1,1.34,1.53,0.00,0.00,3.71,73,94,80,54,23,31,91,70,81,10.36,-0.86,0.00,0.00,0.00,0.00,0.00,0.00,0.00,0.00,0.00,N/A
1786726800,Aug 14 2026 - 5:00pm,incomplete,N/A,Ponnistus,Lahti II,N/A,N/A,0.85,1.69,0.85,1.69,0,0,0,0,0,0,"","",-1,-1,-1,-1,-1,-1,-1,-1,-1,-1,-1,-1,-1,-1,-1,-1,-1,-1,-1,-1,1.00,1.47,0.00,0.00,3.50,62,73,62,50,27,38,89,50,77,9.15,-1.77,0.00,0.00,0.00,0.00,0.00,0.00,0.00,0.00,0.00,N/A
1786798800,Aug 15 2026 - 1:00pm,incomplete,N/A,Atlantis II,SibboV,N/A,N/A,1.36,2.08,1.36,2.08,0,0,0,0,0,0,"","",-1,-1,-1,-1,-1,-1,-1,-1,-1,-1,-1,-1,-1,-1,-1,-1,-1,-1,-1,-1,1.53,1.97,0.00,0.00,4.38,81,90,78,66,43,40,85,74,89,9.56,-1.00,0.00,0.00,0.00,0.00,0.00,0.00,0.00,0.00,0.00,N/A
1786878000,Aug 16 2026 - 11:00am,incomplete,N/A,JäPS II,ToTe / Tapio,N/A,N/A,1.85,0.46,1.85,0.46,0,0,0,0,0,0,"","",-1,-1,-1,-1,-1,-1,-1,-1,-1,-1,-1,-1,-1,-1,-1,-1,-1,-1,-1,-1,1.80,1.00,0.00,0.00,4.04,81,89,85,69,38,54,96,58,77,11.67,-1.00,0.00,0.00,0.00,0.00,0.00,0.00,0.00,0.00,0.00,N/A
1786881600,Aug 16 2026 - 12:00pm,incomplete,N/A,GrIFK U23,PPJ / Ruoholahti,N/A,N/A,1.00,1.07,1.00,1.07,0,0,0,0,0,0,"","",-1,-1,-1,-1,-1,-1,-1,-1,-1,-1,-1,-1,-1,-1,-1,-1,-1,-1,-1,-1,1.66,1.29,0.00,0.00,3.89,68,93,83,47,25,57,79,68,86,9.41,-1.07,0.00,0.00,0.00,0.00,0.00,0.00,0.00,0.00,0.00,N/A
1786888800,Aug 16 2026 - 2:00pm,incomplete,N/A,EPS II,SexyPöxyt,N/A,N/A,0.86,1.79,0.86,1.79,0,0,0,0,0,0,"","",-1,-1,-1,-1,-1,-1,-1,-1,-1,-1,-1,-1,-1,-1,-1,-1,-1,-1,-1,-1,1.30,1.37,0.00,0.00,4.40,72,93,79,57,47,61,83,68,86,6.57,-1.14,0.00,0.00,0.00,0.00,0.00,0.00,0.00,0.00,0.00,N/A
1787238000,Aug 20 2026 - 3:00pm,incomplete,N/A,Töölön Taisto,PPJ / Lauttasaari,N/A,N/A,1.08,1.86,1.08,1.86,0,0,0,0,0,0,"","",-1,-1,-1,-1,-1,-1,-1,-1,-1,-1,-1,-1,-1,-1,-1,-1,-1,-1,-1,-1,1.30,2.21,0.00,0.00,4.36,71,90,74,71,33,67,85,60,90,11.50,-0.67,0.00,0.00,0.00,0.00,0.00,0.00,0.00,0.00,0.00,N/A
1787241600,Aug 20 2026 - 4:00pm,incomplete,N/A,Atlantis / PM,ToTe,N/A,N/A,1.21,2.07,1.21,2.07,0,0,0,0,0,0,"","",-1,-1,-1,-1,-1,-1,-1,-1,-1,-1,-1,-1,-1,-1,-1,-1,-1,-1,-1,-1,1.59,1.57,0.00,0.00,4.82,82,97,79,72,54,58,90,75,93,9.80,-0.35,0.00,0.00,0.00,0.00,0.00,0.00,0.00,0.00,0.00,N/A
1787241600,Aug 20 2026 - 4:00pm,incomplete,N/A,EIF II,LoPa,N/A,N/A,2.43,1.36,2.43,1.36,0,0,0,0,0,0,"","",-1,-1,-1,-1,-1,-1,-1,-1,-1,-1,-1,-1,-1,-1,-1,-1,-1,-1,-1,-1,1.67,1.44,0.00,0.00,4.29,64,93,75,57,36,54,86,75,93,8.78,-1.14,0.00,0.00,0.00,0.00,0.00,0.00,0.00,0.00,0.00,N/A
1787245200,Aug 20 2026 - 5:00pm,incomplete,N/A,PPJ / Ruoholahti,Gilla,N/A,N/A,1.07,1.21,1.07,1.21,0,0,0,0,0,0,"","",-1,-1,-1,-1,-1,-1,-1,-1,-1,-1,-1,-1,-1,-1,-1,-1,-1,-1,-1,-1,1.29,1.64,0.00,0.00,4.18,79,93,79,54,36,61,79,61,75,8.91,-0.93,0.00,0.00,0.00,0.00,0.00,0.00,0.00,0.00,0.00,N/A
1787245200,Aug 20 2026 - 5:00pm,incomplete,N/A,TuPS,JäPS II,N/A,N/A,1.36,1.85,1.36,1.85,0,0,0,0,0,0,"","",-1,-1,-1,-1,-1,-1,-1,-1,-1,-1,-1,-1,-1,-1,-1,-1,-1,-1,-1,-1,1.92,1.80,0.00,0.00,3.78,60,75,75,60,37,48,89,49,74,14.31,-1.04,0.00,0.00,0.00,0.00,0.00,0.00,0.00,0.00,0.00,N/A
1787246100,Aug 20 2026 - 5:15pm,incomplete,N/A,HooGee,EPS II,N/A,N/A,0.71,0.86,0.71,0.86,0,0,0,0,0,0,"","",-1,-1,-1,-1,-1,-1,-1,-1,-1,-1,-1,-1,-1,-1,-1,-1,-1,-1,-1,-1,1.45,1.30,0.00,0.00,4.47,72,93,79,57,43,54,90,68,90,7.89,-0.93,0.00,0.00,0.00,0.00,0.00,0.00,0.00,0.00,0.00,N/A
1787324400,Aug 21 2026 - 3:00pm,incomplete,N/A,NuPS,LePa,N/A,N/A,1.57,1.86,1.57,1.86,0,0,0,0,0,0,"","",-1,-1,-1,-1,-1,-1,-1,-1,-1,-1,-1,-1,-1,-1,-1,-1,-1,-1,-1,-1,1.60,1.39,0.00,0.00,3.50,61,93,57,47,29,40,79,65,90,9.16,-1.21,0.00,0.00,0.00,0.00,0.00,0.00,0.00,0.00,0.00,Kuoppanummi Nurmi
1787325300,Aug 21 2026 - 3:15pm,incomplete,N/A,SexyPöxyt,GrIFK U23,N/A,N/A,1.79,1.00,1.79,1.00,0,0,0,0,0,0,"","",-1,-1,-1,-1,-1,-1,-1,-1,-1,-1,-1,-1,-1,-1,-1,-1,-1,-1,-1,-1,1.37,1.66,0.00,0.00,4.04,75,100,86,50,32,64,86,68,90,8.15,-1.28,0.00,0.00,0.00,0.00,0.00,0.00,0.00,0.00,0.00,N/A
1787326200,Aug 21 2026 - 3:30pm,incomplete,N/A,TiPS,PPS,N/A,N/A,1.23,0.43,1.23,0.43,0,0,0,0,0,0,"","",-1,-1,-1,-1,-1,-1,-1,-1,-1,-1,-1,-1,-1,-1,-1,-1,-1,-1,-1,-1,1.39,0.96,0.00,0.00,4.82,71,100,85,63,53,71,74,75,89,8.29,-0.82,0.00,0.00,0.00,0.00,0.00,0.00,0.00,0.00,0.00,Tikkurila urheilupuisto nurmi
1787328000,Aug 21 2026 - 4:00pm,incomplete,N/A,Kontu,Valtti,N/A,N/A,1.00,1.57,1.00,1.57,0,0,0,0,0,0,"","",-1,-1,-1,-1,-1,-1,-1,-1,-1,-1,-1,-1,-1,-1,-1,-1,-1,-1,-1,-1,1.33,1.38,0.00,0.00,4.11,71,86,68,57,43,54,86,64,83,10.16,-0.93,0.00,0.00,0.00,0.00,0.00,0.00,0.00,0.00,0.00,Talin jalkapallohalli
1787328000,Aug 21 2026 - 4:00pm,incomplete,N/A,MPS,EsPa,N/A,N/A,0.86,2.43,0.86,2.43,0,0,0,0,0,0,"","",-1,-1,-1,-1,-1,-1,-1,-1,-1,-1,-1,-1,-1,-1,-1,-1,-1,-1,-1,-1,1.17,1.70,0.00,0.00,2.97,36,79,47,36,25,43,68,43,72,11.24,-1.14,0.00,0.00,0.00,0.00,0.00,0.00,0.00,0.00,0.00,N/A
1787329800,Aug 21 2026 - 4:30pm,incomplete,N/A,Lahti II,RiPS,N/A,N/A,1.69,1.69,1.69,1.69,0,0,0,0,0,0,"","",-1,-1,-1,-1,-1,-1,-1,-1,-1,-1,-1,-1,-1,-1,-1,-1,-1,-1,-1,-1,1.47,1.54,0.00,0.00,3.39,66,77,66,50,35,50,96,46,73,10.20,-1.31,0.00,0.00,0.00,0.00,0.00,0.00,0.00,0.00,0.00,N/A
1787331600,Aug 21 2026 - 5:00pm,canceled,N/A,MK-United,TiPS / 2,N/A,N/A,1.00,0.57,1.00,0.57,0,0,0,0,0,0,"","",-1,-1,-1,-1,-1,-1,-1,-1,-1,-1,-1,-1,-1,-1,-1,-1,-1,-1,-1,-1,1.34,1.29,0.00,0.00,3.67,70,91,80,57,31,38,87,66,81,10.41,-1.00,0.00,0.00,0.00,0.00,0.00,0.00,0.00,0.00,0.00,N/A
1787392800,Aug 22 2026 - 10:00am,incomplete,N/A,SibboV,Futura,N/A,N/A,2.08,2.67,2.08,2.67,0,0,0,0,0,0,"","",-1,-1,-1,-1,-1,-1,-1,-1,-1,-1,-1,-1,-1,-1,-1,-1,-1,-1,-1,-1,1.97,0.00,0.00,0.00,4.51,72,87,80,64,49,53,85,72,90,5.36,-1.50,0.00,0.00,0.00,0.00,0.00,0.00,0.00,0.00,0.00,N/A
1787396400,Aug 22 2026 - 11:00am,incomplete,N/A,LPS,MPS Atletico Malmi,N/A,N/A,1.79,2.07,1.79,2.07,0,0,0,0,0,0,"","",-1,-1,-1,-1,-1,-1,-1,-1,-1,-1,-1,-1,-1,-1,-1,-1,-1,-1,-1,-1,1.29,1.44,0.00,0.00,4.36,79,97,93,57,32,61,86,64,86,9.00,-1.00,0.00,0.00,0.00,0.00,0.00,0.00,0.00,0.00,0.00,Hertta Areena
1787416200,Aug 22 2026 - 4:30pm,incomplete,N/A,VJS II,HPS II,N/A,N/A,1.43,1.07,1.43,1.07,0,0,0,0,0,0,"","",-1,-1,-1,-1,-1,-1,-1,-1,-1,-1,-1,-1,-1,-1,-1,-1,-1,-1,-1,-1,1.85,1.72,0.00,0.00,5.21,90,97,93,72,54,68,93,61,90,12.81,-0.71,0.00,0.00,0.00,0.00,0.00,0.00,0.00,0.00,0.00,N/A
1787493600,Aug 23 2026 - 2:00pm,incomplete,N/A,ToTe / Tapio,Gnistan / Ogeli,N/A,N/A,0.46,1.14,0.46,1.14,0,0,0,0,0,0,"","",-1,-1,-1,-1,-1,-1,-1,-1,-1,-1,-1,-1,-1,-1,-1,-1,-1,-1,-1,-1,1.00,1.53,0.00,0.00,4.01,78,96,78,63,30,49,97,63,82,7.95,-0.82,0.00,0.00,0.00,0.00,0.00,0.00,0.00,0.00,0.00,N/A
1787497200,Aug 23 2026 - 3:00pm,incomplete,N/A,Ponnistus,Atlantis II,N/A,N/A,0.85,1.36,0.85,1.36,0,0,0,0,0,0,"","",-1,-1,-1,-1,-1,-1,-1,-1,-1,-1,-1,-1,-1,-1,-1,-1,-1,-1,-1,-1,1.00,1.53,0.00,0.00,4.08,74,78,67,60,34,30,86,63,86,7.95,-1.50,0.00,0.00,0.00,0.00,0.00,0.00,0.00,0.00,0.00,N/A
1787764500,Aug 26 2026 - 5:15pm,incomplete,N/A,LePa,MPS,N/A,N/A,1.86,0.86,1.86,0.86,0,0,0,0,0,0,"","",-1,-1,-1,-1,-1,-1,-1,-1,-1,-1,-1,-1,-1,-1,-1,-1,-1,-1,-1,-1,1.39,1.17,0.00,0.00,3.22,50,82,57,50,29,47,83,54,72,8.95,-1.21,0.00,0.00,0.00,0.00,0.00,0.00,0.00,0.00,0.00,N/A
1787842800,Aug 27 2026 - 3:00pm,incomplete,N/A,Töölön Taisto,Atlantis / PM,N/A,N/A,1.08,1.21,1.08,1.21,0,0,0,0,0,0,"","",-1,-1,-1,-1,-1,-1,-1,-1,-1,-1,-1,-1,-1,-1,-1,-1,-1,-1,-1,-1,1.30,1.59,0.00,0.00,4.96,89,100,89,85,51,71,89,78,100,9.47,-0.52,0.00,0.00,0.00,0.00,0.00,0.00,0.00,0.00,0.00,N/A
1787844600,Aug 27 2026 - 3:30pm,incomplete,N/A,JäPS II,RiPS,N/A,N/A,1.85,1.69,1.85,1.69,0,0,0,0,0,0,"","",-1,-1,-1,-1,-1,-1,-1,-1,-1,-1,-1,-1,-1,-1,-1,-1,-1,-1,-1,-1,1.80,1.54,0.00,0.00,3.89,77,85,81,66,42,54,96,54,77,13.02,-1.08,0.00,0.00,0.00,0.00,0.00,0.00,0.00,0.00,0.00,N/A
1787845500,Aug 27 2026 - 3:45pm,incomplete,N/A,TiPS / 2,SibboV,N/A,N/A,0.57,2.08,0.57,2.08,0,0,0,0,0,0,"","",-1,-1,-1,-1,-1,-1,-1,-1,-1,-1,-1,-1,-1,-1,-1,-1,-1,-1,-1,-1,1.29,1.97,0.00,0.00,4.23,74,97,82,70,43,54,85,70,89,9.91,-1.00,0.00,0.00,0.00,0.00,0.00,0.00,0.00,0.00,0.00,N/A
1787850000,Aug 27 2026 - 5:00pm,incomplete,N/A,PPJ / Ruoholahti,SexyPöxyt,N/A,N/A,1.07,1.79,1.07,1.79,0,0,0,0,0,0,"","",-1,-1,-1,-1,-1,-1,-1,-1,-1,-1,-1,-1,-1,-1,-1,-1,-1,-1,-1,-1,1.29,1.37,0.00,0.00,4.22,72,93,83,54,36,57,72,71,83,6.90,-1.21,0.00,0.00,0.00,0.00,0.00,0.00,0.00,0.00,0.00,N/A
1787850900,Aug 27 2026 - 5:15pm,incomplete,N/A,HPS II,LPS,N/A,N/A,1.07,1.79,1.07,1.79,0,0,0,0,0,0,"","",-1,-1,-1,-1,-1,-1,-1,-1,-1,-1,-1,-1,-1,-1,-1,-1,-1,-1,-1,-1,1.72,1.29,0.00,0.00,5.04,90,97,97,75,54,68,90,61,86,10.50,-1.07,0.00,0.00,0.00,0.00,0.00,0.00,0.00,0.00,0.00,N/A
1787931000,Aug 28 2026 - 3:30pm,incomplete,N/A,LoPa,NuPS,N/A,N/A,1.36,1.57,1.36,1.57,0,0,0,0,0,0,"","",-1,-1,-1,-1,-1,-1,-1,-1,-1,-1,-1,-1,-1,-1,-1,-1,-1,-1,-1,-1,1.44,1.60,0.00,0.00,3.21,54,90,54,36,25,40,75,57,90,8.25,-1.21,0.00,0.00,0.00,0.00,0.00,0.00,0.00,0.00,0.00,Harjun urheilukenttä
1787931000,Aug 28 2026 - 3:30pm,incomplete,N/A,Futura,Ponnistus,N/A,N/A,2.67,0.85,2.67,0.85,0,0,0,0,0,0,"","",-1,-1,-1,-1,-1,-1,-1,-1,-1,-1,-1,-1,-1,-1,-1,-1,-1,-1,-1,-1,0.00,1.00,0.00,0.00,4.21,65,75,68,58,39,43,86,61,86,3.75,-2.00,0.00,0.00,0.00,0.00,0.00,0.00,0.00,0.00,0.00,N/A
1787931000,Aug 28 2026 - 3:30pm,incomplete,N/A,PPS,VJS II,N/A,N/A,0.43,1.43,0.43,1.43,0,0,0,0,0,0,"","",-1,-1,-1,-1,-1,-1,-1,-1,-1,-1,-1,-1,-1,-1,-1,-1,-1,-1,-1,-1,0.96,1.85,0.00,0.00,5.00,68,97,90,57,43,64,82,61,86,10.61,-0.57,0.00,0.00,0.00,0.00,0.00,0.00,0.00,0.00,0.00,N/A
1787931900,Aug 28 2026 - 3:45pm,incomplete,N/A,ToTe,Kontu,N/A,N/A,2.07,1.00,2.07,1.00,0,0,0,0,0,0,"","",-1,-1,-1,-1,-1,-1,-1,-1,-1,-1,-1,-1,-1,-1,-1,-1,-1,-1,-1,-1,1.57,1.33,0.00,0.00,3.89,68,86,61,57,40,43,83,64,83,10.18,-0.71,0.00,0.00,0.00,0.00,0.00,0.00,0.00,0.00,0.00,N/A
1787933700,Aug 28 2026 - 4:15pm,incomplete,N/A,EsPa,EIF II,N/A,N/A,2.43,2.43,2.43,2.43,0,0,0,0,0,0,"","",-1,-1,-1,-1,-1,-1,-1,-1,-1,-1,-1,-1,-1,-1,-1,-1,-1,-1,-1,-1,1.70,1.67,0.00,0.00,4.33,57,93,68,54,36,50,75,72,93,11.98,-1.07,0.00,0.00,0.00,0.00,0.00,0.00,0.00,0.00,0.00,Matinkylän urheilupuisto
1787934600,Aug 28 2026 - 4:30pm,incomplete,N/A,Valtti,PPJ / Lauttasaari,N/A,N/A,1.57,1.86,1.57,1.86,0,0,0,0,0,0,"","",-1,-1,-1,-1,-1,-1,-1,-1,-1,-1,-1,-1,-1,-1,-1,-1,-1,-1,-1,-1,1.38,2.21,0.00,0.00,4.43,68,86,71,57,40,64,90,57,83,11.81,-0.72,0.00,0.00,0.00,0.00,0.00,0.00,0.00,0.00,0.00,N/A
1787934600,Aug 28 2026 - 4:30pm,incomplete,N/A,Lahti II,ToTe / Tapio,N/A,N/A,1.69,0.46,1.69,0.46,0,0,0,0,0,0,"","",-1,-1,-1,-1,-1,-1,-1,-1,-1,-1,-1,-1,-1,-1,-1,-1,-1,-1,-1,-1,1.47,1.00,0.00,0.00,3.54,70,81,70,54,31,50,96,50,73,8.85,-1.23,0.00,0.00,0.00,0.00,0.00,0.00,0.00,0.00,0.00,N/A
1787936400,Aug 28 2026 - 5:00pm,incomplete,N/A,EPS II,Gilla,N/A,N/A,0.86,1.21,0.86,1.21,0,0,0,0,0,0,"","",-1,-1,-1,-1,-1,-1,-1,-1,-1,-1,-1,-1,-1,-1,-1,-1,-1,-1,-1,-1,1.30,1.64,0.00,0.00,4.36,79,93,75,57,47,64,90,57,79,8.58,-0.86,0.00,0.00,0.00,0.00,0.00,0.00,0.00,0.00,0.00,N/A
1787936400,Aug 28 2026 - 5:00pm,incomplete,N/A,Gnistan / Ogeli,TuPS,N/A,N/A,1.14,1.36,1.14,1.36,0,0,0,0,0,0,"","",-1,-1,-1,-1,-1,-1,-1,-1,-1,-1,-1,-1,-1,-1,-1,-1,-1,-1,-1,-1,1.53,1.92,0.00,0.00,3.75,57,82,68,54,29,43,90,54,79,10.59,-0.86,0.00,0.00,0.00,0.00,0.00,0.00,0.00,0.00,0.00,N/A
1788004800,Aug 29 2026 - 12:00pm,incomplete,N/A,MPS Atletico Malmi,TiPS,N/A,N/A,2.07,1.23,2.07,1.23,0,0,0,0,0,0,"","",-1,-1,-1,-1,-1,-1,-1,-1,-1,-1,-1,-1,-1,-1,-1,-1,-1,-1,-1,-1,1.44,1.39,0.00,0.00,4.36,82,100,85,60,42,67,82,78,93,8.99,-0.89,0.00,0.00,0.00,0.00,0.00,0.00,0.00,0.00,0.00,Pukinmäki liikuntapuisto
1788008400,Aug 29 2026 - 1:00pm,canceled,N/A,Atlantis II,MK-United,N/A,N/A,1.36,1.00,1.36,1.00,0,0,0,0,0,0,"","",-1,-1,-1,-1,-1,-1,-1,-1,-1,-1,-1,-1,-1,-1,-1,-1,-1,-1,-1,-1,1.53,1.34,0.00,0.00,3.82,77,84,76,54,31,23,87,70,81,10.06,-1.00,0.00,0.00,0.00,0.00,0.00,0.00,0.00,0.00,0.00,N/A
1788091200,Aug 30 2026 - 12:00pm,incomplete,N/A,GrIFK U23,HooGee,N/A,N/A,1.00,0.71,1.00,0.71,0,0,0,0,0,0,"","",-1,-1,-1,-1,-1,-1,-1,-1,-1,-1,-1,-1,-1,-1,-1,-1,-1,-1,-1,-1,1.66,1.45,0.00,0.00,4.11,75,100,86,50,29,57,93,68,93,9.47,-1.07,0.00,0.00,0.00,0.00,0.00,0.00,0.00,0.00,0.00,N/A
1788187500,Aug 31 2026 - 2:45pm,suspended,N/A,TiPS,Töölön Taisto,N/A,N/A,1.23,1.08,1.23,1.08,0,0,0,0,0,0,"","",-1,-1,-1,-1,-1,-1,-1,-1,-1,-1,-1,-1,-1,-1,-1,-1,-1,-1,-1,-1,1.39,1.30,0.00,0.00,4.35,81,100,77,73,43,70,77,77,96,8.83,-0.77,0.00,0.00,0.00,0.00,1.28,0.00,0.00,0.00,0.00,Tikkurila urheilupuisto nurmi
1788449400,Sep 03 2026 - 3:30pm,incomplete,N/A,Atlantis / PM,PPS,N/A,N/A,1.21,0.43,1.21,0.43,0,0,0,0,0,0,"","",-1,-1,-1,-1,-1,-1,-1,-1,-1,-1,-1,-1,-1,-1,-1,-1,-1,-1,-1,-1,1.59,0.96,0.00,0.00,5.43,79,100,97,75,61,72,86,75,93,8.93,-0.57,0.00,0.00,0.00,0.00,0.00,0.00,0.00,0.00,0.00,N/A
1788451200,Sep 03 2026 - 4:00pm,incomplete,N/A,EIF II,LePa,N/A,N/A,2.43,1.86,2.43,1.86,0,0,0,0,0,0,"","",-1,-1,-1,-1,-1,-1,-1,-1,-1,-1,-1,-1,-1,-1,-1,-1,-1,-1,-1,-1,1.67,1.39,0.00,0.00,4.58,71,97,79,68,40,54,90,83,93,9.69,-1.14,0.00,0.00,0.00,0.00,0.00,0.00,0.00,0.00,0.00,N/A
1788454800,Sep 03 2026 - 5:00pm,incomplete,N/A,PPJ / Lauttasaari,MPS Atletico Malmi,N/A,N/A,1.86,2.07,1.86,2.07,0,0,0,0,0,0,"","",-1,-1,-1,-1,-1,-1,-1,-1,-1,-1,-1,-1,-1,-1,-1,-1,-1,-1,-1,-1,2.21,1.44,0.00,0.00,4.36,72,90,82,57,32,64,90,61,86,11.66,-0.79,0.00,0.00,0.00,0.00,0.00,0.00,0.00,0.00,0.00,N/A
1788454800,Sep 03 2026 - 5:00pm,incomplete,N/A,TuPS,Lahti II,N/A,N/A,1.36,1.69,1.36,1.69,0,0,0,0,0,0,"","",-1,-1,-1,-1,-1,-1,-1,-1,-1,-1,-1,-1,-1,-1,-1,-1,-1,-1,-1,-1,1.92,1.47,0.00,0.00,3.28,49,67,59,44,30,44,89,41,70,11.49,-1.27,0.00,0.00,0.00,0.00,0.00,0.00,0.00,0.00,0.00,N/A
1788455700,Sep 03 2026 - 5:15pm,incomplete,N/A,HooGee,LoPa,N/A,N/A,0.71,1.36,0.71,1.36,0,0,0,0,0,0,"","",-1,-1,-1,-1,-1,-1,-1,-1,-1,-1,-1,-1,-1,-1,-1,-1,-1,-1,-1,-1,1.45,1.44,0.00,0.00,3.86,68,93,75,50,33,47,86,68,90,7.56,-1.14,0.00,0.00,0.00,0.00,0.00,0.00,0.00,0.00,0.00,N/A
1788534000,Sep 04 2026 - 3:00pm,incomplete,N/A,RiPS,Atlantis II,N/A,N/A,1.69,1.36,1.69,1.36,0,0,0,0,0,0,"","",-1,-1,-1,-1,-1,-1,-1,-1,-1,-1,-1,-1,-1,-1,-1,-1,-1,-1,-1,-1,1.54,1.53,0.00,0.00,3.96,78,82,71,60,41,42,93,59,82,9.00,-1.04,0.00,0.00,0.00,0.00,0.00,0.00,0.00,0.00,0.00,N/A
1788534000,Sep 04 2026 - 3:00pm,incomplete,N/A,NuPS,EPS II,N/A,N/A,1.57,0.86,1.57,0.86,0,0,0,0,0,0,"","",-1,-1,-1,-1,-1,-1,-1,-1,-1,-1,-1,-1,-1,-1,-1,-1,-1,-1,-1,-1,1.60,1.30,0.00,0.00,3.82,57,90,57,43,36,47,79,57,90,8.58,-1.00,0.00,0.00,0.00,0.00,0.00,0.00,0.00,0.00,0.00,Kuoppanummi Nurmi
1788535800,Sep 04 2026 - 3:30pm,incomplete,N/A,TiPS,HPS II,N/A,N/A,1.23,1.07,1.23,1.07,0,0,0,0,0,0,"","",-1,-1,-1,-1,-1,-1,-1,-1,-1,-1,-1,-1,-1,-1,-1,-1,-1,-1,-1,-1,1.39,1.72,0.00,0.00,5.03,93,100,89,78,63,74,85,75,93,10.49,-0.96,0.00,0.00,0.00,0.00,0.00,0.00,0.00,0.00,0.00,Tikkurila urheilupuisto nurmi
1788535800,Sep 04 2026 - 3:30pm,incomplete,N/A,Kontu,Töölön Taisto,N/A,N/A,1.00,1.08,1.00,1.08,0,0,0,0,0,0,"","",-1,-1,-1,-1,-1,-1,-1,-1,-1,-1,-1,-1,-1,-1,-1,-1,-1,-1,-1,-1,1.33,1.30,0.00,0.00,4.03,74,90,71,71,37,56,82,67,90,9.85,-0.88,0.00,0.00,0.00,0.00,0.00,0.00,0.00,0.00,0.00,Talin jalkapallohalli
1788535800,Sep 04 2026 - 3:30pm,incomplete,N/A,ToTe / Tapio,TiPS / 2,N/A,N/A,0.46,0.57,0.46,0.57,0,0,0,0,0,0,"","",-1,-1,-1,-1,-1,-1,-1,-1,-1,-1,-1,-1,-1,-1,-1,-1,-1,-1,-1,-1,1.00,1.29,0.00,0.00,3.97,75,93,78,67,37,56,93,60,82,8.00,-0.96,0.00,0.00,0.00,0.00,0.00,0.00,0.00,0.00,0.00,N/A
1788537600,Sep 04 2026 - 4:00pm,incomplete,N/A,MPS,PPJ / Ruoholahti,N/A,N/A,0.86,1.07,0.86,1.07,0,0,0,0,0,0,"","",-1,-1,-1,-1,-1,-1,-1,-1,-1,-1,-1,-1,-1,-1,-1,-1,-1,-1,-1,-1,1.17,1.29,0.00,0.00,3.36,47,79,61,43,25,50,72,50,68,8.70,-1.07,0.00,0.00,0.00,0.00,0.00,0.00,0.00,0.00,0.00,N/A
1788541200,Sep 04 2026 - 5:00pm,incomplete,N/A,MK-United,Futura,N/A,N/A,1.00,2.67,1.00,2.67,0,0,0,0,0,0,"","",-1,-1,-1,-1,-1,-1,-1,-1,-1,-1,-1,-1,-1,-1,-1,-1,-1,-1,-1,-1,1.34,0.00,0.00,0.00,3.95,68,81,78,52,36,36,88,68,81,5.86,-1.50,0.00,0.00,0.00,0.00,0.00,0.00,0.00,0.00,0.00,N/A
1788541200,Sep 04 2026 - 5:00pm,incomplete,N/A,Ponnistus,JäPS II,N/A,N/A,0.85,1.85,0.85,1.85,0,0,0,0,0,0,"","",-1,-1,-1,-1,-1,-1,-1,-1,-1,-1,-1,-1,-1,-1,-1,-1,-1,-1,-1,-1,1.00,1.80,0.00,0.00,4.00,73,81,77,66,35,42,89,58,81,11.97,-1.54,0.00,0.00,0.00,0.00,0.00,0.00,0.00,0.00,0.00,N/A
1788542100,Sep 04 2026 - 5:15pm,incomplete,N/A,SexyPöxyt,EsPa,N/A,N/A,1.79,2.43,1.79,2.43,0,0,0,0,0,0,"","",-1,-1,-1,-1,-1,-1,-1,-1,-1,-1,-1,-1,-1,-1,-1,-1,-1,-1,-1,-1,1.37,1.70,0.00,0.00,3.83,61,93,68,47,36,50,68,64,86,9.44,-1.28,0.00,0.00,0.00,0.00,0.00,0.00,0.00,0.00,0.00,N/A
1788602400,Sep 05 2026 - 10:00am,incomplete,N/A,SibboV,Gnistan / Ogeli,N/A,N/A,2.08,1.14,2.08,1.14,0,0,0,0,0,0,"","",-1,-1,-1,-1,-1,-1,-1,-1,-1,-1,-1,-1,-1,-1,-1,-1,-1,-1,-1,-1,1.97,1.53,0.00,0.00,4.27,77,100,82,66,36,47,88,74,89,9.86,-0.86,0.00,0.00,0.00,0.00,0.00,0.00,0.00,0.00,0.00,N/A
1788606000,Sep 05 2026 - 11:00am,incomplete,N/A,LPS,Valtti,N/A,N/A,1.79,1.57,1.79,1.57,0,0,0,0,0,0,"","",-1,-1,-1,-1,-1,-1,-1,-1,-1,-1,-1,-1,-1,-1,-1,-1,-1,-1,-1,-1,1.29,1.38,0.00,0.00,4.43,75,93,82,57,40,61,86,61,83,9.15,-0.93,0.00,0.00,0.00,0.00,0.00,0.00,0.00,0.00,0.00,Hertta Areena
1788613200,Sep 05 2026 - 1:00pm,incomplete,N/A,Gilla,GrIFK U23,N/A,N/A,1.21,1.00,1.21,1.00,0,0,0,0,0,0,"","",-1,-1,-1,-1,-1,-1,-1,-1,-1,-1,-1,-1,-1,-1,-1,-1,-1,-1,-1,-1,1.64,1.66,0.00,0.00,4.00,82,100,83,50,32,68,93,57,82,10.16,-1.00,0.00,0.00,0.00,0.00,0.00,0.00,0.00,0.00,0.00,N/A
1788706800,Sep 06 2026 - 3:00pm,incomplete,N/A,VJS II,ToTe,N/A,N/A,1.43,2.07,1.43,2.07,0,0,0,0,0,0,"","",-1,-1,-1,-1,-1,-1,-1,-1,-1,-1,-1,-1,-1,-1,-1,-1,-1,-1,-1,-1,1.85,1.57,0.00,0.00,4.39,72,93,72,54,36,50,86,61,86,11.48,-0.35,0.00,0.00,0.00,0.00,0.00,0.00,0.00,0.00,0.00,N/A
1788912000,Sep 09 2026 - 12:00am,incomplete,N/A,TuPS,MK-United,N/A,N/A,1.36,1.00,1.36,1.00,0,0,0,0,0,0,"","",-1,-1,-1,-1,-1,-1,-1,-1,-1,-1,-1,-1,-1,-1,-1,-1,-1,-1,-1,-1,1.92,1.34,0.00,0.00,3.67,59,76,76,50,31,38,87,59,73,11.95,-1.00,0.00,0.00,0.00,0.00,0.00,0.00,0.00,0.00,0.00,N/A
1788974100,Sep 09 2026 - 5:15pm,incomplete,N/A,LePa,GrIFK U23,N/A,N/A,1.86,1.00,1.86,1.00,0,0,0,0,0,0,"","",-1,-1,-1,-1,-1,-1,-1,-1,-1,-1,-1,-1,-1,-1,-1,-1,-1,-1,-1,-1,1.39,1.66,0.00,0.00,3.75,71,97,79,54,29,54,90,72,90,9.66,-1.21,0.00,0.00,0.00,0.00,0.00,0.00,0.00,0.00,0.00,N/A
1789052400,Sep 10 2026 - 3:00pm,incomplete,N/A,Atlantis / PM,LPS,N/A,N/A,1.21,1.79,1.21,1.79,0,0,0,0,0,0,"","",-1,-1,-1,-1,-1,-1,-1,-1,-1,-1,-1,-1,-1,-1,-1,-1,-1,-1,-1,-1,1.59,1.29,0.00,0.00,5.47,90,97,97,79,61,72,93,72,90,8.47,-0.78,0.00,0.00,0.00,0.00,0.00,0.00,0.00,0.00,0.00,N/A
1789052400,Sep 10 2026 - 3:00pm,incomplete,N/A,TiPS / 2,Lahti II,N/A,N/A,0.57,1.69,0.57,1.69,0,0,0,0,0,0,"","",-1,-1,-1,-1,-1,-1,-1,-1,-1,-1,-1,-1,-1,-1,-1,-1,-1,-1,-1,-1,1.29,1.47,0.00,0.00,3.28,59,81,63,51,30,44,89,48,78,9.95,-1.27,0.00,0.00,0.00,0.00,0.00,0.00,0.00,0.00,0.00,N/A
1789059600,Sep 10 2026 - 5:00pm,incomplete,N/A,PPJ / Lauttasaari,VJS II,N/A,N/A,1.86,1.43,1.86,1.43,0,0,0,0,0,0,"","",-1,-1,-1,-1,-1,-1,-1,-1,-1,-1,-1,-1,-1,-1,-1,-1,-1,-1,-1,-1,2.21,1.85,0.00,0.00,5.04,72,86,79,61,43,68,93,54,83,12.81,-0.57,0.00,0.00,0.00,0.00,0.00,0.00,0.00,0.00,0.00,N/A
1789060500,Sep 10 2026 - 5:15pm,incomplete,N/A,HPS II,Valtti,N/A,N/A,1.07,1.57,1.07,1.57,0,0,0,0,0,0,"","",-1,-1,-1,-1,-1,-1,-1,-1,-1,-1,-1,-1,-1,-1,-1,-1,-1,-1,-1,-1,1.72,1.38,0.00,0.00,4.61,86,97,86,68,50,64,90,64,90,11.81,-0.86,0.00,0.00,0.00,0.00,0.00,0.00,0.00,0.00,0.00,N/A
1789060500,Sep 10 2026 - 5:15pm,incomplete,N/A,HooGee,MPS,N/A,N/A,0.71,0.86,0.71,0.86,0,0,0,0,0,0,"","",-1,-1,-1,-1,-1,-1,-1,-1,-1,-1,-1,-1,-1,-1,-1,-1,-1,-1,-1,-1,1.45,1.17,0.00,0.00,3.57,54,86,65,47,29,50,86,50,75,8.76,-1.07,0.00,0.00,0.00,0.00,0.00,0.00,0.00,0.00,0.00,N/A
1789138800,Sep 11 2026 - 3:00pm,incomplete,N/A,ToTe,MPS Atletico Malmi,N/A,N/A,2.07,2.07,2.07,2.07,0,0,0,0,0,0,"","",-1,-1,-1,-1,-1,-1,-1,-1,-1,-1,-1,-1,-1,-1,-1,-1,-1,-1,-1,-1,1.57,1.44,0.00,0.00,3.72,72,97,75,50,25,47,83,68,90,10.33,-0.57,0.00,0.00,0.00,0.00,0.00,0.00,0.00,0.00,0.00,N/A
1789140600,Sep 11 2026 - 3:30pm,incomplete,N/A,LoPa,PPJ / Ruoholahti,N/A,N/A,1.36,1.07,1.36,1.07,0,0,0,0,0,0,"","",-1,-1,-1,-1,-1,-1,-1,-1,-1,-1,-1,-1,-1,-1,-1,-1,-1,-1,-1,-1,1.44,1.29,0.00,0.00,3.64,61,86,72,47,29,47,72,68,83,7.50,-1.14,0.00,0.00,0.00,0.00,0.00,0.00,0.00,0.00,0.00,Harjun urheilukenttä
1789143300,Sep 11 2026 - 4:15pm,incomplete,N/A,EsPa,EPS II,N/A,N/A,2.43,0.86,2.43,0.86,0,0,0,0,0,0,"","",-1,-1,-1,-1,-1,-1,-1,-1,-1,-1,-1,-1,-1,-1,-1,-1,-1,-1,-1,-1,1.70,1.30,0.00,0.00,3.86,54,86,61,47,40,47,72,61,86,10.37,-1.00,0.00,0.00,0.00,0.00,0.00,0.00,0.00,0.00,0.00,Matinkylän urheilupuisto
1789145100,Sep 11 2026 - 4:45pm,incomplete,N/A,PPS,Töölön Taisto,N/A,N/A,0.43,1.08,0.43,1.08,0,0,0,0,0,0,"","",-1,-1,-1,-1,-1,-1,-1,-1,-1,-1,-1,-1,-1,-1,-1,-1,-1,-1,-1,-1,0.96,1.30,0.00,0.00,4.32,67,100,85,67,33,63,74,67,93,9.30,-0.67,0.00,0.00,0.00,0.00,0.00,0.00,0.00,0.00,0.00,N/A
1789146000,Sep 11 2026 - 5:00pm,incomplete,N/A,ToTe / Tapio,Ponnistus,N/A,N/A,0.46,0.85,0.46,0.85,0,0,0,0,0,0,"","",-1,-1,-1,-1,-1,-1,-1,-1,-1,-1,-1,-1,-1,-1,-1,-1,-1,-1,-1,-1,1.00,1.00,0.00,0.00,4.19,77,85,77,66,35,50,93,62,81,7.20,-1.46,0.00,0.00,0.00,0.00,0.00,0.00,0.00,0.00,0.00,N/A
1789146900,Sep 11 2026 - 5:15pm,incomplete,N/A,SexyPöxyt,EIF II,N/A,N/A,1.79,2.43,1.79,2.43,0,0,0,0,0,0,"","",-1,-1,-1,-1,-1,-1,-1,-1,-1,-1,-1,-1,-1,-1,-1,-1,-1,-1,-1,-1,1.37,1.67,0.00,0.00,4.86,75,100,86,64,43,64,86,79,93,8.18,-1.21,0.00,0.00,0.00,0.00,0.00,0.00,0.00,0.00,0.00,N/A
1789218000,Sep 12 2026 - 1:00pm,incomplete,N/A,Gilla,NuPS,N/A,N/A,1.21,1.57,1.21,1.57,0,0,0,0,0,0,"","",-1,-1,-1,-1,-1,-1,-1,-1,-1,-1,-1,-1,-1,-1,-1,-1,-1,-1,-1,-1,1.64,1.60,0.00,0.00,3.75,72,97,61,43,32,54,82,50,82,9.66,-1.00,0.00,0.00,0.00,0.00,0.00,0.00,0.00,0.00,0.00,N/A
1789221600,Sep 12 2026 - 2:00pm,incomplete,N/A,RiPS,SibboV,N/A,N/A,1.69,2.08,1.69,2.08,0,0,0,0,0,0,"","",-1,-1,-1,-1,-1,-1,-1,-1,-1,-1,-1,-1,-1,-1,-1,-1,-1,-1,-1,-1,1.54,1.97,0.00,0.00,4.34,80,93,85,69,48,60,92,69,85,10.16,-1.04,0.00,0.00,0.00,0.00,0.00,0.00,0.00,0.00,0.00,N/A
1789222500,Sep 12 2026 - 2:15pm,incomplete,N/A,Kontu,TiPS,N/A,N/A,1.00,1.23,1.00,1.23,0,0,0,0,0,0,"","",-1,-1,-1,-1,-1,-1,-1,-1,-1,-1,-1,-1,-1,-1,-1,-1,-1,-1,-1,-1,1.33,1.39,0.00,0.00,4.53,78,90,71,67,56,64,82,75,86,8.84,-1.03,0.00,0.00,0.00,0.00,0.00,0.00,0.00,0.00,0.00,Talin jalkapallohalli
1789228800,Sep 12 2026 - 4:00pm,incomplete,N/A,Gnistan / Ogeli,Atlantis II,N/A,N/A,1.14,1.36,1.14,1.36,0,0,0,0,0,0,"","",-1,-1,-1,-1,-1,-1,-1,-1,-1,-1,-1,-1,-1,-1,-1,-1,-1,-1,-1,-1,1.53,1.53,0.00,0.00,3.90,75,90,68,57,29,29,90,64,86,8.70,-0.86,0.00,0.00,0.00,0.00,0.00,0.00,0.00,0.00,0.00,N/A
1789516800,Sep 16 2026 - 12:00am,incomplete,N/A,VJS II,Kontu,N/A,N/A,1.43,1.00,1.43,1.00,0,0,0,0,0,0,"","",-1,-1,-1,-1,-1,-1,-1,-1,-1,-1,-1,-1,-1,-1,-1,-1,-1,-1,-1,-1,1.85,1.33,0.00,0.00,4.71,75,86,75,61,47,57,90,61,83,11.16,-0.78,0.00,0.00,0.00,0.00,0.00,0.00,0.00,0.00,0.00,N/A
1789578900,Sep 16 2026 - 5:15pm,incomplete,N/A,GrIFK U23,LoPa,N/A,N/A,1.00,1.36,1.00,1.36,0,0,0,0,0,0,"","",-1,-1,-1,-1,-1,-1,-1,-1,-1,-1,-1,-1,-1,-1,-1,-1,-1,-1,-1,-1,1.66,1.44,0.00,0.00,3.46,64,93,75,43,25,54,86,64,90,8.75,-1.21,0.00,0.00,0.00,0.00,0.00,0.00,0.00,0.00,0.00,N/A
1789657200,Sep 17 2026 - 3:00pm,incomplete,N/A,Töölön Taisto,HPS II,N/A,N/A,1.08,1.07,1.08,1.07,0,0,0,0,0,0,"","",-1,-1,-1,-1,-1,-1,-1,-1,-1,-1,-1,-1,-1,-1,-1,-1,-1,-1,-1,-1,1.30,1.72,0.00,0.00,4.53,89,100,89,82,44,67,85,67,97,11.50,-0.81,0.00,0.00,0.00,0.00,0.00,0.00,0.00,0.00,0.00,N/A
1789660800,Sep 17 2026 - 4:00pm,incomplete,N/A,EIF II,Gilla,N/A,N/A,2.43,1.21,2.43,1.21,0,0,0,0,0,0,"","",-1,-1,-1,-1,-1,-1,-1,-1,-1,-1,-1,-1,-1,-1,-1,-1,-1,-1,-1,-1,1.67,1.64,0.00,0.00,4.83,82,100,83,64,43,68,93,68,86,10.19,-0.93,0.00,0.00,0.00,0.00,0.00,0.00,0.00,0.00,0.00,N/A
1789664400,Sep 17 2026 - 5:00pm,incomplete,N/A,PPJ / Ruoholahti,LePa,N/A,N/A,1.07,1.86,1.07,1.86,0,0,0,0,0,0,"","",-1,-1,-1,-1,-1,-1,-1,-1,-1,-1,-1,-1,-1,-1,-1,-1,-1,-1,-1,-1,1.29,1.39,0.00,0.00,3.93,68,90,75,57,33,47,75,75,83,8.41,-1.14,0.00,0.00,0.00,0.00,0.00,0.00,0.00,0.00,0.00,N/A
1789665300,Sep 17 2026 - 5:15pm,incomplete,N/A,HooGee,EsPa,N/A,N/A,0.71,2.43,0.71,2.43,0,0,0,0,0,0,"","",-1,-1,-1,-1,-1,-1,-1,-1,-1,-1,-1,-1,-1,-1,-1,-1,-1,-1,-1,-1,1.45,1.70,0.00,0.00,3.90,61,93,68,47,33,43,75,64,90,10.76,-1.07,0.00,0.00,0.00,0.00,0.00,0.00,0.00,0.00,0.00,N/A
1789743600,Sep 18 2026 - 3:00pm,incomplete,N/A,NuPS,SexyPöxyt,N/A,N/A,1.57,1.79,1.57,1.79,0,0,0,0,0,0,"","",-1,-1,-1,-1,-1,-1,-1,-1,-1,-1,-1,-1,-1,-1,-1,-1,-1,-1,-1,-1,1.60,1.37,0.00,0.00,3.79,65,97,65,43,32,50,75,61,90,7.65,-1.28,0.00,0.00,0.00,0.00,0.00,0.00,0.00,0.00,0.00,Kuoppanummi Nurmi
1789747200,Sep 18 2026 - 4:00pm,incomplete,N/A,LPS,ToTe,N/A,N/A,1.79,2.07,1.79,2.07,0,0,0,0,0,0,"","",-1,-1,-1,-1,-1,-1,-1,-1,-1,-1,-1,-1,-1,-1,-1,-1,-1,-1,-1,-1,1.29,1.57,0.00,0.00,4.22,72,93,75,57,36,50,83,61,83,9.17,-0.71,0.00,0.00,0.00,0.00,0.00,0.00,0.00,0.00,0.00,Hertta Areena
1789747200,Sep 18 2026 - 4:00pm,incomplete,N/A,MPS,EPS II,N/A,N/A,0.86,0.86,0.86,0.86,0,0,0,0,0,0,"","",-1,-1,-1,-1,-1,-1,-1,-1,-1,-1,-1,-1,-1,-1,-1,-1,-1,-1,-1,-1,1.17,1.30,0.00,0.00,3.54,47,79,57,47,36,54,83,47,72,8.37,-1.00,0.00,0.00,0.00,0.00,0.00,0.00,0.00,0.00,0.00,N/A
1789749000,Sep 18 2026 - 4:30pm,incomplete,N/A,Valtti,PPS,N/A,N/A,1.57,0.43,1.57,0.43,0,0,0,0,0,0,"","",-1,-1,-1,-1,-1,-1,-1,-1,-1,-1,-1,-1,-1,-1,-1,-1,-1,-1,-1,-1,1.38,0.96,0.00,0.00,4.40,64,97,82,54,40,61,79,64,86,9.61,-0.72,0.00,0.00,0.00,0.00,0.00,0.00,0.00,0.00,0.00,N/A
1789749000,Sep 18 2026 - 4:30pm,incomplete,N/A,Lahti II,Futura,N/A,N/A,1.69,2.67,1.69,2.67,0,0,0,0,0,0,"","",-1,-1,-1,-1,-1,-1,-1,-1,-1,-1,-1,-1,-1,-1,-1,-1,-1,-1,-1,-1,1.47,0.00,0.00,0.00,3.56,57,71,61,46,35,43,90,49,78,5.40,-1.77,0.00,0.00,0.00,0.00,0.00,0.00,0.00,0.00,0.00,N/A
1789750800,Sep 18 2026 - 5:00pm,incomplete,N/A,Atlantis II,ToTe / Tapio,N/A,N/A,1.36,0.46,1.36,0.46,0,0,0,0,0,0,"","",-1,-1,-1,-1,-1,-1,-1,-1,-1,-1,-1,-1,-1,-1,-1,-1,-1,-1,-1,-1,1.53,1.00,0.00,0.00,4.12,82,86,75,63,37,42,93,63,82,7.65,-0.96,0.00,0.00,0.00,0.00,0.00,0.00,0.00,0.00,0.00,N/A
1789750800,Sep 18 2026 - 5:00pm,incomplete,N/A,Ponnistus,Gnistan / Ogeli,N/A,N/A,0.85,1.14,0.85,1.14,0,0,0,0,0,0,"","",-1,-1,-1,-1,-1,-1,-1,-1,-1,-1,-1,-1,-1,-1,-1,-1,-1,-1,-1,-1,1.00,1.53,0.00,0.00,3.97,70,89,70,60,26,37,89,63,86,8.25,-1.36,0.00,0.00,0.00,0.00,0.00,0.00,0.00,0.00,0.00,N/A
1789750800,Sep 18 2026 - 5:00pm,incomplete,N/A,MK-United,RiPS,N/A,N/A,1.00,1.69,1.00,1.69,0,0,0,0,0,0,"","",-1,-1,-1,-1,-1,-1,-1,-1,-1,-1,-1,-1,-1,-1,-1,-1,-1,-1,-1,-1,1.34,1.54,0.00,0.00,3.78,76,87,83,56,36,44,94,65,76,10.66,-1.04,0.00,0.00,0.00,0.00,0.00,0.00,0.00,0.00,0.00,N/A
1789812000,Sep 19 2026 - 10:00am,incomplete,N/A,SibboV,TuPS,N/A,N/A,2.08,1.36,2.08,1.36,0,0,0,0,0,0,"","",-1,-1,-1,-1,-1,-1,-1,-1,-1,-1,-1,-1,-1,-1,-1,-1,-1,-1,-1,-1,1.97,1.92,0.00,0.00,4.23,63,82,78,63,43,54,85,63,82,11.45,-1.00,0.00,0.00,0.00,0.00,0.00,0.00,0.00,0.00,0.00,N/A
1789815600,Sep 19 2026 - 11:00am,incomplete,N/A,JäPS II,TiPS / 2,N/A,N/A,1.85,0.57,1.85,0.57,0,0,0,0,0,0,"","",-1,-1,-1,-1,-1,-1,-1,-1,-1,-1,-1,-1,-1,-1,-1,-1,-1,-1,-1,-1,1.80,1.29,0.00,0.00,3.78,71,89,78,67,37,48,89,56,82,12.77,-1.04,0.00,0.00,0.00,0.00,0.00,0.00,0.00,0.00,0.00,N/A
1789819200,Sep 19 2026 - 12:00pm,incomplete,N/A,MPS Atletico Malmi,Atlantis / PM,N/A,N/A,2.07,1.21,2.07,1.21,0,0,0,0,0,0,"","",-1,-1,-1,-1,-1,-1,-1,-1,-1,-1,-1,-1,-1,-1,-1,-1,-1,-1,-1,-1,1.44,1.59,0.00,0.00,4.97,90,100,97,72,50,68,93,79,97,9.63,-0.64,0.00,0.00,0.00,0.00,0.00,0.00,0.00,0.00,0.00,Pukinmäki liikuntapuisto
1789828200,Sep 19 2026 - 2:30pm,incomplete,N/A,TiPS,PPJ / Lauttasaari,N/A,N/A,1.23,1.86,1.23,1.86,0,0,0,0,0,0,"","",-1,-1,-1,-1,-1,-1,-1,-1,-1,-1,-1,-1,-1,-1,-1,-1,-1,-1,-1,-1,1.39,2.21,0.00,0.00,4.86,75,90,74,67,53,74,85,68,86,10.49,-0.82,0.00,0.00,0.00,0.00,0.00,0.00,0.00,0.00,0.00,Tikkurila urheilupuisto nurmi
1790121600,Sep 23 2026 - 12:00am,incomplete,N/A,PPJ / Lauttasaari,PPS,N/A,N/A,1.86,0.43,1.86,0.43,0,0,0,0,0,0,"","",-1,-1,-1,-1,-1,-1,-1,-1,-1,-1,-1,-1,-1,-1,-1,-1,-1,-1,-1,-1,2.21,0.96,0.00,0.00,4.83,61,90,82,61,43,68,82,57,83,10.96,-0.72,0.00,0.00,0.00,0.00,0.00,0.00,0.00,0.00,0.00,N/A
1790121600,Sep 23 2026 - 12:00am,incomplete,N/A,VJS II,Töölön Taisto,N/A,N/A,1.43,1.08,1.43,1.08,0,0,0,0,0,0,"","",-1,-1,-1,-1,-1,-1,-1,-1,-1,-1,-1,-1,-1,-1,-1,-1,-1,-1,-1,-1,1.85,1.30,0.00,0.00,4.53,78,97,82,67,33,63,85,63,93,11.15,-0.52,0.00,0.00,0.00,0.00,0.00,0.00,0.00,0.00,0.00,N/A
1790121600,Sep 23 2026 - 12:00am,incomplete,N/A,TuPS,Ponnistus,N/A,N/A,1.36,0.85,1.36,0.85,0,0,0,0,0,0,"","",-1,-1,-1,-1,-1,-1,-1,-1,-1,-1,-1,-1,-1,-1,-1,-1,-1,-1,-1,-1,1.92,1.00,0.00,0.00,3.93,56,71,67,56,34,44,86,53,78,9.84,-1.50,0.00,0.00,0.00,0.00,0.00,0.00,0.00,0.00,0.00,N/A
1790265600,Sep 24 2026 - 4:00pm,incomplete,N/A,EIF II,HooGee,N/A,N/A,2.43,0.71,2.43,0.71,0,0,0,0,0,0,"","",-1,-1,-1,-1,-1,-1,-1,-1,-1,-1,-1,-1,-1,-1,-1,-1,-1,-1,-1,-1,1.67,1.45,0.00,0.00,4.93,75,100,86,64,40,57,93,79,97,9.50,-1.00,0.00,0.00,0.00,0.00,0.00,0.00,0.00,0.00,0.00,N/A
1790271000,Sep 24 2026 - 5:30pm,incomplete,N/A,MPS,SexyPöxyt,N/A,N/A,0.86,1.79,0.86,1.79,0,0,0,0,0,0,"","",-1,-1,-1,-1,-1,-1,-1,-1,-1,-1,-1,-1,-1,-1,-1,-1,-1,-1,-1,-1,1.17,1.37,0.00,0.00,3.50,54,86,65,47,32,57,79,50,72,7.44,-1.28,0.00,0.00,0.00,0.00,0.00,0.00,0.00,0.00,0.00,N/A
1790348400,Sep 25 2026 - 3:00pm,incomplete,N/A,NuPS,PPJ / Ruoholahti,N/A,N/A,1.57,1.07,1.57,1.07,0,0,0,0,0,0,"","",-1,-1,-1,-1,-1,-1,-1,-1,-1,-1,-1,-1,-1,-1,-1,-1,-1,-1,-1,-1,1.60,1.29,0.00,0.00,3.64,57,90,61,40,25,43,68,61,86,8.91,-1.07,0.00,0.00,0.00,0.00,0.00,0.00,0.00,0.00,0.00,Kuoppanummi Nurmi
1790352900,Sep 25 2026 - 4:15pm,incomplete,N/A,EsPa,GrIFK U23,N/A,N/A,2.43,1.00,2.43,1.00,0,0,0,0,0,0,"","",-1,-1,-1,-1,-1,-1,-1,-1,-1,-1,-1,-1,-1,-1,-1,-1,-1,-1,-1,-1,1.70,1.66,0.00,0.00,3.50,57,93,68,40,25,50,75,61,90,11.95,-1.14,0.00,0.00,0.00,0.00,0.00,0.00,0.00,0.00,0.00,Matinkylän urheilupuisto
1790355600,Sep 25 2026 - 5:00pm,incomplete,N/A,ToTe,HPS II,N/A,N/A,2.07,1.07,2.07,1.07,0,0,0,0,0,0,"","",-1,-1,-1,-1,-1,-1,-1,-1,-1,-1,-1,-1,-1,-1,-1,-1,-1,-1,-1,-1,1.57,1.72,0.00,0.00,4.39,82,97,79,68,47,54,86,64,90,11.83,-0.64,0.00,0.00,0.00,0.00,0.00,0.00,0.00,0.00,0.00,N/A
1790355600,Sep 25 2026 - 5:00pm,incomplete,N/A,Kontu,LPS,N/A,N/A,1.00,1.79,1.00,1.79,0,0,0,0,0,0,"","",-1,-1,-1,-1,-1,-1,-1,-1,-1,-1,-1,-1,-1,-1,-1,-1,-1,-1,-1,-1,1.33,1.29,0.00,0.00,4.54,75,86,79,64,47,57,86,61,79,8.85,-1.14,0.00,0.00,0.00,0.00,0.00,0.00,0.00,0.00,0.00,Talin jalkapallohalli
1790355600,Sep 25 2026 - 5:00pm,incomplete,N/A,MK-United,ToTe / Tapio,N/A,N/A,1.00,0.46,1.00,0.46,0,0,0,0,0,0,"","",-1,-1,-1,-1,-1,-1,-1,-1,-1,-1,-1,-1,-1,-1,-1,-1,-1,-1,-1,-1,1.34,1.00,0.00,0.00,3.93,80,90,87,60,32,44,94,69,76,9.31,-0.96,0.00,0.00,0.00,0.00,0.00,0.00,0.00,0.00,0.00,N/A
1790355600,Sep 25 2026 - 5:00pm,incomplete,N/A,Atlantis II,JäPS II,N/A,N/A,1.36,1.85,1.36,1.85,0,0,0,0,0,0,"","",-1,-1,-1,-1,-1,-1,-1,-1,-1,-1,-1,-1,-1,-1,-1,-1,-1,-1,-1,-1,1.53,1.80,0.00,0.00,3.93,78,82,75,63,37,34,89,59,82,12.42,-1.04,0.00,0.00,0.00,0.00,0.00,0.00,0.00,0.00,0.00,N/A
1790416800,Sep 26 2026 - 10:00am,incomplete,N/A,SibboV,Lahti II,N/A,N/A,2.08,1.69,2.08,1.69,0,0,0,0,0,0,"","",-1,-1,-1,-1,-1,-1,-1,-1,-1,-1,-1,-1,-1,-1,-1,-1,-1,-1,-1,-1,1.97,1.47,0.00,0.00,3.80,69,85,73,57,37,48,88,61,81,10.76,-1.27,0.00,0.00,0.00,0.00,0.00,0.00,0.00,0.00,0.00,N/A
1790420400,Sep 26 2026 - 11:00am,incomplete,N/A,Gnistan / Ogeli,Futura,N/A,N/A,1.14,2.67,1.14,2.67,0,0,0,0,0,0,"","",-1,-1,-1,-1,-1,-1,-1,-1,-1,-1,-1,-1,-1,-1,-1,-1,-1,-1,-1,-1,1.53,0.00,0.00,0.00,4.03,66,87,69,55,34,42,90,62,87,4.50,-1.36,0.00,0.00,0.00,0.00,0.00,0.00,0.00,0.00,0.00,N/A
1790424000,Sep 26 2026 - 12:00pm,incomplete,N/A,RiPS,TiPS / 2,N/A,N/A,1.69,0.57,1.69,0.57,0,0,0,0,0,0,"","",-1,-1,-1,-1,-1,-1,-1,-1,-1,-1,-1,-1,-1,-1,-1,-1,-1,-1,-1,-1,1.54,1.29,0.00,0.00,3.82,71,89,74,63,41,56,93,56,82,9.35,-1.04,0.00,0.00,0.00,0.00,0.00,0.00,0.00,0.00,0.00,N/A
1790424000,Sep 26 2026 - 12:00pm,incomplete,N/A,MPS Atletico Malmi,Valtti,N/A,N/A,2.07,1.57,2.07,1.57,0,0,0,0,0,0,"","",-1,-1,-1,-1,-1,-1,-1,-1,-1,-1,-1,-1,-1,-1,-1,-1,-1,-1,-1,-1,1.44,1.38,0.00,0.00,3.93,75,97,82,50,29,57,86,68,90,10.31,-0.79,0.00,0.00,0.00,0.00,0.00,0.00,0.00,0.00,0.00,Pukinmäki liikuntapuisto
1790431200,Sep 26 2026 - 2:00pm,incomplete,N/A,TiPS,Atlantis / PM,N/A,N/A,1.23,1.21,1.23,1.21,0,0,0,0,0,0,"","",-1,-1,-1,-1,-1,-1,-1,-1,-1,-1,-1,-1,-1,-1,-1,-1,-1,-1,-1,-1,1.39,1.59,0.00,0.00,5.46,93,100,89,81,71,78,89,86,96,8.46,-0.67,0.00,0.00,0.00,0.00,0.00,0.00,0.00,0.00,0.00,Tikkurila urheilupuisto nurmi
1790514000,Sep 27 2026 - 1:00pm,incomplete,N/A,Gilla,LoPa,N/A,N/A,1.21,1.36,1.21,1.36,0,0,0,0,0,0,"","",-1,-1,-1,-1,-1,-1,-1,-1,-1,-1,-1,-1,-1,-1,-1,-1,-1,-1,-1,-1,1.64,1.44,0.00,0.00,3.75,75,93,72,50,36,57,86,57,79,8.25,-1.07,0.00,0.00,0.00,0.00,0.00,0.00,0.00,0.00,0.00,N/A
1790517600,Sep 27 2026 - 2:00pm,incomplete,N/A,EPS II,LePa,N/A,N/A,0.86,1.86,0.86,1.86,0,0,0,0,0,0,"","",-1,-1,-1,-1,-1,-1,-1,-1,-1,-1,-1,-1,-1,-1,-1,-1,-1,-1,-1,-1,1.30,1.39,0.00,0.00,4.11,68,90,71,61,43,50,86,72,86,8.08,-1.07,0.00,0.00,0.00,0.00,0.00,0.00,0.00,0.00,0.00,N/A
1790786700,Sep 30 2026 - 4:45pm,suspended,N/A,SibboV,JäPS II,N/A,N/A,2.08,1.85,2.08,1.85,0,0,0,0,0,0,"","",-1,-1,-1,-1,-1,-1,-1,-1,-1,-1,-1,-1,-1,-1,-1,-1,-1,-1,-1,-1,1.97,1.80,0.00,0.00,4.30,80,93,89,72,44,52,88,69,85,13.58,-1.04,2.30,4.40,2.30,0.00,1.25,0.00,0.00,0.00,0.00,N/A
1790960400,Oct 02 2026 - 5:00pm,incomplete,N/A,Valtti,VJS II,N/A,N/A,1.57,1.43,1.57,1.43,0,0,0,0,0,0,"","",-1,-1,-1,-1,-1,-1,-1,-1,-1,-1,-1,-1,-1,-1,-1,-1,-1,-1,-1,-1,1.38,1.85,0.00,0.00,4.61,75,93,79,54,40,61,90,61,86,11.46,-0.57,0.00,0.00,0.00,0.00,0.00,0.00,0.00,0.00,0.00,N/A
1790960400,Oct 02 2026 - 5:00pm,incomplete,N/A,Töölön Taisto,ToTe,N/A,N/A,1.08,2.07,1.08,2.07,0,0,0,0,0,0,"","",-1,-1,-1,-1,-1,-1,-1,-1,-1,-1,-1,-1,-1,-1,-1,-1,-1,-1,-1,-1,1.30,1.57,0.00,0.00,3.71,71,97,67,64,26,49,78,67,93,10.17,-0.45,0.00,0.00,0.00,0.00,0.00,0.00,0.00,0.00,0.00,N/A
1790960400,Oct 02 2026 - 5:00pm,incomplete,N/A,PPS,Kontu,N/A,N/A,0.43,1.00,0.43,1.00,0,0,0,0,0,0,"","",-1,-1,-1,-1,-1,-1,-1,-1,-1,-1,-1,-1,-1,-1,-1,-1,-1,-1,-1,-1,0.96,1.33,0.00,0.00,4.50,64,90,79,61,47,57,79,64,83,9.31,-0.93,0.00,0.00,0.00,0.00,0.00,0.00,0.00,0.00,0.00,N/A
1790960400,Oct 02 2026 - 5:00pm,incomplete,N/A,HPS II,MPS Atletico Malmi,N/A,N/A,1.07,2.07,1.07,2.07,0,0,0,0,0,0,"","",-1,-1,-1,-1,-1,-1,-1,-1,-1,-1,-1,-1,-1,-1,-1,-1,-1,-1,-1,-1,1.72,1.44,0.00,0.00,4.54,90,100,97,68,43,64,90,68,93,11.66,-0.93,0.00,0.00,0.00,0.00,0.00,0.00,0.00,0.00,0.00,N/A
1790960400,Oct 02 2026 - 5:00pm,incomplete,N/A,Atlantis / PM,PPJ / Lauttasaari,N/A,N/A,1.21,1.86,1.21,1.86,0,0,0,0,0,0,"","",-1,-1,-1,-1,-1,-1,-1,-1,-1,-1,-1,-1,-1,-1,-1,-1,-1,-1,-1,-1,1.59,2.21,0.00,0.00,5.47,82,90,86,79,61,75,97,68,90,11.13,-0.57,0.00,0.00,0.00,0.00,0.00,0.00,0.00,0.00,0.00,N/A
1790960400,Oct 02 2026 - 5:00pm,incomplete,N/A,LPS,TiPS,N/A,N/A,1.79,1.23,1.79,1.23,0,0,0,0,0,0,"","",-1,-1,-1,-1,-1,-1,-1,-1,-1,-1,-1,-1,-1,-1,-1,-1,-1,-1,-1,-1,1.29,1.39,0.00,0.00,4.86,82,97,85,67,53,71,82,71,86,7.83,-1.03,0.00,0.00,0.00,0.00,0.00,0.00,0.00,0.00,0.00,Hertta Areena
1791018000,Oct 03 2026 - 9:00am,incomplete,N/A,LoPa,SexyPöxyt,N/A,N/A,1.36,1.79,1.36,1.79,0,0,0,0,0,0,"","",-1,-1,-1,-1,-1,-1,-1,-1,-1,-1,-1,-1,-1,-1,-1,-1,-1,-1,-1,-1,1.44,1.37,0.00,0.00,3.79,68,93,75,50,36,54,79,68,86,6.24,-1.35,0.00,0.00,0.00,0.00,0.00,0.00,0.00,0.00,0.00,Harjun urheilukenttä
1791018000,Oct 03 2026 - 9:00am,incomplete,N/A,EIF II,MPS,N/A,N/A,2.43,0.86,2.43,0.86,0,0,0,0,0,0,"","",-1,-1,-1,-1,-1,-1,-1,-1,-1,-1,-1,-1,-1,-1,-1,-1,-1,-1,-1,-1,1.67,1.17,0.00,0.00,4.00,50,86,65,54,32,57,86,58,79,9.98,-1.07,0.00,0.00,0.00,0.00,0.00,0.00,0.00,0.00,0.00,N/A
1791032400,Oct 03 2026 - 1:00pm,incomplete,N/A,LePa,EsPa,N/A,N/A,1.86,2.43,1.86,2.43,0,0,0,0,0,0,"","",-1,-1,-1,-1,-1,-1,-1,-1,-1,-1,-1,-1,-1,-1,-1,-1,-1,-1,-1,-1,1.39,1.70,0.00,0.00,3.54,57,90,61,50,33,40,72,68,86,10.95,-1.21,0.00,0.00,0.00,0.00,0.00,0.00,0.00,0.00,0.00,N/A
1791032400,Oct 03 2026 - 1:00pm,incomplete,N/A,GrIFK U23,NuPS,N/A,N/A,1.00,1.57,1.00,1.57,0,0,0,0,0,0,"","",-1,-1,-1,-1,-1,-1,-1,-1,-1,-1,-1,-1,-1,-1,-1,-1,-1,-1,-1,-1,1.66,1.60,0.00,0.00,3.46,61,97,65,36,21,50,82,57,93,10.16,-1.14,0.00,0.00,0.00,0.00,0.00,0.00,0.00,0.00,0.00,N/A
1791032400,Oct 03 2026 - 1:00pm,incomplete,N/A,HooGee,Gilla,N/A,N/A,0.71,1.21,0.71,1.21,0,0,0,0,0,0,"","",-1,-1,-1,-1,-1,-1,-1,-1,-1,-1,-1,-1,-1,-1,-1,-1,-1,-1,-1,-1,1.45,1.64,0.00,0.00,4.40,86,100,83,57,40,61,93,61,82,8.97,-0.93,0.00,0.00,0.00,0.00,0.00,0.00,0.00,0.00,0.00,N/A
1791032400,Oct 03 2026 - 1:00pm,incomplete,N/A,PPJ / Ruoholahti,EPS II,N/A,N/A,1.07,0.86,1.07,0.86,0,0,0,0,0,0,"","",-1,-1,-1,-1,-1,-1,-1,-1,-1,-1,-1,-1,-1,-1,-1,-1,-1,-1,-1,-1,1.29,1.30,0.00,0.00,4.25,64,86,75,54,40,54,75,68,83,7.83,-0.93,0.00,0.00,0.00,0.00,0.00,0.00,0.00,0.00,0.00,N/A
1791115200,Oct 04 2026 - 12:00pm,incomplete,N/A,TiPS / 2,TuPS,N/A,N/A,0.57,1.36,0.57,1.36,0,0,0,0,0,0,"","",-1,-1,-1,-1,-1,-1,-1,-1,-1,-1,-1,-1,-1,-1,-1,-1,-1,-1,-1,-1,1.29,1.92,0.00,0.00,3.71,54,79,68,57,36,50,86,50,79,10.64,-1.00,0.00,0.00,0.00,0.00,0.00,0.00,0.00,0.00,0.00,N/A
1791118800,Oct 04 2026 - 1:00pm,incomplete,N/A,Ponnistus,MK-United,N/A,N/A,0.85,1.00,0.85,1.00,0,0,0,0,0,0,"","",-1,-1,-1,-1,-1,-1,-1,-1,-1,-1,-1,-1,-1,-1,-1,-1,-1,-1,-1,-1,1.00,1.34,0.00,0.00,3.89,72,83,79,56,28,32,87,69,80,9.61,-1.50,0.00,0.00,0.00,0.00,0.00,0.00,0.00,0.00,0.00,N/A
1791118800,Oct 04 2026 - 1:00pm,incomplete,N/A,Futura,Atlantis II,N/A,N/A,2.67,1.36,2.67,1.36,0,0,0,0,0,0,"","",-1,-1,-1,-1,-1,-1,-1,-1,-1,-1,-1,-1,-1,-1,-1,-1,-1,-1,-1,-1,0.00,1.53,0.00,0.00,4.14,70,76,66,55,42,34,87,62,87,4.20,-1.50,0.00,0.00,0.00,0.00,0.00,0.00,0.00,0.00,0.00,N/A
1791118800,Oct 04 2026 - 1:00pm,incomplete,N/A,ToTe / Tapio,RiPS,N/A,N/A,0.46,1.69,0.46,1.69,0,0,0,0,0,0,"","",-1,-1,-1,-1,-1,-1,-1,-1,-1,-1,-1,-1,-1,-1,-1,-1,-1,-1,-1,-1,1.00,1.54,0.00,0.00,4.08,81,89,81,66,42,62,100,58,77,8.25,-1.00,0.00,0.00,0.00,0.00,0.00,0.00,0.00,0.00,0.00,N/A
1791118800,Oct 04 2026 - 1:00pm,incomplete,N/A,Lahti II,Gnistan / Ogeli,N/A,N/A,1.69,1.14,1.69,1.14,0,0,0,0,0,0,"","",-1,-1,-1,-1,-1,-1,-1,-1,-1,-1,-1,-1,-1,-1,-1,-1,-1,-1,-1,-1,1.47,1.53,0.00,0.00,3.32,63,85,63,48,22,37,93,51,78,9.90,-1.13,0.00,0.00,0.00,0.00,0.00,0.00,0.00,0.00,0.00,N/A
1791118800,Oct 04 2026 - 1:00pm,incomplete,N/A,JäPS II,SibboV,N/A,N/A,1.85,2.08,1.85,2.08,0,0,0,0,0,0,"","",-1,-1,-1,-1,-1,-1,-1,-1,-1,-1,-1,-1,-1,-1,-1,-1,-1,-1,-1,-1,1.80,1.97,0.00,0.00,4.30,80,93,89,72,44,52,88,69,85,13.58,-1.04,0.00,0.00,0.00,0.00,0.00,0.00,0.00,0.00,0.00,N/A
